sma,jerk_variance,spectral_entropy,touch_density,app_switches,label
0.043058344110961544,0.00656857190479105,0.6191260681631833,0,0,0
0.3314928468444422,0.1531348700666573,1.065890975782196,4,1,2
3.2529205631922804,1.5984577096404702,1.2991343020872568,1,6,1
3.518790511307941,1.8606025101142234,2.066944171168153,1,2,1
0.034558980044044396,0.09150130078697083,0.5032638836690871,0,0,0
8.627448860107515,5.139893797980873,2.491283605469989,14,1,3
0.14591583030011565,0.053573894336209515,0.327081711049658,0,0,0
0.29935731878210514,0.1122392543983286,0.9176107523655571,7,0,2
3.9404944961633377,2.180953918180494,1.7540561229539702,1,3,1
3.6803386906638873,0.8858287800251099,1.174900249971572,1,4,1
4.922422955285821,2.128342615445739,1.483697747689005,2,2,1
4.769341992663939,4.364728786407608,1.6587596371006168,8,8,3
3.4299702231919555,1.4615915131864718,1.6609463181363988,0,1,1
0.0689576200874442,0.011008765644912662,0.7560502959355684,0,0,0
6.7604007525865,3.6831047641556247,1.387979320378629,7,2,3
0.09825057547515192,0.032433538456405224,0.5626434672453944,0,0,0
4.946697411478803,3.5112724670071684,1.2070051755831468,10,5,3
3.2835812883616287,1.6123104851636967,1.0135642126343336,1,3,1
0.08702266612080414,0.066895487515634,0.6086380711205838,0,0,0
3.9931956884898785,2.5024145747416187,2.3246347247730195,1,3,1
3.009127105106434,1.5026141410341523,1.9914843549409267,2,5,1
4.60067562010182,5.394548596770258,2.657006023309378,12,2,3
0.024212794250138406,0.016253113057785797,0.6228030209608135,0,0,0
3.2370123587430903,4.941860090066665,2.7085789958963145,10,6,3
6.926356144610651,5.328734605941503,0.3320206984347849,9,3,3
0.06715528605143022,0.05759279296771931,0.35661941760715854,0,0,0
2.648382759813292,2.0345017503685305,1.4469974721875272,0,3,1
0.2929140833359553,0.0347226686005772,1.0795908685112086,8,0,2
0.39385715398455845,0.06782557731755937,0.9094463663589943,2,0,2
0.20287477348558494,0.03820210487074219,0.43921761073843757,1,0,0
0.2360753866549614,0.08482871857576779,0.9067666491625033,2,0,2
4.0212299906445415,1.5292330398661282,1.7642420560452665,1,2,1
0.17480221557445916,0.012603673209356722,0.5037696573123923,1,0,0
0.11394970811119011,0.09615832501232222,0.3803334407715604,1,0,0
0.35165849695700946,0.09761235605874069,0.7844967868117252,4,0,2
5.905868090140128,4.157635418403078,2.008470890307646,7,6,3
0.37460579388855286,0.124730705096791,1.0808255151709554,5,0,2
0.12095095046830226,0.09084152080287489,0.36547903291913975,0,0,0
6.8453995541981705,1.9355908765657643,2.384097091094043,15,3,3
0.3362092737358238,0.03554873861845295,0.6033376535450318,4,0,2
0.2923172298988534,0.0641780052094859,0.7406194838658686,8,0,2
0.3453514849097373,0.055653098993573236,0.5558530865888748,3,0,2
0.31905089822876265,0.10926572580444098,0.46966928716017553,6,0,2
3.4879281404425004,2.098624775326667,1.7703611637724868,12,3,3
0.19867356914087278,0.08132201596011585,1.1408649031521263,6,0,2
3.393111149508841,2.70516004658505,1.8534099366554657,9,4,3
3.078517002833637,1.6946186721341314,1.21541342963731,1,2,1
0.10600156633591307,0.09135812676327104,0.34934659698096004,0,0,0
0.2769400087957865,0.0,1.1381941886303086,5,0,2
4.877974333925414,2.6729375015888586,1.458664241642316,4,3,1
7.079068727338889,4.127065848050038,2.3778364684189306,8,5,3
3.783911058736381,1.2396392351829402,1.85120363661195,1,0,1
3.682914563620256,2.1791670355984607,1.2774538074894726,1,3,1
5.453189283974505,2.3551673452992823,2.642066723941455,11,3,3
4.415402970484937,1.692788237776079,0.9252392921074655,4,8,1
0.020940464898393324,0.046061563840062214,0.46243663392826595,0,0,0
0.09811826487875759,0.06471243994491493,0.5394579985484219,0,0,0
0.0987486520627428,0.030122746503302936,0.48149023505787814,0,0,0
5.8468367446468035,4.2084356537378484,2.245711117582476,10,4,3
0.2420478908800328,0.013351339355842054,0.7167254965327502,7,0,2
0.07120908796776601,0.05540114716782844,0.5124752099663934,0,0,0
3.2194282934014473,2.899869145863549,1.0926530378803674,1,3,1
0.3945118900472334,0.06651575331114698,1.041589113950459,12,0,2
0.36941359433717647,0.0,0.7774969687973415,5,0,2
3.7274050789916204,2.704522983206045,1.4988262472114764,3,5,1
7.062877687909321,3.9181532473305567,1.4914617203098295,6,2,3
0.22467600098977417,0.07982951893431649,0.632072707568847,1,0,2
5.658942349776467,4.327998668616476,2.803418023886285,21,3,3
2.7287305833225193,1.5014698363183687,1.2112503495242033,4,3,1
4.509207783301197,3.466562089983516,1.7250248362451355,8,5,3
2.986872753635717,1.1888396933531173,0.9323745223245223,0,1,1
6.1175896772425915,2.8937491462685783,1.8855731402980749,12,6,3
0.10339277552637018,0.03529597930473507,0.4408981544266568,0,0,0
0.23068845731703824,0.05317844016293283,0.9179275817552273,5,4,2
0.06499395925304134,0.05836411511775945,0.5081988813824719,0,0,0
4.5509064663315515,3.128162232223217,2.791424291314171,10,4,3
0.21485281212466326,0.04608873872014723,0.944737645410514,6,1,2
1.8868932681682322,3.857879836201937,2.3808915637202173,17,6,3
0.18596889531036484,0.06774159552892574,0.5295511691590339,0,0,0
0.16392259313036495,0.048023095975213884,0.606014381867127,0,0,0
4.10950989621244,2.1265918478496495,1.6246990117615818,1,1,1
4.310913772615696,2.363435261872468,1.1628296625231347,3,4,1
7.2784887590467005,5.7952516344591825,1.1622946856113545,7,3,3
5.438425323721038,5.473339807920597,1.8530540211965112,4,7,3
3.0402586049369607,2.3412446046303184,1.5767352756979096,1,1,1
0.13794846102466338,0.007999469846967519,0.5504287853384272,0,0,0
3.238219277657293,2.423964376677641,1.3143049647341631,1,6,1
0.14620135096034506,0.042553618941241544,0.4895032292436376,0,0,0
5.958166234328065,2.781086130490557,2.0636290740465366,10,2,3
0.43224586416082766,0.1121938149335162,0.6223371916474268,5,0,2
0.09748809452754316,0.0765159329508438,0.5728518643514536,0,0,0
4.398726774013644,1.0678650813717638,0.8469660897084456,0,3,1
0.21052615007956757,0.003677122740622471,0.4368348475486356,1,0,0
0.06490041560966223,0.03950865972465899,0.4600534509527147,1,0,0
0.10802869905249324,0.03771353711807411,0.407411009610885,0,0,0
0.1340976485647482,0.059641334546707725,0.34899587880147476,0,0,0
0.21467740192424234,0.12571582172664136,0.6383107140539119,5,1,2
0.12183692758667548,0.024600028052122483,0.698363365243602,0,0,0
5.496667744039314,4.368628143695086,2.1172948495980144,4,0,3
0.3725789264832387,0.07485845530906861,0.7875039337995048,7,1,2
3.1187627127271265,2.0658750548736458,1.8055873530101434,2,1,1
0.08039459234339212,0.0669686176441057,0.48848903060767607,0,0,0
0.17887818016999363,0.14337138456734805,0.6219417224839595,4,0,2
2.794683276084152,2.3729282590492886,1.8936623980804597,0,1,1
2.7397155613784063,1.561322132422553,1.3500112508374094,2,3,1
0.3112567255270782,0.08858172036791845,0.6680944650730403,8,0,2
0.321706958064803,0.15784259811134554,0.6530095454456479,6,0,2
4.263668149718995,2.091727113236116,1.5921928061209014,3,3,1
0.16288060038334096,0.12034478786481502,0.5876998024730655,5,0,2
0.3675081840812194,0.05042182199766422,1.0085297051874396,1,1,2
2.793298097348009,4.425076080563471,2.3323384793367996,10,4,3
0.3744960810949405,0.10599741585819443,0.7826299707497041,5,2,2
2.7776525953849704,2.163796365571479,2.0825238366155108,2,2,1
0.29407682484579956,0.09153733570861931,0.7817350023887062,3,0,2
0.39831371013056566,0.042642231126058354,0.9664109756055079,4,0,2
6.294764749198851,3.6933010282876517,1.903747377485722,6,6,3
3.4254073229919237,1.6267183238650444,1.2097030715134436,0,0,1
0.17506668259777436,0.021863699810049236,0.5306450862963341,0,0,0
3.8353172563973077,1.3479984110816812,1.455848505645469,1,4,1
2.7134239130757423,5.942143434476767,2.4196876426464824,9,4,3
0.2947018460103298,0.06108530093710676,0.8206537008760163,8,0,2
0.3416148180519291,0.10029120289616385,0.6495007934938768,4,1,2
0.06582025561309116,0.15988396122667548,0.49680860926194714,5,0,2
0.11118939758194493,0.030709244101796176,0.5380778071365052,0,0,0
0.40930998828254234,0.0,0.5895983684421905,7,1,2
0.13109049811085982,0.031674517988725504,0.5308009902217341,0,0,0
6.078493138437699,3.8280487858444685,1.6251519928272373,8,1,3
0.13226879747925738,0.05183504968896746,0.4822404005241261,0,0,0
4.2817352080662,4.516543192270216,1.6324906521285247,7,4,3
4.067972497742984,4.340532657256883,3.6263439003627482,6,8,3
0.08181938938930722,0.03529393078636096,0.5555941451645843,0,0,0
0.4256725201843361,0.05584563724945032,0.30943452906240526,4,0,2
0.02890946666290782,0.07650864218190156,0.4917746300328547,0,0,0
0.12159612723369703,0.05002651377468815,0.49420494582372826,1,0,0
0.09696695930926896,0.022687651916197014,0.4093097125277939,0,0,0
5.161266115927746,3.9087713538171633,1.8291551838056326,7,4,3
7.98152717748627,5.680968209972512,1.9008035738825229,10,0,3
8.581642741021295,4.951349010898195,1.6635973217080673,2,5,3
5.595717185720181,3.767190310685959,1.7457939997275522,3,2,3
0.38230113569242724,0.09129161673595068,0.8563664968109643,9,1,2
0.31109150976333844,0.07341872059113733,0.7093999094643237,5,2,2
2.3218203126657233,2.215423002584873,1.763792187812693,2,1,1
0.07411943504819143,0.04440379315245988,0.3382199386184663,1,0,0
0.23807238307132095,0.10631092338100531,0.9830636630848755,6,0,2
6.9626762329081,3.4879833959465443,1.710805894434251,8,5,3
3.6131456237444755,5.602554960270294,1.5068801238135465,13,4,3
3.119951485634052,3.248951990717729,1.3142472577287299,10,4,3
8.26949849988285,3.0739264276552145,2.5981829388155435,11,6,3
0.2249715046781347,0.10712498738930011,0.5932297380089049,7,0,2
0.4846396505412499,0.03142904003778697,0.6432029353478851,6,0,2
4.9286790934586815,2.155718017234376,0.6243931499149282,6,5,3
4.883135646778152,2.436045097766892,1.8703370936294073,2,2,1
4.557503362088603,3.6886464750282912,1.3828539065897734,6,0,3
5.006147240774947,2.2526945058660686,0.8528889824329949,5,1,1
4.607940516858036,3.5861454305125187,1.9503887390590997,9,4,3
4.44563342756763,1.7213593451927234,1.000893006541085,3,2,1
2.663805149295829,1.7974944642746513,1.1823425973426016,0,0,1
0.21839908347919823,0.1804095753145012,0.9358905344303619,3,0,2
3.163455078790889,1.6281500415474084,1.340162036075866,1,1,1
0.343277677836605,0.0590495941770453,1.0582424918083133,5,0,2
1.8631981356892084,2.3433877445238323,1.72439861958816,1,0,1
0.3783741480163779,0.0,1.0229583009922956,5,0,2
5.3374527245897605,3.571719388007906,2.269736284437785,6,3,3
0.20066454815666238,0.08628443449875817,0.9318597973566487,7,1,2
0.22287602007506002,0.10357059269576566,0.8932666590827222,1,0,2
0.08391824743913087,0.08840735004288522,0.6221294945685149,0,0,0
4.970526827513962,3.0862711049853915,0.6117148021960754,6,5,3
0.37531566108861997,0.16318217951843306,0.666426578189124,7,0,2
0.029624415264108944,0.029955659621465507,0.3681031501697489,0,0,0
2.9583792366908126,2.1960222519342527,1.3838747266575182,2,2,1
5.262473164869612,2.0935344689882998,1.5715674211918642,3,5,1
4.312521600847849,5.294306841586699,2.5498774743795254,9,3,3
7.10996725265232,3.7456877442491736,2.289648339348468,10,7,3
2.706865336386063,1.7932343705953349,2.10327091062403,0,4,1
6.252005503026993,4.536753642022405,2.1150979007666284,11,3,3
2.3605717223703016,4.251630972721319,1.194114532161124,4,6,3
4.118860330144635,1.211385181933939,1.209979641036989,2,6,1
0.18472658488603594,0.11740087619063425,0.8594433385774615,4,0,2
0.2482783251290897,0.17860631682360725,0.8712455092672624,5,0,2
0.30444968357120367,0.06416176736422195,0.707988285134794,5,0,2
5.175636293845562,1.6365025871414716,1.2078098867252698,0,1,1
0.03998517964721119,0.0,0.5972056965739722,1,0,0
0.05158277725681824,0.04696571132845542,0.6278575167939374,2,0,0
3.3464993044302163,1.8564588984424955,1.552310276330491,2,3,1
4.4937402628679575,1.9443227988072445,1.6098982450623232,0,2,1
7.839658900527194,2.829299145838311,3.025358017514284,8,3,3
4.050565581925528,4.901468378771247,2.4087283167932103,7,3,3
0.10105019208163796,0.06628303524236534,0.47396909587285624,0,0,0
0.11252464251729383,0.03184487639706159,0.7275825427647638,0,0,0
5.177239592974457,2.314542704507,1.2388071627100001,1,2,1
5.471643863962017,5.023419591377692,1.4160576419824988,12,2,3
0.1584794996213887,0.05610486253062706,0.4989534870947271,0,0,0
0.18372462166737688,0.04971802068186657,0.5244957093172004,1,0,0
4.261275338468817,4.544583888314168,1.8983300274800086,9,3,3
0.22231884709957653,0.0070615221773996095,0.6716664907506195,4,1,2
4.371724424184136,1.615872339804115,1.0805705955954374,3,2,1
4.774653124038341,2.3438819242808844,1.5924385009609514,1,2,1
0.44391165341989663,0.038156188108297295,0.7254206721186827,3,0,2
5.3342048158556,2.689905063436979,1.942622917446472,9,5,3
3.457175620924481,2.213838385504965,1.572323692921744,2,1,1
2.374903672976971,1.788899657597628,1.6096295528474127,2,4,1
4.118407215744135,2.4746286509264546,1.157255430564473,0,3,1
2.8994933645860366,2.544689918077304,1.6438062776455507,0,1,1
0.2936264279433348,0.11895235156782202,0.7450207242395762,4,0,2
5.519430557824119,3.275778041618593,1.6197976329337855,5,7,3
0.03895781750144889,0.044098201715241876,0.7394361900582451,0,0,0
0.16594457054593348,0.13068829969035692,0.8707593015983979,6,5,2
0.3889190169354164,0.08676416158863691,0.8894988672514497,4,1,2
6.172063405321605,5.4384730953726015,2.1361859155649663,8,4,3
0.2689543537117934,0.0,0.6062548890027261,3,0,2
0.27295831065379267,0.13629083790904695,0.5407901520787262,7,0,2
0.43309509358228215,0.1178283438788099,0.945206633085576,6,0,2
3.885446719341212,3.8290819460115166,1.7909120727115257,7,4,3
2.375834015238066,1.2957842548158196,2.0819074328185154,1,1,1
3.90754692524262,3.2273285082993888,3.6047643456801906,13,2,3
0.11502371798054142,0.05392481881333441,0.6677115870186872,0,0,0
3.964320560826665,1.6899885254616442,1.7648774416760256,3,2,1
5.083970902525935,3.5060149974744657,1.9272310647217892,5,3,3
0.06736880103488047,0.028787898672067984,0.28462694262085386,0,0,0
4.354903922636402,1.5839647661336016,1.4055118762635765,3,1,1
0.24942851384400255,0.13865266530229892,0.6138793936677513,8,0,2
0.13909114358886554,0.034304761837445935,0.5123479809164594,0,0,0
7.124182782015287,1.973784515536376,2.1976166344612937,9,10,3
2.039697564790777,2.3245466921937505,1.644878983553276,0,1,1
0.2549691006515237,0.18042771183693282,0.6299661822935969,3,1,2
0.3662753457754214,0.09718419175267615,0.5152172318705914,3,1,2
5.115413806252541,4.802441194017797,1.0998783560873042,6,4,3
0.10202958456019412,0.05615225336378393,0.6582116751303567,0,0,0
0.32130043158716887,0.16778343291136444,0.6973975582133164,5,0,2
0.11301402532914431,0.06935652048050409,0.5397046669882399,0,0,0
0.04149434869703203,0.03950675185866394,0.7779963624223556,0,0,0
0.35122753415777297,0.1278007857129023,1.0776644409175775,2,0,2
5.30629273455453,5.250858228007067,1.6890725687581587,9,1,3
0.29969575125671927,0.1550463960833091,0.8777272128124531,3,1,2
1.9292555754050484,4.038943916566476,2.2235003088149883,6,8,3
0.49443303158147733,0.04387053620194462,0.7934966315216043,2,0,2
3.2841692445638455,1.9638536701427571,2.1026728257288383,3,3,1
5.962043485696384,3.7972487099594256,1.3300366718365928,9,2,3
0.13291872385747305,0.08067125618354767,0.7739461649425663,8,1,2
4.571561495902755,3.3612272956378226,1.797495967453835,8,4,3
3.738498925673054,1.883461403974589,1.5114253517158478,3,0,1
0.0522096490899388,0.15882758166640348,0.8177120262206966,4,0,2
6.072752389244474,1.0941800764408063,1.3777018264302194,2,4,1
0.0998312771294524,0.059452606916868114,0.3629973372635571,0,0,0
2.5347859232494523,2.0478037720562887,1.4164005685726238,3,3,1
2.9661553561850815,2.495926850253929,1.498061521776288,2,2,1
0.2994207110764775,0.13952664150888888,0.8256652168116804,6,0,2
0.19505953428765038,0.04152802836543646,0.4051047172231322,0,0,0
0.2190445484202308,0.029346193644867957,0.9808941325914673,6,1,2
0.1305838144420434,0.05779228354741808,0.4728685021931702,0,0,0
3.8838671173176778,4.2820392966004395,2.2639453296117513,11,3,3
3.516442206773708,4.15424273563819,2.312186231041782,5,3,3
3.0182829490644743,2.2629720903124,1.2870242601143806,2,1,1
0.15162326302755735,0.046983245768666096,0.3517015568017582,0,0,0
4.076767294504611,4.467670622582004,1.4924182853717287,9,5,3
3.064289167615263,2.2934009253678274,1.1559650704120352,1,2,1
2.761261274695072,2.0734961421442777,1.0668844891214837,3,5,1
3.2994288193442314,2.178238552334746,1.6896454889072319,1,2,1
0.05003488838525447,0.044052478415137875,0.3746493987628238,0,0,0
3.955031382554721,2.7003771307795352,2.254762571849673,8,4,3
5.730917821771229,3.5521019697474334,2.0915277597103246,10,4,3
0.5384644978371872,0.0735194304873766,0.9391147026831401,9,0,2
6.62271365304237,4.01528091323631,2.9782242974336324,3,1,3
2.9361516681401403,1.692343058963146,1.6307838971698012,0,4,1
0.30832130362721144,0.14284926739169945,0.6223147401850402,7,0,2
2.5341732291040358,2.9083966183311865,1.8801820938955145,1,2,1
5.452944553999506,1.8644424258190453,1.2265717687386108,5,4,1
2.895970114525229,2.7461322547375295,1.345672254521477,0,3,1
6.550556629864564,3.2511854047813564,3.094666541057995,6,5,3
0.357650995275608,0.07207351386494328,0.40888413555654624,4,0,2
2.124914766832915,1.9539170945892617,1.6103458705331595,2,4,1
5.625949497698701,1.4746137519576976,1.6610342190102174,5,2,3
0.15999407367757548,0.12293617712053148,0.7418211110553063,4,0,2
0.12910045878880172,0.1058608628036469,0.8327907780422926,6,0,2
0.11807517626030509,0.037088558559292106,0.3823355056099947,0,0,0
2.395548172145004,1.7826325159379044,1.4396736193198896,3,1,1
4.565967769446412,1.36613746666891,1.9036830528594226,11,2,3
7.355898073553172,2.6921046460245206,2.424319872091653,8,3,3
5.985485370356299,3.8537219426428226,2.2545623521793687,6,4,3
0.1690045677073726,0.04928348842587074,0.4138950327834424,0,0,0
4.335333435364835,1.4316534405395924,1.8881800569317142,3,1,1
2.277249721261825,1.5560185316991892,1.6056034773272594,1,4,1
5.7689916116594535,2.230614130749399,1.3563923433182428,2,2,1
0.09664108549753224,0.06579839444361704,0.39366455001696815,0,0,0
4.038211605492258,2.0773242716183127,1.2181171448706452,1,4,1
0.22619815601174992,0.08243599165749967,0.9183967497223561,5,2,2
1.7234750813290836,4.270520028266276,2.3272435951061268,6,6,3
3.3691816342334278,2.645821987763461,1.9021072102892647,7,4,3
5.5218093858490915,4.168536721709961,1.6019349822047402,5,1,3
0.20735061571239782,0.11463800104574215,0.6913212540350655,3,1,2
0.09508301866026252,0.0469951402240348,0.3789839056585842,0,0,0
0.34631529635379704,0.08826195355671702,0.826972676041385,6,0,2
0.1474777067720662,0.08217561711468747,0.503175945658145,0,0,0
4.101499169546921,4.2952004588421815,2.3861358754939594,7,3,3
0.3225613467458554,0.061164933695013274,0.6622989533858452,6,1,2
3.5770786113814936,2.0803427490628263,1.1715923867917886,2,0,1
2.000141060719579,2.174586259906003,1.785105551109973,5,2,3
1.974814563337802,2.3916923620771198,1.4208515308798102,2,3,1
6.435168822498617,3.7635545925631315,1.4788352551052015,2,5,3
0.2664286043611607,0.0377465873008076,0.7681495386372368,5,1,2
2.1054715621345235,1.4732654829633616,1.5239570507307911,1,2,1
0.10488380492744159,0.060696346726918204,0.4511113880956309,0,0,0
0.31379021161097687,0.1453881998984627,0.7939056985151682,9,0,2
0.11386884689790959,0.07148666009540489,0.3374507729800167,0,0,0
0.06937813126797811,0.05946076564320431,0.5385970092568876,0,0,0
4.015373103954281,4.358981839967531,1.4895063615125586,6,4,3
0.2912271883701378,0.11664613623014855,0.7793385966667005,5,0,2
0.23323012398511134,0.09054968139258084,0.6312070418745614,5,0,2
0.0889373188207114,0.026412617567347658,0.6352800534896725,0,0,0
3.8070030600053615,1.7380784148433024,1.8698185026204852,1,2,1
2.5288101308620083,1.6941160689036403,1.3981992466751818,1,1,1
3.3925551182057507,2.397617124628591,1.4230933071440561,1,6,1
0.0972115461171147,0.04955442041632574,0.4668647700912151,0,0,0
0.19823625664581948,0.03350971676944653,0.4963410025657069,0,0,0
4.02051249662828,1.7619911262005283,0.9475303150546319,0,2,1
0.11878490091728361,0.062137011864313425,0.45597407956135994,2,0,0
3.5837514548120137,2.0036107428917074,1.5736107356923505,12,5,3
1.3903760157935334,5.527312540140311,2.7892562695363727,8,4,3
6.487840030139429,4.724176034055638,2.174865954217749,8,1,3
5.464604130372784,5.672580678432801,2.486248882223594,8,4,3
0.053788342786584786,0.08219041331551946,0.5314338683131431,0,0,0
0.12504585938121904,0.019613078490463155,0.5504581814477391,0,0,0
0.24198825371539873,0.0732688952351944,0.5635198330194529,3,1,2
4.617933822727152,2.8061557639517742,1.2059058762148207,3,3,1
3.933063946741319,1.6819007793989358,1.6721303283433753,1,4,1
5.765833064860174,3.4506474536267935,1.6308787112306349,9,2,3
0.2967627213615455,0.03577172749609668,0.814193163118909,5,0,2
0.25351996706839064,0.1333696577335406,0.7055820955141313,17,0,2
0.28932202413460345,0.12652853202384867,0.6138343581122048,5,0,2
3.2846117111399233,1.4399574337372327,1.0063463264623962,0,0,1
0.22848704285407312,0.10767151932573259,1.12506806242502,1,0,2
0.11153504528593418,0.06246814276559831,0.5660459952351551,0,0,0
3.3851867211569227,3.582827379804224,2.427660161813945,3,6,3
4.732204237413911,2.2783589883167092,1.5192146535053106,3,2,1
0.28827036277701007,0.11182477488241277,0.6890930795340738,6,0,2
0.21110029916177953,0.13970464911120212,0.5232582657873093,7,2,2
3.6522693758075,2.440873200380006,1.5702582454494616,2,2,1
4.203409082291891,4.905221030362718,2.217820813131637,3,6,3
0.09343715164538477,0.04960252729263377,0.6992036635959309,0,0,0
3.092984108193229,1.6710507557126295,1.1472796659999116,1,3,1
5.655756395294263,4.363104522140014,2.1536082939269305,10,6,3
4.03080158367273,2.260397152846376,1.4029052865872518,4,2,1
7.317349657186501,3.7004789128089457,1.6327815467207107,7,5,3
6.7944005598386354,3.8847275132248074,2.110263952925528,3,7,3
0.08214853995966953,0.06239477569405738,0.6395434082199185,1,0,0
0.12536090797850644,0.14860935349090465,0.9449651121170819,4,0,2
0.08153614303768984,0.06741493289176807,0.5306134553102755,0,0,0
2.9133054112381274,1.5117872301342008,2.0099228226595924,0,4,1
0.23124775775042392,0.06050255715501027,1.0021201705767138,4,1,2
7.73061597410039,3.8081288396753425,1.5792922753101273,6,3,3
0.4859647493603614,0.15463688133715384,0.6070112747950764,7,0,2
8.269583553572811,3.6005460521984745,1.7102682902671904,8,3,3
5.375229513171183,4.898116150669673,2.5535553969212303,9,1,3
0.31626730715603957,0.08083926856488274,0.4614265351598075,4,1,2
2.976295717110475,0.8145573133467809,1.2952379861539363,2,2,1
3.0033489478717534,1.6184468232772622,1.2588526055271765,2,2,1
2.6202826386154436,2.8413237970066487,1.3642727205572875,2,3,1
4.001129276064576,1.855670919660385,1.4398665051968325,1,1,1
0.3761628464146387,0.058954923657195346,0.22247722997077612,9,1,2
0.09761443219290102,0.04871631677422362,0.5392913510548216,0,0,0
3.0308692838725375,2.5590842741869873,1.406360589737614,0,2,1
0.14248010485105123,0.03146603382305378,0.40817878334902086,0,0,0
0.08624741514241781,0.011754900491604464,0.6515444808352248,1,0,0
0.2398212491139385,0.03661616115371699,0.9918347250190649,5,0,2
3.607525000430799,2.166529217533524,1.4762633332846473,0,1,1
3.6143087530592477,2.913323539655969,0.94154599180224,1,3,1
0.1308502974788349,0.10098019417435444,0.5126459219060691,0,0,0
0.4518020034046745,0.0,0.8652041613255189,7,0,2
0.17555774651236739,0.04487438351496855,0.42629706388473027,0,0,0
2.7335228071811866,7.045918952584575,2.0396650474022793,8,2,3
3.934068487183177,1.974302536403738,1.6064318605884025,1,5,1
3.1474069029355927,2.048433016237938,1.2627979080232217,1,1,1
3.301330866177097,2.1565715115667663,1.6584809816745316,2,3,1
4.1314186062724065,1.6018549055039548,1.1025416088449282,0,1,1
0.18036727880099965,0.023344452050407007,0.47188359575354427,0,0,0
4.894072615101008,4.23630278284922,0.772250410552844,12,11,3
5.641787163932347,3.0167121704731974,1.6961986611594695,4,5,3
3.718402687146675,2.36045681527355,2.319074169584404,10,3,3
0.13164659088777556,0.030405575505663866,0.4368562972516817,0,0,0
3.596176512918513,3.6590631816577877,1.82752325383462,11,1,3
3.6485479035926387,1.2465388504309933,2.0390260396279474,2,2,1
4.761003127732026,3.7533940779285047,1.6790777509047778,5,3,3
4.006915720136311,1.980869358767922,1.26726420320622,3,2,1
4.216075392207322,3.9801783137723583,1.800668914321241,11,3,3
4.446618308330437,1.7494114315234826,1.238221642078154,0,5,1
0.4127936159993822,0.1159331546087853,0.982842600196661,2,1,2
0.1346739455956997,0.03876315801296602,0.40995515386219733,0,0,0
0.40018571940538017,0.04394589710333074,0.9555674328011712,8,1,2
0.1644366514987117,0.09346474405983925,0.4732095816716462,2,2,2
0.3055212353600386,0.12781354293169458,0.8210293968049128,5,2,2
0.0669106767615806,0.08108320841429549,0.5179914369546417,0,0,0
0.08815906966299956,0.06770462965977983,0.44929913407299443,0,0,0
0.18382186561376415,0.0840502931625921,0.44669095979841666,0,0,0
0.1286028720857072,0.04102914326944278,0.46734641474654287,1,0,0
0.43035636343644335,0.12185108105714847,0.647912052305163,2,0,2
0.04775954029894833,0.04474680959367665,0.4449412932999293,0,0,0
3.901118193696908,3.3270104846989215,1.714153239386205,8,3,3
0.13045690604535887,0.04004858323229586,0.5741822294390126,0,0,0
5.242009648621004,5.508408405001482,1.6699450849137887,6,3,3
0.3319267520795661,0.12354439078770094,0.8820844549810136,4,0,2
5.648706293937051,2.3092311961941094,1.2493196277936764,0,6,1
0.16668044312084027,0.09646097250497902,0.7017570750348506,6,0,2
2.8537576758534056,2.7521064503426147,1.797037436067845,1,3,1
0.1700799296473215,0.011012564893551534,0.394119985175218,0,0,0
0.11608489030980068,0.029682423460200436,0.44142072765513096,0,0,0
0.04987353176810956,0.03973607270973208,0.5894910556026826,0,0,0
3.633565415535978,2.576584849227422,1.7495199415044531,0,3,1
0.40339758172966206,0.05671306358015285,0.4595551877809971,4,1,2
3.818045655306151,3.0568997708859533,1.491889632980056,3,4,3
0.07187666120528663,0.03254077819092599,0.4835758014967968,1,0,0
0.26498270753165254,0.21234365591882745,0.7557354130956859,4,2,2
3.584972962635827,1.7051203796664323,1.5782118485913825,1,2,1
0.19476279775640515,0.2267692505841008,0.752491297806085,5,1,2
6.198175055385253,3.4288923393806527,1.6353583098036544,7,3,3
5.3136731089706615,4.695576353400086,2.594753469798288,10,7,3
0.07279429989429037,0.05135677027833876,0.40206997697173646,0,0,0
3.5415418405638945,1.9705368227384743,1.7838731014845943,2,0,1
4.225418827157766,1.8100460167297114,1.557906639815383,0,3,1
0.23886199790263052,0.06380912361752787,0.6366437043478894,7,0,2
4.592959110896668,1.0781235206036852,1.3164513549780292,1,3,1
8.563831538115986,5.533609692506332,0.5769028841822528,13,3,3
6.208407173188402,3.7388109606814357,1.6376981312371348,10,6,3
4.683201681820543,5.161458936957513,1.9095795542351628,9,3,3
0.13201007585112878,0.12797734671511876,1.027315340828826,4,0,2
4.05012848121788,2.497207210045119,1.330334171279273,2,3,1
4.584477524857288,2.3589231144981335,1.6028560397344944,2,1,1
3.275272694962811,3.5777685826673733,1.8702933489586777,8,3,3
0.10475367467066932,0.21459796634679895,0.7363321621877776,3,1,2
0.40230098842164375,0.1291840999948033,0.7242044908249592,6,2,2
0.03359069755507847,0.025085652471072313,0.6623884992811152,0,0,0
2.888394853795415,2.7121417071369285,1.543798774293792,0,2,1
5.733115917132176,1.5934379530768068,2.0576407906741547,0,3,1
3.5292084796490846,3.4887444710667213,2.036849140240989,10,2,3
3.6750071330333776,3.4155631256528944,2.19214961766087,8,1,3
0.3405873925702584,0.1289736409456357,0.7613555591282901,4,0,2
0.5633383565401644,0.12038263541118326,0.8339891083453116,6,0,2
0.11491642368685806,0.1032474191943526,0.5951538225530546,2,0,2
0.32751884167742995,0.13534318165746131,1.0770720343443632,5,1,2
4.279843588625016,6.2218460093569625,0.9702419028895115,3,8,3
3.9095665680869995,5.435573172439565,2.325008223400589,4,6,3
4.689642645485236,1.9564258038322875,1.5721462948403282,1,1,1
0.09443869693256499,0.030492679454435002,0.5073336744778136,0,0,0
0.1443645418633371,0.04528577510286663,0.4139434596186113,0,0,0
3.587204992037267,1.7363183311399457,1.6101496215129134,1,4,1
0.133420269724611,0.10590261622073992,0.47492278968430673,5,1,2
0.29260926022890354,0.03139533784335653,0.8928339000688771,5,2,2
0.17095130304436723,0.1414326296362467,0.8105988616371255,7,0,2
3.6334994190613714,1.973474004037447,1.2993665283656632,0,5,1
0.07534385888001141,0.04770395502481873,0.43973756953854426,0,0,0
3.1095908135783668,2.323041620605927,1.5104263434875544,2,2,1
1.0088385918485399,2.491005493060795,1.3096436029698175,4,3,1
0.15154997612479756,0.03263414536247267,0.37834191958642904,0,0,0
0.06743215531040855,0.06826947464034813,0.4101972773675542,0,0,0
0.1245959585753253,0.00738867040385599,0.5161698526704753,0,0,0
0.12803922631841172,0.07181960850371934,0.4489839186349783,0,0,0
0.15088307334217513,0.024561619977745544,0.7288790660880289,0,0,0
0.1089790890969799,0.06142358812438418,0.4176163130358846,1,0,0
3.7353629127002757,3.9679713551931046,1.8376222994937237,13,5,3
2.089197714909041,1.471864796125947,1.4762804941537884,4,2,1
0.14783511583972922,0.0265553249312672,0.6018923240089898,0,0,0
0.1814198311564269,0.02303905776119666,0.5360441676292773,0,0,0
0.015376768514259037,0.04821531691557102,0.42595098936678416,0,0,0
0.06886753191327741,0.022828519694850516,0.27824089206412295,0,0,0
1.144296509872642,1.5186657327954873,1.3110397952587873,0,4,1
0.031841299770359474,0.060537958473315875,0.5991191112926666,0,0,0
6.420488812401529,4.461335565178417,2.0758646741879665,10,5,3
0.27461348720489326,0.08499973021363971,0.5781327335557647,2,0,2
1.8923586894768032,1.977716550287259,1.6890323986751197,2,3,1
5.597567896744662,6.30314055454475,2.511481916186188,13,4,3
2.3258576275188854,2.0080183315067393,1.6183632102950023,0,2,1
3.828682349496483,1.7476422690824243,1.560028217738518,3,3,1
5.916552370317334,4.593974770844235,0.9952636621248356,10,4,3
2.928264177250666,2.710135542633731,1.3671848791403474,3,6,1
0.42748335572840124,0.15058763252495228,0.887000689934929,1,0,2
0.04813769228367718,0.055155050802855016,0.4871453706748043,0,0,0
4.047383688211438,5.176634080462935,2.3180957194176357,8,2,3
4.18589045643792,2.210984410716729,1.7761188483763455,1,1,1
0.10866708321852042,0.04548687238575497,0.5034271814200222,0,0,0
0.04291554429332475,0.05045261705353739,0.655124526642773,0,0,0
0.18224838567506418,0.06822725444349444,0.48301476423222695,0,0,0
0.16589534854148108,0.0349154636183239,0.6781732995310102,6,0,2
0.07323823942197161,0.03932799387121667,0.41629098663849606,0,0,0
0.14411665311617047,0.05819272237367988,0.3709057780506776,0,0,0
0.33934950735039754,0.10378151853387435,0.5941174810553067,5,0,2
4.496437762222677,3.1053146565886074,1.886908170345071,8,5,3
0.24463385513812055,0.04420351925637165,0.6502734552011948,6,0,2
3.168760691121605,2.7253997331543696,1.7746589375174229,2,3,1
4.072471411779736,2.7811325553275346,1.6419135818514003,2,4,1
0.25782403848083013,0.11633304020682493,0.690532967067151,8,0,2
6.642993079670644,3.209096869886694,1.3458244842335119,10,4,3
5.544337885338576,4.101127940268985,2.177798861434177,13,1,3
0.05920948575172809,0.06164053134169454,0.37264144514034003,0,0,0
4.632926387301035,1.435824331244611,1.368477333588988,2,1,1
5.5735512948995325,2.8899433173512508,2.189197128566388,11,3,3
0.1423710838575211,0.012813264566798849,0.5284754593385568,0,0,0
4.6107531724146416,2.383531344744851,1.2263023457800926,0,2,1
0.14719612272133864,0.14946360956181212,0.39981123301447996,3,1,2
0.20031258808471075,0.0030176592401016805,0.6166611011233638,1,1,2
3.601422964239658,1.4786124716217905,1.5319634029303122,1,4,1
0.2876330428417296,0.09349334641356312,1.09089053435912,2,2,2
2.515053874882968,2.4519457003180007,1.8366425201758574,1,3,1
6.339872138415161,3.760887906089754,2.895157865484223,4,6,3
0.055079266432582104,0.05282514280174927,0.43005854598767124,0,0,0
0.05120633735113336,0.06277320337286205,0.6390972358001401,0,0,0
0.08404730321666909,0.0288982126364661,0.653914234581065,0,0,0
3.9163063368523243,5.19786534656101,2.7888669843392377,12,8,3
3.6870077214747203,1.8082609905380567,1.7809519818171022,1,1,1
0.1870741635178806,0.15222493220709069,0.9447247022105648,4,0,2
3.741409116370047,2.1326441723919043,1.641117822602747,0,2,1
0.08556706805399308,0.04538950749639498,0.4095052167061934,0,0,0
0.1003211134905469,0.06639850505270468,0.8529055187570485,0,0,0
0.0,0.02925867852860008,0.5043030973321282,1,0,0
2.693490370974418,1.010202862073736,1.7475673257544877,4,1,1
3.3297762080288207,2.6587704095087,1.8655995632366764,0,3,1
0.122213165574302,0.08659240403432175,0.48317408655124583,0,0,0
2.74688266937942,2.2001841447312804,1.302547417758869,2,2,1
0.15120312629057314,0.08286756311609068,0.4933551024690544,0,0,0
5.51780644879303,1.5332644207874793,1.4291897429531877,2,1,1
4.961811251468538,5.6362380981412405,1.9223680813476882,8,2,3
2.909647501544043,5.282906479813768,2.057559884478829,6,6,3
4.291301991645295,2.2066446668469366,1.2174433975989385,9,8,3
0.2938665843659559,0.046712684370220664,0.7541582150149106,6,0,2
5.827703242547361,4.310372590906603,2.0049808522833494,6,3,3
0.060040399667487324,0.06772382377169592,0.5421716933003097,0,0,0
0.09582810151048196,0.028715599863653025,0.50440625674066,0,0,0
0.26295550650033256,0.09771276556201747,0.8926411363748724,7,1,2
4.2356551436413685,1.5895805205748543,1.2939359295635615,2,3,1
0.1419470250234806,0.07640828019567669,0.4071780032651982,0,0,0
0.09080083318236605,0.03024253318198502,0.3785193864111357,0,0,0
0.22052269127692253,0.11148883801674564,1.0569475738078182,7,3,2
0.26689572693764513,0.017090157500213227,1.270721046457689,5,0,2
5.534946822201169,4.261382468334025,1.5206406977461784,10,1,3
0.23163317960565816,0.10292834838409579,1.1818606307461954,3,0,2
0.18482281841450193,0.05902450638637016,0.6898734981355239,1,0,0
2.652372787503116,1.2371925349773778,1.1210893939268802,8,3,1
0.4361047363653052,0.07707607695079344,0.5325114269343181,9,0,2
3.034082274241788,5.077205995534282,2.3972166412775158,13,2,3
0.1429793943489901,0.0827159561227163,0.4372579265573627,0,0,0
5.340739119509233,5.680727239429364,2.0350830438750305,10,4,3
0.2810338474875805,0.07538646029881671,0.6345286203690638,4,0,2
2.882057224397467,4.099850483099024,2.373108489761189,3,5,3
6.100082928310259,4.613394193256224,2.057831549458316,5,4,3
0.11870282849237862,0.04103550767399701,0.5301873380721012,0,0,0
4.8163448375195195,1.84046854010765,1.524214118017934,3,5,1
0.09927738645608605,0.06170598873032676,0.4903239896813111,0,0,0
0.040205846898240784,0.0903055022092128,0.5530683123010047,0,0,0
2.855071539677702,2.3505656003564592,1.8480145286719225,1,4,1
4.283020557921128,5.059350812894472,2.542430112790126,6,4,3
5.201975189021855,5.265980761695152,2.67696724768759,3,3,3
1.5584093430697026,5.090382163840123,2.6292953349034227,4,5,3
3.307393561239194,2.1528505953748884,1.2484655247307275,2,0,1
0.07895077595898686,0.04208638576487472,0.5775115121589086,0,0,0
3.306052449866862,3.5373905914360204,2.1331646510412203,9,7,3
5.316782570147158,2.220751170949283,2.2328796368400576,7,3,3
0.10380026957062058,0.049778159921027965,0.5773239986665759,0,0,0
0.06624108625128092,0.030824430876264505,0.5785185082310376,1,0,0
3.193648305825774,3.1031733827231314,2.1826078421669335,11,5,3
0.2675285005275246,0.08339110842004283,0.7103610562365276,7,0,2
0.175878834405805,0.08531548869146235,0.9776509596384793,5,0,2
2.613360830795402,2.9428942582427635,1.3248838062931723,2,5,1
6.822740085286385,4.038437272553392,2.394602051055035,12,4,3
3.1639333034942596,2.180008232619113,1.2659870525550145,1,2,1
0.263918281786636,0.15753707504551798,0.7613122239088272,4,0,2
2.545561373709037,2.2224291102991613,1.5508132409828121,3,3,1
3.4036153636851028,2.350110955641145,1.2509296098998146,0,3,1
0.07038030378805654,0.059720725788352746,0.39487799702174975,0,0,0
0.20107376306789254,0.028065479259390486,0.9891995925539718,8,0,2
4.186827495452839,0.5899155888796546,1.1222113344359885,1,3,1
0.3741373892477333,0.09093506071651127,0.7471694252549699,3,0,2
0.3073636922017204,0.07088489342850203,0.8450384960933257,7,0,2
0.12197506153101133,0.04683389043980673,0.5635329195216207,0,0,0
0.36790860184158486,0.16257187797977288,0.7640653912567141,8,0,2
6.424243747367643,3.885737248590963,2.551827416200579,6,5,3
0.22135161957434052,0.049575512777900656,0.8563269607495745,7,0,2
0.27666591303029925,0.030205076963149058,0.7939543681081607,4,0,2
5.982546642671201,3.8551383140158513,2.046791195270659,7,1,3
0.39798322570613637,0.11080474331763521,1.1527252400401475,0,0,2
0.08930055778872456,0.08592721645853928,0.44087219906302944,0,0,0
3.8415332706752108,4.447507292295838,1.5405879305366406,6,6,3
3.6434289370373243,1.6116130454064699,1.5302026509296802,0,2,1
0.3747038926743637,0.11392778901832468,0.7051843594155353,4,0,2
3.420508415384854,4.774637224313871,1.339762035444911,9,4,3
4.215533967681504,5.006191006954578,1.8505131065390108,11,5,3
5.531158713073231,2.6007085158935124,1.6771086624344838,2,3,1
1.9750150598559404,2.878050794846767,1.2333225572820687,1,2,1
0.13967443602761065,0.055532015310223615,0.6933359747714357,0,0,0
5.117909718021665,4.732829076738305,2.560419297188485,8,2,3
4.168560696742544,3.536292211884462,1.7672748119792443,4,4,3
4.606505746572082,4.863371299049405,2.6416519306527393,9,2,3
0.053907009343734345,0.01622989623863,0.6388664520102483,0,0,0
5.3555836559109915,4.097116264807575,1.4709710534566354,8,4,3
0.14820435841441787,0.05533636792590804,0.38528404889882883,0,0,0
0.08329613845100298,0.04713482169271615,0.34430489132935216,0,0,0
0.11036336646994721,0.0634182249655375,0.5381352834580285,0,0,0
2.812215705174569,1.637807417438915,1.2562246457234199,0,0,1
4.0762190791469175,4.798400393367405,1.7554830590626658,9,6,3
6.711073144850537,5.506752207512896,2.09567068518942,4,7,3
1.3202113386097545,1.6234055436057668,1.3305145420034339,0,3,1
0.08125895962252012,0.06787395378778222,0.4502327476570961,1,0,0
0.4316698064514869,0.18109129007731273,0.4641784928207917,5,1,2
0.15540914083687585,0.06564260003062919,0.41046456263408,0,0,0
0.0352460613968192,0.04464717818202413,0.5231607474168092,1,0,0
3.509226992995469,0.9828220660578186,2.037534682084008,2,4,1
3.317959568914344,0.9880341945085278,1.1795858584901278,2,2,1
0.34458979848066523,0.13765656427970765,0.9545562932919317,7,0,2
0.36401846447565606,0.036857873891784104,0.7079163718380415,5,1,2
5.526218817142617,2.5127613905307418,1.6428572075198595,7,3,3
3.216313779072827,1.933342096740947,2.0470076886109396,1,2,1
0.11352284128899195,0.048127276225216585,0.5135563416414709,0,0,0
4.494378730992047,3.0958191275274936,1.6002378742014705,1,1,1
0.05403077042067883,0.027344300974645103,0.3678444213488949,0,0,0
0.07482621729419005,0.040410140652015134,0.5097827174707923,0,0,0
0.2389465232427175,0.16095644332707698,1.0551794769101388,5,1,2
5.368527188073091,2.669259754290636,1.6089295297983117,2,6,1
0.10758789961243702,0.028897846490391014,0.5603645738960739,0,0,0
8.2056548360695,3.0164895063267756,1.7788939613751362,4,2,3
4.043256964974273,2.187453843150388,1.5888886096511003,2,1,1
0.054598796223939455,0.04540400738849613,0.5155324999199401,0,0,0
5.189578095378771,3.119734080078442,1.8573779965521067,5,6,3
3.7347335953118,3.559994191457858,1.4493117196554612,13,5,3
6.925756967817288,4.303751183143839,2.485003145920083,8,2,3
0.17266922385588507,0.05950335492990763,0.3325530539546755,0,0,0
0.3020191238232331,0.15291817519620943,0.7974572904577013,5,1,2
0.14877725635611797,0.0684854027907566,0.45761099576776476,0,0,0
4.3452732970420955,2.1586813166276806,1.8881967639875004,3,0,1
3.667266028696191,3.213126669784337,1.8547038293122937,7,5,3
3.2213436661206907,2.0690963738956603,1.2204026624149382,2,1,1
6.400582692119622,3.4441426517671783,2.11931134842337,7,7,3
0.3604905223155877,0.12602833901055413,0.952903781703211,2,0,2
5.306858884146512,1.0103401025736525,1.5206623918541307,1,5,1
2.343003544335636,1.6684539130873062,0.7743673598791738,0,3,1
2.990669687037871,4.421441141537402,2.0890258641937174,11,4,3
0.25438491928199786,0.16333161719907502,1.0480056523685928,5,0,2
1.9361092083396079,2.349334997986195,2.1125083578269295,6,1,3
5.797869683026665,3.090228459505144,1.97095755082987,7,7,3
4.752537167010195,3.9686299088647177,1.5023217047190833,11,4,3
6.708266293350526,1.6034065898788565,2.151677625554569,11,2,3
4.543837465698019,3.767279871598768,1.8652011019000407,13,1,3
0.390084235497985,0.12045749224575264,0.7116141780210604,3,0,2
0.5208059077509088,0.10450892483462827,0.9572860216233459,8,0,2
7.81686784264764,3.062956406137833,2.052422344466995,5,2,3
0.09516434440648039,0.026439182652472387,0.39638564280248034,0,0,0
3.7192041876335886,1.873179773053749,1.1873475578704666,0,2,1
4.851145211111157,4.445983548695069,1.9792661999091365,5,4,3
0.07179606846316358,0.05585430964283707,0.7231498911027748,0,0,0
0.10922756515985185,0.0650219890901462,0.5663545618498435,1,0,0
1.8180312160145893,1.996145674258878,0.8775120957314091,1,1,1
0.3364902856399072,0.21709424634849267,0.9402610572413598,4,0,2
3.9685312569051243,2.5979709537176534,2.020032401815279,1,5,1
0.3201895216064251,0.16618727744627498,0.8006606713776536,4,2,2
5.876379663465691,4.230150403473202,2.039012484579617,11,3,3
0.3149668910924691,0.05108160621722832,0.7489758079980163,5,0,2
0.32147664916007923,0.13409568315212164,0.7613188380896387,11,2,2
0.29373176570515747,0.017726195648204254,0.8793612563182474,2,0,2
3.6532751009441644,4.1563231842559185,2.0220448366507817,9,0,3
0.10106357883680309,0.024419385275604274,0.5335968173440576,0,0,0
0.3101211611899997,0.1225291490732115,0.6961159651820952,7,0,2
3.1924226104362563,1.6660291647702477,1.9433780208478606,0,3,1
3.906094018848667,1.8035994915594291,1.2497522859850259,2,2,1
0.08972110878050124,0.18178147503876407,0.5796580480137976,8,0,2
0.20984087410882446,0.009815757205168349,0.8283308442177169,3,0,2
0.17111849308492538,0.046594835064081894,0.4984436911129706,0,0,0
5.880135450821241,6.257123768393942,1.6387327536920404,10,6,3
0.5317594009771692,0.07985244621914413,0.5419843815780445,3,1,2
0.3763203619275656,0.07745180259831491,0.6321232992161598,9,0,2
3.553384272479022,1.5054227410035066,1.251557958716131,2,2,1
0.26045237195738,0.025663755630100926,0.8963636756997738,6,0,2
2.384782772029081,2.2413563802780687,1.7172225152232912,1,2,1
7.615744185241525,5.543560824790822,2.091295150559615,10,5,3
3.7687757891486413,2.0401597863126057,1.2300426085094196,1,5,1
5.407961466132221,5.582034071041319,2.1745940791386644,6,1,3
8.583755205379585,1.8334304813405113,2.5176111436484865,6,4,3
2.461459142964244,2.2364767823566356,1.8625319967408265,1,1,1
0.36353117835820686,0.07850529856480801,0.5956113026160987,0,0,2
5.506408637712937,2.016935274717622,1.438872145951674,3,3,1
4.993928143642197,2.3468489775065726,1.5869433586699857,3,3,1
0.2951467474021751,0.002069770138025631,0.5250068704645328,9,0,2
4.2414120489043,3.460759568946875,1.5614756288184661,9,2,3
0.2489968844660931,0.19070356000560132,0.8935057348036266,7,1,2
3.7066776285391163,1.8811383133264437,1.9546190247790778,1,1,1
0.11824805012331127,0.06469275090918661,0.3968974724852693,0,0,0
3.2422754384137047,2.3031185967481442,1.8140637096969863,1,3,1
0.03944140353596094,0.05581894728678971,0.43718506002443575,0,0,0
0.12251552643022698,0.06322147770096725,1.0580925449878675,7,0,2
2.8578728261683968,1.5702809066023447,1.9061675577970276,0,3,1
6.414109215768361,2.7934498285165454,1.4222747822758108,2,2,1
0.12731421240018498,0.06029767192152745,0.6010839735020314,0,0,0
0.08253416019409013,0.07711145871420697,0.4116131104859271,0,0,0
2.994552790346473,1.9930689327478643,1.3460060732983017,4,2,1
0.23930377760025326,0.05312696561574212,0.7912346366508528,2,0,2
0.394469887183947,0.20854686864590574,0.9048032423831388,6,0,2
0.10923169292661522,0.036958222228138785,0.4592539892708398,0,0,0
0.05610087066217195,0.05920543249964608,0.5397397023459234,0,0,0
4.866214785205788,1.4286046525017997,1.790065025026723,6,1,1
0.28804082826221405,0.06931697660457267,0.6010454229847711,6,0,2
5.308744730291515,3.6070299676849347,1.817262103797332,7,6,3
4.102509845660614,5.315093129812102,1.415649374643757,7,2,3
0.01725716640671153,0.058860042608947505,0.5707032359610785,0,0,0
0.10298151849600871,0.050904454179999656,0.4057939816425755,0,0,0
0.42455882369800796,0.11781812324966816,0.4764077883909705,1,1,2
5.132281446709798,4.9083408512716815,2.2572763366796402,5,4,3
3.219888992249994,1.6556750456816163,1.0475492371883468,1,2,1
0.10170417341296131,0.006458699071142909,0.5537412002820381,0,0,0
0.18123392292347804,0.07713166771655965,0.5187800338042522,0,0,0
0.3357307676035448,0.05961653665557854,0.4249089522387083,5,0,2
4.377285190658736,5.458022129808932,1.9727616507037644,11,7,3
7.585691041749481,4.740824552501544,2.283923602417622,8,1,3
0.34648519808703776,0.0432255932036382,0.9816732854328181,5,0,2
0.09199336022166799,0.020318866701513297,0.589005773247546,0,0,0
0.11005495233574838,0.07389525723753876,0.5551964259331827,0,0,0
5.2305179518279585,1.5350760258036746,1.2098235786056803,1,1,1
5.826104880676954,4.6326700748397895,2.150880296453693,5,2,3
0.12200072250266662,0.09544869440893763,0.6673441885622985,0,0,0
2.831907447400628,3.672053679177525,1.6995877042965932,7,9,3
2.9081239336569076,2.779174980070989,1.7483325643115752,2,1,1
4.816007419718498,1.7302851031107906,1.798916527692903,1,2,1
0.052142454255247855,0.07747828770422899,0.5395373681185666,1,0,0
0.14765683169566227,0.06509466596135619,0.38480024524208567,0,0,0
2.7588373313651706,2.0607515049094673,1.3787165267363763,1,4,1
7.166362534905785,5.482599298911485,1.3536551032863677,10,4,3
0.13235979698513706,0.025218945949467154,0.41092511364477363,0,0,0
0.2362918821662182,0.0756687368443898,1.0036148997445649,6,1,2
2.0603918692011725,1.2743903918700323,1.2187758634691062,1,2,1
0.09149076887375358,0.022662832734383475,0.6065376272259603,0,0,0
0.16872190465854087,0.05577456006019673,0.3245715147177501,0,0,0
4.169025839011443,6.012702003274775,2.4626114934546623,12,6,3
5.855641076631313,2.3779584837394765,1.7259070003755677,8,4,3
2.955725567075462,1.6313691618040196,2.1108128498520338,0,2,1
5.816271155372397,3.3648100082780985,1.5193055717605417,9,8,3
0.08867579505750842,0.012963145368506832,0.46313806342143005,0,0,0
0.0,0.06595687559791533,0.6434309669352076,0,0,0
1.9296741857469835,1.1975978445509687,0.6468169005684697,3,6,1
0.10393175951580454,0.03053242323945931,0.3856661008916139,0,0,0
4.03817107030249,2.828392430556815,2.8810365154242534,18,3,3
0.2508996024875674,0.10647733526100482,1.1131749095184729,3,1,2
0.1948703627803247,0.0,0.9104873619955096,4,1,2
4.6862991748087275,2.8423975970696387,1.9686516781826922,10,4,3
0.07465284123144351,0.026644408974641303,0.4438662003557794,0,0,0
0.23188730398642415,0.04295277560667651,0.6351643440399019,5,0,2
0.13114249661737495,0.06501158335043532,0.5006273156184419,0,0,0
0.06207523326499653,0.04051643649792071,0.5314129496450666,0,0,0
3.1666199443923344,1.8659837063361948,1.3231448602510467,2,3,1
0.12609707828084488,0.05031236667899206,0.5746611364602157,0,0,0
4.054346161903709,1.518666016929426,1.7442611821046854,6,1,3
0.16645762650662158,0.08794577389546224,0.7105297429458313,0,0,0
3.7244696175266787,2.857850984097584,2.7192698402976454,6,1,3
5.2113170547922625,2.732996006532206,2.1874074697558106,6,4,3
4.122431660686083,3.6993420408308695,1.4780371868165254,9,1,3
0.1076177436016861,0.03804664633490286,0.3477665681718256,1,0,0
4.54695453442821,2.4321957487033323,1.7462901417938987,1,2,1
2.204689039624942,3.658018998812205,2.708975934265242,8,4,3
3.4669319986382323,2.2604884367458857,1.8843808936204027,2,1,1
6.182739233594088,3.038019144294291,2.0229245039582993,6,2,3
0.11251001031258473,0.0358417811865185,0.533899351380942,0,0,0
6.424799208960726,4.680775830143574,1.8230506069365962,4,7,3
0.12135971809358426,0.038784781860402795,0.4006406996068552,1,0,0
0.1278159459034319,0.1578660193715634,1.1465977098420197,7,1,2
4.918492139209123,5.349252380780863,1.3474938191938606,18,4,3
3.726542750930996,2.297661643946332,1.198697921310123,1,2,1
0.27567568767075673,0.09655718542476896,0.937793867267614,4,0,2
4.2476537828854255,4.402526516928585,2.464444421321409,13,2,3
4.6122924498917275,2.253401297276237,2.1588996703567567,2,4,1
0.5399377206706412,0.12676051425718343,0.8767195762366838,4,0,2
6.015208763833697,3.178543424638633,1.4702584127420537,10,5,3
0.3190892743509469,0.08344510050464804,0.2702416772623626,6,0,2
0.2829916395665487,0.1218981672987079,0.9440027311455016,5,0,2
5.067791509795664,1.8845755160481448,1.1993672686098675,0,2,1
0.08764113087397016,0.05992398374726633,0.4001693224708945,0,0,0
4.147695625363793,1.545501372094146,2.3145109300615263,7,3,3
0.058408889588477765,0.07506265649536487,0.5475334925427491,0,0,0
0.11966589196971861,0.02543112337468475,0.4816471827842847,0,0,0
4.1457976416037114,2.145687228119292,1.3373749334856364,3,0,1
5.301528407832186,1.6765818479161883,1.533824681423025,1,1,1
0.3804314341420253,0.02013373297386331,1.171539454562694,5,1,2
0.02990744686038596,0.07820918290407008,0.4930366546699892,0,0,0
2.546842495244908,2.1157705344069027,1.896891992503663,2,2,1
4.140026618384329,1.8446853800815597,1.159816099209659,0,2,1
0.14475191570380577,0.04070837843768764,0.36951831095670506,0,0,0
4.673086897492299,2.996868305558513,2.572853202759167,6,3,3
4.532974234914031,1.6580698983267816,1.415076277920525,1,2,1
3.3694245427048286,1.6407286466104798,1.5187340929989388,1,2,1
0.10597901842070767,0.04985910029038891,0.44874112030214913,0,0,0
0.14062629111970992,0.03209307355273952,0.5743651775540173,0,0,0
0.34006415890410646,0.053470959751771255,1.0259764815106533,4,1,2
0.05402878828830984,0.08399914749152762,0.3417776833253522,0,0,0
0.36072824196741965,0.09528668293730673,0.7544606847278252,7,0,2
3.331662365762809,1.7461536149099541,1.6870251475803475,1,1,1
5.616803054963853,1.9533696672291176,1.4991163766002216,1,0,1
2.3905444445537802,2.227573190474759,1.4681603977163051,1,4,1
0.10973037276186215,0.028405273574483036,0.38318221721497997,0,0,0
0.18657472968439404,0.043794195493976666,0.627551695438709,2,1,2
3.342096534459814,3.279343888548758,1.9721614768945026,8,5,3
0.059586713917953685,0.055285365432912736,0.40217450619395223,0,0,0
0.21924050723823207,0.03996425107632894,0.7963973320245538,2,1,2
0.018622878105841872,0.053808477798501154,0.6118632334154211,0,0,0
0.3017557837583282,0.07335773117652128,0.6708715265527325,2,0,2
0.09125201216522957,0.025654346155590414,0.5958816306467672,0,0,0
3.056478400162885,1.2766214468357675,1.3000064421126067,1,4,1
0.2539126094680198,0.15508373392749814,1.289187786134825,4,0,2
0.4883204368330901,0.13126940027528847,0.5565320535783577,6,0,2
0.12338465858827166,0.04454910557276382,0.45401407376848596,0,0,0
5.125684492125653,6.508875767869421,1.2624415703851826,8,1,3
0.29251004236182593,0.11035328620705291,0.854087374389781,9,0,2
0.15071850325090652,0.0687583107502131,0.5098933787028884,1,0,0
0.11110668858168565,0.060640123976438864,0.2695788064056033,0,0,0
0.27250156137100856,0.12243614446962797,0.6509046315401945,4,1,2
0.5485031975996529,0.049269458659831705,1.2723691373826524,6,1,2
3.57793729655821,1.6958804259677303,1.0805753880243651,2,1,1
0.02424044689007239,0.02263369922334379,0.46266315749969156,0,0,0
0.26264809446345155,0.15877619856779596,0.661431399445637,7,0,2
2.129157955170994,1.1589663581511074,1.7369723240561679,1,3,1
5.9757159716638615,3.6721139948342603,1.599832111130901,9,6,3
0.01967114496306603,0.021998585536339817,0.5630875603596156,0,0,0
3.4129847766818626,1.5675519437857885,1.961806956780208,2,2,1
6.76197261999431,4.2093514307145465,2.0599821879976936,10,5,3
0.33219620871339456,0.03983564351637501,0.5836191685603896,6,0,2
0.1128005114856851,0.06530388905387212,0.7294293057194363,2,0,2
0.07091595430256782,0.056433570827530005,0.6332551467665128,0,0,0
0.12299860714695583,0.06385715168474873,0.3058141340620594,0,0,0
6.632127980522284,4.82391574756055,1.792773268734689,7,5,3
0.2163157817551278,0.07072978307650672,1.0173166686690274,6,0,2
0.09065641779193205,0.02636251749158398,0.6103217572053659,0,0,0
0.31509413542027426,0.13138630265700327,1.0220620255875732,3,0,2
3.4212471137553595,2.4575860753593113,1.0187636962589026,1,3,1
2.527664996183812,2.2897889235569235,1.4788441341817742,3,2,1
3.175258064918026,1.9843294236651388,1.2661631396243302,1,3,1
0.13545018787942562,0.0704706128837069,0.3624489110431257,0,0,0
0.10379776339580438,0.043625033695077337,0.4394320000064202,0,0,0
0.17678153220714382,0.11145606717590215,0.7896280862643225,7,0,2
3.9522743776485787,1.4389247192567927,1.333184232756179,2,3,1
0.06641883160309742,0.0493543877790106,0.6500274609000988,0,0,0
0.13148144209618062,0.056022146783834846,0.5278799812385461,0,0,0
0.10987998023461999,0.03246452437576311,0.5446536506940711,0,0,0
5.554092441435975,2.074380366667848,1.4952666933300989,0,5,1
0.2758796296524336,0.1117760144603331,0.6489998266368945,3,0,2
0.25937837434191346,0.18784273699810705,1.0237628863477817,3,0,2
0.20050863240382677,0.08580000283565596,0.6590765021017488,5,1,2
0.030071621309042937,0.04172788933156712,0.5165403660299704,1,0,0
0.1586562318793321,0.032414344351760244,0.542243497290144,0,0,0
3.953232779067791,3.8740855062259123,2.1649847397274136,3,6,3
0.12498425551514669,0.04896954142950708,0.4383224638480292,0,0,0
0.32561672168613115,0.09405292893838425,0.7279647488314185,1,1,2
0.36452448203221166,0.07770700825372054,0.9194151383895108,6,0,2
3.5633833926377183,2.7631079793981392,1.5934902896422274,2,2,1
0.2889151489651387,0.1308372011699253,0.347756307268444,4,0,2
3.9513475478646325,2.419612572334395,1.3213726844270952,2,2,1
0.08725113912895724,0.042201525868811096,0.5693923233191258,0,0,0
6.047801102473225,4.3420815953930045,2.311574934562589,8,3,3
4.786947286116419,1.872812791486719,2.0353906820849317,0,1,1
0.0818779529298434,0.06916771639684086,0.5180071037695981,0,0,0
0.2035493606737231,0.11001432207308974,1.0144198195955483,6,2,2
0.09438359751545851,0.0744616613419065,0.30326749357740057,0,0,0
5.062693855553659,4.372702278470285,2.201190916144129,10,2,3
0.17896064077536958,0.10898188850617452,0.6048482651050593,0,0,0
2.899170360904085,3.52034347707972,1.9581924672583795,2,1,1
0.08769687559350257,0.04880347712940193,0.28760071818743643,0,0,0
3.295067525758392,2.9484443739360406,1.3774740449606049,2,1,1
5.597913076728217,6.938690077575809,1.6410645609458365,14,1,3
3.5076731933215064,2.7294426943162344,1.2695029518910115,1,3,1
3.583928735188674,2.8626209263334896,2.62296544897233,5,1,3
2.3180044781021754,1.2580970724833382,1.4459593186770445,0,2,1
0.41836688741983097,0.1626287685721411,0.6751522752732492,4,0,2
4.146743935418645,1.68477740460341,2.0014062252279383,2,7,1
4.15660020911203,5.210908069199926,2.6226995026276527,11,4,3
0.14067548180003192,0.04357514467764177,0.5188475761018103,0,0,0
3.885212652259354,1.580709670259249,1.2795144369493867,1,6,1
0.1023699335658207,0.058937450016053966,0.7500900497934282,0,0,0
0.11241102931501681,0.056199979663311105,0.42760352695322124,0,0,0
6.039541372114815,3.367253877051621,2.1916313480244747,5,3,3
2.46126556583733,2.43004253387141,1.3305385517379265,0,3,1
0.056800461516009204,0.01905392022123269,0.24682306837491863,0,0,0
0.5001022738859336,0.2467983296246718,0.5522957053759123,3,0,2
2.968854180827354,4.391115428710593,1.6992669129400477,6,5,3
0.07586282389089838,0.04874720845345531,0.49403456880078084,0,0,0
0.02876259068932717,0.043729406276552044,0.34006052378056884,0,0,0
4.482408660379281,2.977215552897178,1.4443103354989846,14,8,3
0.0920735213486515,0.03543076756639314,0.6787346414429826,0,0,0
1.6679178636734182,3.9343112678292766,1.0086746677113418,4,6,3
4.171140904335223,1.6996456852915074,1.5893847545659892,6,7,3
0.13716320470113574,0.06390405800167999,0.43961617025068134,0,0,0
0.24412426035529095,0.046637248796522146,0.7289240246905456,7,0,2
0.07386384897404803,0.053703510736598285,0.49745058714148005,1,0,0
3.836583045459035,2.4280240473877566,1.048478437723859,1,2,1
0.20786541066327519,0.013124128330385086,0.4484829100907982,1,0,0
6.13404720086199,3.921681686064671,2.1789270790923196,6,7,3
0.3654138375951308,0.01269426837052727,0.8578553821282056,4,2,2
0.12109603771176425,0.03731428304621194,0.4452592477233127,0,0,0
6.681587492016998,4.002000934536777,1.9820810184633417,11,3,3
5.64285412467397,3.7233545837041206,2.1539271982037658,7,1,3
4.069876375979523,1.5051703562443657,1.6920168243098752,0,3,1
0.2671852896908829,0.050489801314814786,0.6885134122849708,4,0,2
0.15571608473344362,0.035340622017524824,0.5624903594654043,0,0,0
0.15074040058695895,0.06034485420262511,0.9178303877614956,8,2,2
2.1630220418594455,1.376829853189563,1.9464403881720607,1,1,1
0.26335198735726995,0.11966553467762214,0.8816978720128009,5,0,2
0.2774728691882202,0.0727653406339221,1.0488901218606799,4,0,2
2.134381913943114,3.1699042256763854,2.1074439602683666,6,6,3
0.04645537509694439,0.043411044273058176,0.4799360701174568,0,0,0
6.4833016124603375,5.972216477319171,1.8361527059676388,7,7,3
0.0702169352978254,0.07535303022375948,0.4001905372230965,0,0,0
0.23008415570901974,0.06141014416709032,0.43808770517500684,0,0,0
0.5157835072079893,0.07410847971665929,0.7715137326411782,3,1,2
0.32554028999455953,0.05004269109003556,0.9246069507982788,6,0,2
6.596781816517036,2.677555164760001,1.7325686145713521,5,2,3
3.8625430910929612,2.581641066397104,1.1842430835007864,5,2,1
4.808028317595991,5.525605984740531,1.4905139740238664,7,3,3
2.635569686326462,1.5137746811564974,2.0499342445195348,1,1,1
0.0972852566741094,0.03575652271647913,0.6568182429527326,0,0,0
6.257949015693186,4.457181878038462,1.4302578174538974,11,2,3
5.463143089563088,6.040878496826133,2.2636094370649373,4,0,3
3.363577849722384,1.6520951946869173,1.2749223576924789,1,3,1
3.211072503191427,4.802845535350933,2.1927399954155926,7,4,3
0.11702946082002484,0.04248732668468929,0.40883826978460974,0,0,0
1.8962705249701046,1.46474593268229,1.258986387850113,2,4,1
0.11404959338675164,0.04087758345051624,0.43948437643940025,0,0,0
4.805582715810523,1.8845679444010324,1.5094105248299126,3,0,1
2.8035389102133115,2.1092844444368577,2.0454836111228465,0,1,1
8.426723367510627,3.466869459580558,1.9516714380364046,5,1,3
4.40585870837862,4.504394485887321,1.7170010497878567,9,9,3
3.9838411250264616,1.519118789613399,1.333786684773576,2,1,1
1.2756158913911313,1.830545727162083,1.3977837685403753,3,1,1
0.014343273545456128,0.008317741210028234,0.5239627518238998,0,0,0
4.56535450699756,4.154400642220975,3.4861050542054697,9,2,3
3.725788034085521,2.2337874562410787,1.6750300707467896,1,4,1
0.027595782925133802,0.038222663465226084,0.4725197695247312,0,0,0
5.224757649698735,5.849548265833223,1.583032281617625,11,2,3
0.26169533223024927,0.07154479441607227,0.8270777591325852,4,0,2
0.04980213139592508,0.02759905155060256,0.5142377912510466,0,0,0
0.03538686524471907,0.051656651410362,0.5091168146666439,0,0,0
0.4231057903355565,0.1560447712497435,0.4348372922029634,5,0,2
3.3728414031251157,2.4104542605845536,1.1858446934255316,4,3,1
3.595027885272073,2.4205407693032077,1.826318025401656,0,2,1
4.463226533893939,2.7731993435949147,1.2775286223319477,2,1,1
4.93688326574424,2.4645274984631875,2.6027337900131675,7,4,3
3.569085192724271,2.868952380917625,1.5296472135049295,3,2,1
2.2103239020389442,2.3332712659913155,1.1244905854439573,2,3,1
0.39070498189055275,0.10223458913311419,0.5296268877878261,3,1,2
0.03776726483442915,0.06144780622351352,0.46214202567868456,0,0,0
3.0774315809787813,1.9599585008754539,1.3920734950183105,1,4,1
2.0068101877910687,1.799971283058737,1.2480607777953898,3,1,1
6.41783067343884,3.424307690726806,2.2771011213510173,11,5,3
0.47438322641840036,0.12277004200972484,1.0069631256699938,7,1,2
0.07232058791460028,0.04681275535708187,0.5052526368215317,0,0,0
0.3464169534394152,0.0,1.1887776926838913,10,3,2
0.3853823575335654,0.10089149300031285,0.4718069197963266,7,0,2
4.103834442906642,5.655041358559157,1.664647264109119,6,4,3
0.11095751638319695,0.041938480218699385,0.4913298863851791,0,0,0
2.8431645313055696,2.7795911452411755,0.9908711570131634,1,1,1
0.3238944554641994,0.05229703289898541,0.7186483071133165,2,0,2
0.3361182167041638,0.07777830559647891,0.717544227334556,5,1,2
0.1317585900840985,0.048779920562892334,0.3414374293230407,0,0,0
5.626018216801113,3.719327477750349,2.416407155779599,9,2,3
0.08829900704465093,0.032876603186765,0.6085222263661632,0,0,0
5.562849294916823,5.107025457089188,1.3996899137781056,9,5,3
5.0301856237965605,2.66127423141583,1.7127089325954912,1,2,1
2.986701471841473,3.3519955615511385,2.307032882886367,8,6,3
0.10140905786845641,0.05069427497505124,0.41894713701783737,0,0,0
1.8574059767536966,3.50597080237048,1.4656332405808534,10,4,3
0.09264713092489307,0.04400323607450239,0.4502038153182158,0,0,0
3.0447794191172948,2.199502379621926,1.1540219481974223,1,1,1
0.12605612141896694,0.0668621066464648,0.5498883194768213,0,0,0
0.047114453552204984,0.03162626977027812,0.5538434957216453,0,0,0
0.26848406428023514,0.12338290093451806,0.4930263782287756,7,0,2
4.1116015615496835,3.085226089472278,1.464537466328716,1,2,1
0.1291048851734308,0.02152634726232154,0.4925073443881552,0,0,0
0.03264368552351518,0.07786909055048863,0.5116830174172183,0,0,0
0.2835399842326241,0.029900786585855363,0.5962438846607334,7,0,2
2.5353783236656,4.190720710444022,1.9148214568109336,15,5,3
4.2145497614635055,2.068155647781834,1.8342703040227812,2,5,1
6.0834116103177,3.637976074086255,2.133733395781237,11,3,3
0.4360611204852284,0.0539550484408145,0.6760578448730568,4,0,2
2.484418620349455,2.2024706769076716,1.5123538550846805,1,2,1
4.483736043903564,1.7567071651496733,1.4644397297913407,1,1,1
5.445804001951298,6.8415200226564465,2.284480823607674,4,4,3
4.69836856937346,2.7400915384409323,1.0992519464548436,2,3,1
4.593970419300227,2.950611053639613,1.7874623821154607,12,7,3
0.15050139023946224,0.11002078317169282,0.8486414614808526,3,0,2
6.37911514402803,5.213417171685769,1.8721685893353521,6,4,3
0.13241402169219296,0.0538315479238818,0.5615967006046838,0,0,0
0.060700698368250885,0.02983102534905301,0.3763521713407651,0,0,0
3.328189536197326,2.413828754867599,1.7004999688818483,1,2,1
5.69970103109131,3.71698829706455,2.516483148152332,2,5,3
3.3435907212071974,2.0383664296964783,1.2225864358796485,1,3,1
2.520598012919696,3.7435658834863523,2.1856320866846777,9,2,3
0.3067305304659352,0.07718415849903841,0.6677613565224421,5,0,2
5.447835636416497,5.32953930730416,1.1867872407833153,10,7,3
7.186061919073844,3.076509034229583,1.86757882434136,8,6,3
4.190700889348637,2.837564969845113,1.1261011566754726,2,5,1
2.5498474699481277,3.056044663626454,1.4730823271016664,1,1,1
0.10126942102712051,0.0538519383746261,0.5250628232103302,0,0,0
2.5142669665725257,1.7686853617035547,1.579853359561254,1,1,1
1.972538643881296,1.7710915152049072,1.57073611925941,2,2,1
0.28831299960466633,0.15654159115811306,0.9680737640852113,2,0,2
4.759283711436169,2.4046554519656502,1.2177192142071345,1,1,1
0.23550853830237228,0.014577931705777869,1.0088167737688718,4,1,2
0.24739123124599335,0.15888527390659582,0.7975343603529358,9,0,2
0.38607424252369404,0.10142600759434053,0.707837758656573,7,0,2
0.1413591624518012,0.010747486166548421,0.6801430099266488,0,0,0
0.2572765115183849,0.04084684967906649,0.6877210978195022,4,0,2
0.15443743098520932,0.0436352494451476,0.5283053162258654,0,0,0
0.13854325969434836,0.06106080171704717,0.5193379451924159,1,0,0
0.2720083957399236,0.09537897100862067,0.832925282664441,4,1,2
3.195332166244344,1.981495952963383,1.2157731314944624,4,3,1
0.11886502465224262,0.06159714570590265,0.5458994001674291,0,0,0
0.12524936394902286,0.05087029337286932,0.5750872779401333,1,0,0
5.92849015725623,2.302437062920977,2.4062380803423182,8,6,3
0.19826851110128957,0.09042431750336744,0.7802301677794528,4,0,2
0.07580570829728392,0.05848787875722025,0.5194333463338233,0,0,0
6.955216636103765,5.035645262175558,0.9990538004929153,6,4,3
0.08705475131479613,0.04873753973777504,0.43048506419231275,0,0,0
6.009633556516234,5.83890968706023,1.6717026212984938,10,7,3
3.9912740207262827,2.667473364191822,1.5897550382441394,1,1,1
3.6104180469461196,1.5102921308924229,1.784058438493854,0,2,1
3.9337496859609624,1.8250149598243557,1.732432017022307,1,3,1
5.992422824303794,5.8063315673583755,2.1807042147390607,5,6,3
0.0988223924562881,0.0806896420358903,0.5461272084317831,0,0,0
0.09879374564449984,0.0521881694366594,0.4955638544488438,0,0,0
4.802287942998578,5.476137166835306,1.2806547559395947,12,5,3
0.11942893022654821,0.06172331600785567,0.4758569435275007,0,0,0
5.574739609166892,4.514700404802889,2.3716534124257764,7,1,3
0.25068095629113973,0.08645500808224413,0.6529865245087476,5,0,2
0.11265992520839632,0.08509534801850203,1.0033451712008854,6,1,2
0.3616055678631176,0.10637718247347953,0.683738522332008,6,0,2
4.00563443736662,2.988758649427404,1.9824559580408294,4,5,3
0.19933699272012065,0.12881167269465713,0.8074164208621986,9,0,2
0.158158187607748,0.04646451673768436,0.38002747349097865,0,0,0
0.2965277872295145,0.1251101775604006,0.8386973695190506,6,1,2
0.12219097140731143,0.027387693301249478,0.3372995079133251,0,0,0
6.67352238958331,4.456543927612014,2.733658063501969,5,6,3
0.18327372222312885,0.05369420949562167,0.43718562608308215,1,0,0
0.1934738495739211,0.16676879209579498,0.8619879453251202,3,2,2
0.21153886963641466,0.1160621387639522,0.5711809534320521,6,1,2
4.735431775756801,1.8387256448866893,1.196688860986281,2,2,1
4.299842083792128,4.15485632759755,1.1462199405732525,11,7,3
0.3046429260064397,0.09181310663634093,0.9170300801468712,4,0,2
5.922401035067914,1.956970475705515,2.3270720820647215,9,3,3
0.09401960273791207,0.15944214341029433,0.8310620667895717,9,0,2
0.024031501702299327,0.04852104868783215,0.4182317603394866,0,0,0
5.640329950014044,4.253741354529558,2.0416993674514523,10,3,3
5.50636525092904,1.7687671070475006,2.202380600928769,7,2,3
0.5285148572217705,0.047969466005774654,1.0535300881612357,6,2,2
0.25425093955046785,0.1481405616411982,0.8593210511094029,7,0,2
4.589629522909162,1.334675458489687,1.7531486323456873,0,2,1
3.536084167222817,1.6660819841370298,1.6109131029034924,4,4,3
3.453503418873442,2.576106831534334,1.326833713085366,3,3,1
4.0540420031167645,3.9152735046635865,1.407891278467221,8,6,3
0.22692161659551713,0.11938934134449558,0.510310939523392,5,0,2
0.09799210246778284,0.04090904562513112,0.5337955554145025,1,0,0
5.173956704223585,4.153919365023776,2.321927313023425,9,1,3
0.11909677261157767,0.05142507499821785,0.49048883522992337,0,0,0
2.3070266289808634,1.468879841328358,1.0038121321151057,1,3,1
3.3907604557914897,4.234996105127262,1.817378507687753,7,6,3
2.3931297084659433,1.808291029015534,1.4908220807307733,0,1,1
0.13407503486863123,0.03108986240114538,0.47418248619685655,0,0,0
0.09030869306135983,0.03174378161406974,0.5404823408808268,0,0,0
2.277635385012761,2.235934973938338,1.7417693331003206,2,1,1
0.05552427851872384,0.0360645636314085,0.5309894779380635,0,0,0
0.18944458056021934,0.1043010424468182,0.6769305698733857,4,1,2
5.20377438856457,4.308643110933762,1.3299365093036681,15,4,3
4.349644782706652,2.148100221677419,1.2445224502495194,1,3,1
3.688453596429283,1.7422825676593074,0.6648851328605704,0,4,1
4.303980153433674,6.014395948821531,1.250563960372054,7,4,3
6.476840661756734,2.025151726199879,1.8918766547806907,9,7,3
0.27058708586707375,0.06981208156344365,0.5586259312250106,5,0,2
0.3828337467781791,0.0923177898224786,0.9002408364768243,5,2,2
3.2321012658415014,1.271571185875981,1.541467570950552,2,4,1
0.09018250754575109,0.042075406437964806,0.4959666089785956,0,0,0
3.6966399437740325,2.8240919163464904,1.8770379879904384,6,6,3
4.611953360860409,0.8900054562218118,1.8827315462274967,2,2,1
0.11659901652845073,0.0871329487312391,0.6048399887813541,0,0,0
3.419975185018747,3.9001760421438147,2.98479348472503,4,4,3
0.1254362511614967,0.06463911005019692,0.5695165248330141,0,0,0
6.476915224490462,3.1629572881816,2.071249465028908,5,5,3
4.857619633050139,1.921748084895395,1.5143018683866887,1,2,1
4.649284373365317,5.250165299057439,1.3916302490376857,3,2,3
0.47908560134459205,0.133860595650077,0.681935995213924,3,1,2
0.37578723619327437,0.11431938493703726,0.7038944187704421,2,0,2
4.4442148402518145,1.6694890592286438,1.2918910522606788,1,3,1
5.006423825153029,3.723730274689509,1.8484464893691177,6,3,3
0.08569978890599446,0.03311351925633858,0.38689327644974125,0,0,0
0.0678225083841269,0.0714073032045986,0.4606617702255343,0,0,0
0.48734151236121515,0.08844601315435281,1.0467103426337383,5,1,2
5.492498832545136,4.463096850249857,1.9686063730526433,7,7,3
3.226372389606732,1.5173018949335388,1.5099669715550879,1,0,1
3.064142645018593,2.1723874862961474,1.3621573704142067,3,1,1
2.050188178561579,4.1584384353455235,1.6392600742310799,8,11,3
5.137121790001705,1.2807866406122979,1.1880095545148845,1,1,1
4.663189859548074,4.244829770310432,2.3902756773714686,7,6,3
0.3854406780145765,0.11412102602831885,0.8012690619601275,7,1,2
5.066854707213786,2.8063901163485196,1.5414442669102726,3,0,1
4.340935669937712,3.6648646175546196,1.7617130498081623,11,4,3
0.17710549762839378,0.008698339074873593,0.39739191558043757,1,0,0
0.19328872555723783,0.028161321992093744,0.5137352479407036,0,0,0
4.287276293122914,2.5622070749854444,1.2655571802596237,1,2,1
3.599988163765552,2.085207708796556,1.1636161225554646,2,2,1
4.116176454254475,4.784083125089237,0.9746763167318742,7,9,3
0.0,0.06101595144547327,0.41162808593089373,0,0,0
4.433810426074997,2.113531526572075,1.440021023064475,3,5,1
0.19176008892980237,0.1295390420963103,0.8382406885078271,5,0,2
5.337915367279281,1.7042234052403695,1.8511275264116296,7,5,3
4.287543324326865,1.8588439790375353,1.4596067724525614,2,4,1
0.13162038695277606,0.06762815057847142,0.5697586970339199,0,0,0
0.2740128235577232,0.0,0.7089975070588517,6,1,2
6.854344633367015,3.5989379248402593,1.618537017363416,9,3,3
0.21237109654390707,0.1665128889578114,1.0546756979801277,1,0,2
0.45150263841047145,0.0909936805011748,1.2417229526691798,2,1,2
6.510669038498732,3.2154851763222743,1.8426703567187017,9,9,3
0.1923318498023833,0.06390804949100598,0.549288397185187,1,0,0
0.22049479101905287,0.10566472136462682,0.7951947347564186,4,1,2
0.13006033744645576,0.030309318990360642,0.6243469128345964,0,0,0
3.29283831090596,2.1812254343128052,1.758329396702002,0,0,1
1.4195562314046635,5.8349912808232345,2.938059058717034,7,5,3
0.05230302903016776,0.05068016192456294,0.5277552513493532,0,0,0
0.3582080744555268,0.1783026049183069,0.7342819091212581,6,1,2
0.37675139022007115,0.09759986341611598,0.5441799257477957,7,1,2
0.10842304881348072,0.06053073367344615,0.37307088947568956,0,0,0
0.11973357649114906,0.012207014158076943,0.4517016073927159,0,0,0
0.12279438860408039,0.07018943577191938,0.31962495159075033,0,0,0
3.2574169637102064,3.187233141641996,1.7989387846238951,0,2,1
0.3144092883294512,0.17192281190813202,0.8863823763280269,6,2,2
0.09584472136856527,0.01976233160873573,0.5008788442632072,1,0,0
0.1033536937694747,0.09763264601221046,1.35150695848322,2,2,2
2.8768703534521345,4.258910473332816,1.8089704954485333,6,4,3
5.664622719887727,4.150290347020974,2.4040059651639494,11,5,3
2.3869358988128226,2.0034924581279694,1.5903003701755427,3,3,1
0.12009707219610816,0.1580918716060239,0.8681322839958293,6,0,2
0.2534772723678165,0.08695053328059958,1.1236021145909756,3,0,2
0.044992288351415256,0.044409850734069334,0.31907322854117415,0,0,0
3.109623306619138,2.8053153386044762,1.700746991186012,5,1,3
5.735929032891528,3.6632283809534103,1.7797754169500537,7,3,3
5.260306003233658,1.9766475370480712,2.608674928191622,10,6,3
5.01318962820925,3.255887789754975,1.2639204875512193,8,8,3
6.002289648275944,4.279263154561643,2.231581496719214,4,4,3
0.20567889107974785,0.062118256395484406,0.6497985245871174,4,1,2
7.640862959180536,3.8826673657699096,2.065358641976818,4,6,3
0.3689849427658542,0.022439219355948642,0.7499185925943311,6,0,2
0.11066468536864693,0.057588107952102195,0.5776931692354829,0,0,0
5.4607030030639585,2.699591756294294,2.4220207064364523,8,3,3
0.15289927544623902,0.10548788029966823,0.8786045566609453,2,0,2
0.354741279206413,0.09288554174702188,0.5405305180116913,9,1,2
3.0407796020107596,1.7932805988117448,1.6445704896121016,2,1,1
0.11399843131599102,0.04398280505718348,0.6038606069208816,0,0,0
2.08317647205081,2.312555273124474,1.353366886525978,4,1,1
0.3216255835673597,0.03711852383111293,0.8905315277606485,1,2,2
0.3141962177409176,0.006501023839634287,0.8118291884614965,3,0,2
0.1154416506299482,0.06030588643248935,0.4727155453659869,0,0,0
5.015096187488734,1.9636118484700718,1.5222383550065013,13,7,3
5.531252849717181,2.9909311451504936,1.3228561307488782,5,2,3
6.875228391133422,2.4820168499619966,1.7929173280567803,9,2,3
0.1640413014201035,0.12552736079468338,0.6140498550695218,8,0,2
7.023985669307962,2.690976993873412,1.5103783083753348,11,2,3
0.09399805833212624,0.14663418048110005,0.8763447980190937,3,0,2
4.156406565489972,2.265542565487975,1.9396138282495554,2,3,1
0.3123495931000072,0.0013288315437059856,0.8791222098224251,5,1,2
0.1529968192023311,0.0,0.40845229709097075,0,0,0
3.6804681418312066,1.4146687348999056,1.7580555632345534,1,2,1
6.963408885224764,3.8575569312312927,1.775304632873952,9,2,3
0.15689025074163,0.07502424881185801,0.990158022802097,1,1,2
0.4993957654956412,0.046812348557328624,0.7940068085715775,3,0,2
0.17010517394646096,0.05423802856811178,0.880078983614617,5,1,2
3.3549663084715777,2.927559286517673,1.475359000933786,1,6,1
5.772042558656147,4.398818882000528,1.4798757620724152,9,1,3
0.08393070791735033,0.08251917830724126,0.41984724098954584,0,0,0
3.7893389056429845,2.130328077352601,1.365826468563808,3,0,1
0.3771517940987039,0.0623428561963463,0.7237034997154425,9,0,2
0.2786781627170167,0.1506661751449568,0.7806228142923369,5,1,2
6.997699943365151,3.45613924083408,2.2676862884053577,4,3,3
5.125330309075195,1.544108856165679,1.539805385739923,1,2,1
2.894009953915088,2.686374833124437,1.26278681415343,2,2,1
0.2628287737834347,0.03344116013071895,0.5073855854453608,5,0,2
0.06489734530613239,0.049143532373768506,0.3608041619048269,0,0,0
0.08525251608539862,0.07025274819288144,0.41064049862808794,0,0,0
2.553435481472185,1.9817763398709811,1.3442922843245555,0,0,1
5.165252233944695,2.2828692522269756,1.244665563949684,1,1,1
6.4323073829344155,3.3631909917044513,1.848284473179129,11,4,3
4.694214483013992,2.053252700709593,1.4088232057153882,2,1,1
3.8615167885523953,3.6412574278788212,2.162139230182552,10,4,3
0.18771940668414383,0.0,1.033865425328142,5,0,2
1.5216150834269158,2.7180446730910077,1.6792418801690283,2,3,1
7.636131246137809,4.819096480287322,2.5615112539017275,8,7,3
0.28565428050802977,0.0926177410031459,0.7304417741894679,4,2,2
0.10578373171464293,0.06337309609515814,0.302403670010838,0,0,0
4.667080795355989,3.6388261922573926,2.02370344166581,11,3,3
4.091571018453098,1.9123209128025795,2.843725275307727,1,4,1
2.4222560650696563,3.1388444630154657,1.3749301091641832,1,1,1
0.4087410553636699,0.06293862912879289,0.9647788707401534,9,1,2
0.11513177326195168,0.03331353909016836,0.6171810143273845,0,0,0
4.278774307977782,2.3797210869112915,1.691085761998461,2,3,1
0.2892515282344372,0.1073212863360402,0.738015155715954,5,0,2
4.508493426186984,4.7444432413047775,2.4148882460233296,6,2,3
5.754631724327736,3.7305264973554966,1.8758471201948155,11,3,3
2.9015180146756236,3.494435810143428,2.116051865226624,2,4,3
0.2591855477310238,0.05040322487484399,0.7160985835039283,8,1,2
3.7688049344392307,1.8859243253558828,1.3185974455104243,0,1,1
0.08064501487627995,0.06595989099224472,0.5408135912778357,0,0,0
0.2250870367097994,0.0376973112414789,0.9643739544518257,2,0,2
3.41880681586453,2.225661412371706,1.3004579102146763,1,3,1
2.748832780376121,2.48766786744438,1.6690213081344156,2,4,1
0.006673002431969194,0.08185339996565769,0.5160649940353117,0,0,0
0.23851853266788908,0.05916031363553642,0.8476797665306194,8,0,2
2.5103490338356367,2.522490247566597,1.7328262118587694,1,1,1
4.753250192609062,4.15475722122507,1.656440599887419,10,4,3
0.02027861706028164,0.04908975509397516,0.3812234760082473,0,0,0
3.3783113143127306,2.189113142715755,1.7960284852448467,2,2,1
3.2377664306171443,1.5876330102488185,1.8203570031883198,3,2,1
2.3962414373976832,1.7777602350611477,1.573655532998208,1,1,1
0.10384259414793842,0.04785470468378117,0.6833896546024376,0,0,0
3.684768650249024,2.334934018952411,1.2681979828018628,0,1,1
0.39885557325118115,0.09880644656265151,0.6462957079442827,7,0,2
0.07899065914520714,0.02815672734563821,0.5160589433171759,0,0,0
0.07644808471908386,0.05433551127525259,0.4670510699782014,0,0,0
0.08541531251033617,0.02738223129348169,0.5014508999262655,0,0,0
4.216418516587858,3.917648335722207,0.6768790907522686,13,7,3
7.4431132984401,5.413155648294015,1.3668495532195142,5,1,3
0.2737687171504677,0.10830034424105982,0.7127248114367395,8,1,2
0.0,0.03669155403741079,0.4415599023403969,0,0,0
0.403814669602009,0.1579748976786817,0.969197937471409,2,0,2
7.196526971012588,4.6791086317131025,2.3692862102181618,6,1,3
0.08356907621255077,0.06372707110029066,0.26325223466267217,0,0,0
0.26366459048920415,0.08530926669986556,1.0612173740496629,2,0,2
2.0688858572287447,2.3033650012600533,1.6503747260421608,0,2,1
0.13193651110145924,0.0104354950125038,0.4238175328341151,0,0,0
7.238397816950923,2.9029690998383892,2.7234712374871934,6,4,3
4.530438785636791,1.9333048389441887,1.4750003398126958,3,3,1
4.8155819758982865,2.929095387480907,1.6585524229744701,6,4,3
4.575390554416414,1.591031354786759,1.3239561853190756,0,3,1
2.4263071538025356,2.2428735737277297,1.2935753620259045,0,1,1
4.877363721449423,4.630467264230279,1.7032051717186025,14,1,3
0.011188238355084007,0.05261380048928765,0.380812529580875,0,0,0
3.1524997002940895,2.368764031733269,1.516855175517696,1,0,1
0.0694241098504026,0.054579927849186805,0.49821050229916497,1,0,0
0.11209811357830171,0.060977676706347295,0.5008783654898148,0,0,0
4.178549654621052,2.454381739062179,1.8356736815121522,3,1,1
0.1915729382927177,0.05430793010912576,0.514934191105988,0,0,0
3.853534049384607,2.3234347836730747,1.4150622058611892,3,4,3
0.40566231975204803,0.06668335240891102,0.9373599240937828,5,0,2
0.05406740267579009,0.019085404266185338,0.48803803756312286,0,0,0
4.4704626369066665,1.590473678440597,1.2562855935929884,1,2,1
0.24962278534239438,0.06929370158867107,0.506068737390276,10,0,2
0.1298168330707323,0.20656048790036657,0.9206400684661775,6,0,2
0.020264846636660228,0.06913406372771318,0.5820298374508965,0,0,0
0.19350059026787295,0.03581413804811359,0.7375795816558357,5,0,2
0.1063189789773206,0.002261402596086551,0.5520689496422668,0,0,0
2.3689313700650287,1.8286411115609278,1.7461730435006841,0,3,1
0.11785562857558733,0.05778318391335858,0.5135924567218348,0,0,0
0.25982057570401007,0.22726913942075921,1.0498578712549713,1,0,2
3.9291135192257824,5.369338467767298,2.41147065762191,7,2,3
4.120500899099163,1.5794757848008527,1.4237536407376838,3,5,1
3.5023156531391617,4.22443584018444,1.0578528552093747,9,3,3
2.9509300353514156,3.842761287129317,2.7360437242224367,6,3,3
0.10232182740780744,0.0,0.4612035031092548,0,0,0
0.48538161755900894,0.0202144723402983,0.7324993404773787,6,0,2
4.554606643630692,4.221397888716624,2.8491744000239745,7,6,3
3.383511647368965,3.2426569622668433,1.960086853719877,1,4,1
0.2602076989192576,0.17567167083656926,0.8059954243076971,4,1,2
0.16006069610819726,0.019710593816384663,0.5031491562261996,0,0,0
0.13148054691920916,0.047166043754640674,0.7926483169910593,8,2,2
6.509205985183362,4.348026731611487,1.688387643736368,6,1,3
4.687427151682,2.96904744969657,1.5637140258070468,1,6,1
0.09134640878580652,0.03377998272742311,0.5590744335510326,0,0,0
7.617721978148653,3.178537578386022,2.330449995030015,1,4,3
0.1209766221953514,0.07894611398783613,0.4089513296468479,0,0,0
2.1596339943779665,3.1963473065580126,1.9115930445962834,6,4,3
2.853318980890768,5.664466305167959,2.8799884636485578,7,5,3
2.755021232514945,1.7911224375395918,1.3401896737335066,2,3,1
5.588478059518714,3.7465141584639485,1.5923637644893813,9,2,3
1.832334733809138,2.8548540143377594,1.2983343382342785,4,3,1
0.04636284871300968,0.07510807218919793,0.543235271420034,0,0,0
0.1635264686030209,0.031773550848198384,0.6021737706128836,3,1,2
0.03871171684988294,0.06357893975524466,0.586254348461517,0,0,0
2.7291863693859106,2.4680767970641053,1.4048314835335574,1,1,1
0.04095935923455776,0.03665621830444989,0.5023080658950421,0,0,0
4.000112829620867,2.3185595202056137,2.0546815855685576,0,4,1
2.389358451805717,3.1917615878578833,1.6383286363167744,7,6,3
0.05419040422593788,0.05480411687892446,0.45419748169854435,0,0,0
0.36725496745679365,0.1635940819202779,0.8040246831192064,5,0,2
0.16606520161365063,0.0,0.38792323493037506,0,0,0
4.088436180240308,1.666307972819936,1.427937338699244,1,0,1
0.26513674792376934,0.10727987534128311,0.8440765639484081,5,2,2
0.12310517371316354,0.044302490132606585,0.5783358710524031,0,0,0
0.38305306044184284,0.11169840151511817,0.7703677718636421,4,1,2
0.37684374973966006,0.1768823016845249,0.8395480671166594,5,1,2
0.28081735456132534,0.09626256900487185,0.9631522872850244,6,1,2
3.867199798775388,1.9237501608450402,1.5239365294296972,2,1,1
3.3864118863789496,1.6548240669368555,1.5302207424364034,2,2,1
0.37975201115267104,0.1394411800522587,0.6688320298877592,3,0,2
1.7675054050326726,1.102435401690066,1.9523123097940094,0,0,1
0.1273548690585019,0.06830780551120325,0.4241029301096655,0,0,0
0.12008558610494707,0.06362719020885896,0.4072446669188272,0,0,0
6.5788118967527645,4.628250198424633,2.267637191388445,9,3,3
0.3895096462741283,0.06513827415746537,0.7944882587838905,5,0,2
7.404399842324528,3.5757282142843816,1.9996658301771846,9,2,3
0.0675313480839287,0.04838165324674624,0.49879564470400684,0,0,0
7.943770654587979,5.434259954007354,2.0547855280987966,7,3,3
0.1400204762613841,0.05790841970776077,0.5588076675167832,0,0,0
6.345233499063598,3.9691615903914257,0.5022161737947051,11,5,3
3.24040327819073,2.589712234070214,1.5881242055021996,1,1,1
0.06037900395000194,0.018328232204248403,0.5714745649888945,0,0,0
5.2945248483922125,1.9556969468256953,1.43685359083889,5,3,1
3.9301429743153715,1.961045976834341,1.600537839922099,0,4,1
0.2030751788318199,0.008443763602876068,0.5997265567658873,0,0,0
0.13226077929750285,0.07325677155069972,0.46578513488727613,0,0,0
1.818623108284736,1.878741775236989,1.434008973998091,2,4,1
0.2673970683442531,0.05057802947761982,0.71713039585254,4,1,2
0.12788455303625623,0.03395439945720913,0.4596934131963278,1,0,0
0.24367836144724161,0.1012803077563997,0.744769260444369,6,0,2
3.6206085476135788,2.285765348450371,0.9236960583530232,2,2,1
2.531871402147673,1.909069967104919,1.953396839760961,0,2,1
0.24521671466850367,0.0392394291040838,0.8226161526145714,2,0,2
0.08984773069785038,0.043274905226378564,0.5468978078148468,0,0,0
0.22861897227098835,0.09271157772449812,0.5098131314630182,5,2,2
2.884218541502988,4.888386670434741,0.9650708265614458,9,3,3
4.194326381149299,1.4155095448937502,1.7160040595508754,1,2,1
0.2712385688125076,0.07086784407389127,0.9000096482891443,2,0,2
2.167550219001795,2.986289952223466,1.6102587142684235,0,3,1
3.3596837719528403,1.7122548934519393,1.396458830857023,3,1,1
0.09093879133909485,0.0439287134946817,0.8117681129208048,0,0,0
3.51342048538846,1.7401627608981824,1.918177359162322,1,2,1
2.3326176033694583,5.825156865218547,2.595513341917498,7,4,3
2.920743472331805,2.9570076756129655,2.20685890636507,6,9,3
0.08677425793446947,0.041651392360211356,0.49649035332154057,0,0,0
0.36352330218545337,0.13885811929632164,0.5377746100537162,5,0,2
6.535221866891596,3.021953855109768,2.194320316250058,8,1,3
0.33799241782917067,0.12055105274461678,0.6593066415079171,9,0,2
0.1466295415936545,0.00835802593622026,0.7498430483721494,0,0,0
0.07812708498382948,0.02900689002180118,0.5294719252902301,0,0,0
6.748184874424387,3.511159092828199,2.164071013861388,1,5,3
0.1307967803472132,0.03764716646132607,0.39528424313097354,0,0,0
4.241550655284772,4.696785143169712,1.5233633056257516,4,6,3
4.162168753947499,1.4552432958632724,1.563689885298143,1,4,1
0.3757743317447856,0.14553770493857737,0.829167162491185,5,1,2
2.8577675215560108,1.8001517545820045,1.2604438823447917,2,0,1
5.256687413986808,3.6455492052190945,2.345903664568678,6,8,3
6.875589324813307,3.3770450980450692,1.9567981377096202,4,3,3
0.060755084345888,0.05711337897126459,0.3170318184791917,0,0,0
0.41418635102837786,0.07555292889201176,0.7264743178093718,6,0,2
0.05838222134478857,0.051571540594383,0.2776425832062803,0,0,0
0.08195169170904601,0.04180626814741006,0.5068371565967659,0,0,0
4.197115243481032,3.86574814538768,1.014924205278843,7,3,3
2.5226358825162896,1.4922462805933394,1.8263820759805656,0,3,1
0.13067589863652085,0.013366355055879478,0.30344441085234947,0,0,0
3.622490925374455,1.2999717314183101,1.2197983493811857,4,3,1
0.06322350287051168,0.0632940549066622,0.596717812243895,0,0,0
0.12566337165566782,0.0487295085076929,0.4286415330092824,0,0,0
3.865169001048321,2.8906998583004286,2.0021231261950274,3,1,1
4.169438371542468,1.9377716851427889,1.7371924751663015,3,5,1
2.860806466249842,1.6761736218109773,0.9551200499598013,0,4,1
0.042586835562369085,0.03352930058748301,0.6179988529689786,0,0,0
5.121873747785052,2.153348471014919,1.6606962154057423,1,3,1
3.3484444871765016,3.58987085233553,1.2186302475627646,12,5,3
0.42208583206477435,0.13143491502363713,0.9070851912605746,3,1,2
6.053543960307282,2.8040970419317155,1.0251761726536925,10,3,3
0.09519700501376752,0.0734551369053489,0.3595183056072493,0,0,0
0.1913004856773468,0.04607438697224127,0.5072252048237916,0,0,0
5.331847157338399,3.135270144195535,2.6630994430568444,9,3,3
4.65291325620481,1.42541019889161,1.7651949481409002,1,2,1
0.05862048896756402,0.0727911107205094,0.41199880183092363,0,0,0
0.0,0.030981785406255364,0.480669577355203,0,0,0
3.00079800172407,1.0103351525017992,1.5615554672208551,1,0,1
5.439540069937037,2.5775184551713735,2.286577770022246,6,5,3
0.19669149495445096,0.0694927030185081,0.5726497841878658,9,2,2
5.5217306459044755,4.338183960595881,1.7858129109386114,10,8,3
0.3020560153849151,0.1339057848609353,0.6644507003464243,6,1,2
0.27734357243220664,0.13494724570029923,0.25055357157714575,5,2,2
0.03951526285794463,0.07363782185919923,0.6392038751587091,0,0,0
5.5372556418294225,4.231843722944604,1.9025994100746386,12,4,3
3.8577312248792945,4.1733505568645075,2.005062662264019,9,6,3
6.87096840839659,4.378665601275038,2.548097602902303,14,5,3
6.824206909645378,2.441970213604069,2.48457899942232,8,5,3
7.061041478440277,4.367067285314405,2.364818664595916,11,4,3
4.792874792523956,3.1635995406719806,2.439460227843181,8,5,3
0.17011440962299348,0.12294500359730698,0.8036016846741514,4,0,2
0.097044780879953,0.0,0.5970658431416709,6,1,2
0.16962326500321645,0.05454068957729778,0.5151407390624777,0,0,0
3.66179154060272,1.8763245364255434,1.7959542011412601,3,1,1
4.199212438671987,1.6422436169386256,1.6777563029282616,0,0,1
3.325556065714718,2.226637021066588,1.1553479641152409,0,0,1
0.16490089646111475,0.11308179992837446,1.146338597730725,2,0,2
0.15659541393468976,0.06619763776104645,0.8586413742157661,2,1,2
2.5069852561959833,4.676196511725775,2.449474482377745,6,3,3
0.06621459604191941,0.06291175424348387,0.59049620414942,0,0,0
6.04955457589791,2.1395704129874824,1.4056704849552988,13,3,3
1.9050653150675756,4.843412529542496,2.128063175541115,5,4,3
0.1312833673882503,0.06358285550876391,0.5218659306757297,0,0,0
0.33514080659157797,0.0689114244428598,0.6963947640962296,3,0,2
1.6462677587808767,0.9356754377407401,1.4617926995636665,1,1,1
2.3066242314566847,2.517958104716017,1.3387780863288559,0,2,1
3.8149117361307496,4.7292034123550755,1.954952867587318,9,3,3
2.7242611680455147,3.684685856132457,2.4646641922474517,4,2,3
4.398302549689035,1.7630585651071404,1.4188484087711477,4,0,1
3.417510608530299,3.448448603437443,3.0058022564328564,10,1,3
6.221745315589924,2.8061621536670707,1.1123588034606877,9,6,3
3.6662191680789515,4.113636745713591,1.9127331491538995,11,6,3
0.38548319474886944,0.06458618308315967,0.9556260898708916,3,0,2
0.4124582628448704,0.13477502402236155,0.9191126763573689,6,0,2
4.4490614939923905,4.0067694504240805,1.8537391482597345,5,3,3
4.010252222405018,2.4329362942921717,1.1878598076331301,0,6,1
0.14764372736014694,0.07848991642493895,0.5492014280566898,0,0,0
0.39202154051909593,0.07503546603505964,0.8002558360739019,3,0,2
0.3779922164828575,0.06091304284541566,1.095404480798043,6,0,2
0.1897278931758894,0.029519428182272413,0.4019937698159386,0,0,0
5.129451843648129,4.94743194545467,1.12291635581499,14,5,3
0.3269784398839091,0.1669207538257021,0.8963703476090162,3,1,2
0.22149729997979742,0.010160837706155362,0.9336378486022262,8,1,2
0.07320992684738512,0.05381833048287422,0.6727963835381765,0,0,0
0.4275119748297601,0.22710169898578023,0.6569904404406361,6,0,2
4.507750471959936,5.228877494450559,1.36436574651992,6,5,3
3.46186543117536,2.010013669902015,1.7725242717258487,1,4,1
0.1733770470930776,0.09815609703526237,0.58723498598105,8,1,2
0.20016290563620076,0.0470086154968182,0.8679908905485075,3,0,2
3.7004560409498395,5.429565193168198,2.848855253373827,7,1,3
0.4013171297647458,0.0700305517896701,0.6930902969808155,2,0,2
0.25131798566009306,0.1895943722037356,1.1144518670703043,7,1,2
3.3870188768933893,2.767815489405516,1.3243664937240096,3,4,1
0.17584837146267102,0.06542429392799123,0.89202403742317,6,0,2
4.157321095119539,2.299297545722196,1.7030512962333022,2,0,1
4.630526619537311,1.7065145069897683,1.2327043674139708,2,0,1
0.2692567654550683,0.13408300626439215,0.9749268222923312,12,1,2
5.952928544598377,3.92890391756254,1.4561882690643306,9,2,3
2.709569240841194,4.003600375806937,2.1040094102378757,14,5,3
4.516782390214708,3.3139269082117395,2.895626801564402,7,6,3
0.23167147367824148,0.022962338736651003,0.873620277089401,5,0,2
2.9673932433265033,1.6643944624330556,1.2577859831147666,2,2,1
4.433388222284749,4.725487021828093,2.532163357216824,9,2,3
3.4776914610875687,1.926230905949924,1.655948700801308,0,2,1
0.0,0.046974015595349555,0.4764726090027561,0,0,0
4.5685495584553,1.741016350391745,1.4266800493387468,1,2,1
2.996277663170546,1.9329011553572735,1.404297590858144,0,3,1
2.835299094848986,1.5356318422336077,1.2589407115718723,0,3,1
2.7493731780232444,1.6965182770636822,1.3976400801920112,0,4,1
0.07345656135398397,0.07381097188687193,0.6392455941483067,0,0,0
2.8265857604401274,2.0183018282815395,1.7211068566668941,3,3,1
5.613409905379358,4.279588649318602,1.8392255889977513,9,6,3
0.17689659592062765,0.07650552180874076,0.5097434110297303,0,0,0
0.26161860873495707,0.06478424256280552,0.3020925816929183,4,2,2
0.1377695612912878,0.07076757702038633,0.3481030219186685,0,0,0
0.2141612466098824,0.015686314707956103,0.8669778051635837,7,0,2
2.524467064385368,2.5923719493533404,1.7994913705735152,1,2,1
3.78378802783808,2.0849723555257413,1.757505369901617,2,1,1
0.27779574313678784,0.09528077119701575,0.5706892844053939,5,0,2
5.594229685987723,4.354777722991601,1.5999528675169647,1,4,3
3.1550168380429326,2.1176585842423186,1.4130236540924954,1,2,1
0.33438442277788005,0.11571607229075269,1.0040912146835201,4,0,2
4.722807922133408,1.2488673738298595,1.9428344623697293,0,6,1
3.160911705473173,2.1448922393291108,1.687523039101222,0,4,1
2.270504842291912,2.184458601454123,1.0354250899135824,1,2,1
8.098486269944077,2.841752426642654,1.5258087248313674,7,5,3
0.3398643471796651,0.0,0.5771203614176664,7,0,2
7.9153871362400485,6.219820358632264,1.644232613479204,11,3,3
0.128853606359027,0.07318148129911796,0.7035873535181792,0,0,0
0.14475966100138662,0.05645949007235337,0.46788409612942977,1,0,0
5.581756434902863,3.870177501818587,2.0458174172035006,8,6,3
0.4208168717690333,0.1039546748433194,0.9375698487685614,3,1,2
0.05028253126957439,0.0,0.46348473868017864,0,0,0
4.902780746310612,3.637741986942546,1.5736893970666959,7,1,3
4.326453110858762,1.2469585447989657,1.6137370899207713,1,2,1
0.2578023135907691,0.12277304206357026,1.1707929372099672,3,0,2
0.11335251329346295,0.04892190301988522,0.4185243997176452,0,0,0
0.09649171442706765,0.03744532187830989,0.32527783330347443,0,0,0
3.9760472908639786,4.4641016661255115,2.2199332051353484,6,4,3
0.06594741712625596,0.04838243004269078,0.5000755507454595,0,0,0
5.417287968605754,1.2853665601644275,1.804756955697893,1,4,1
5.514595173869604,4.082552915611718,1.3318321495817456,6,2,3
0.12242417101937464,0.026425038488166394,0.5565522700220915,4,0,2
0.12844915395926376,0.04258834475198434,0.424404929330808,0,0,0
3.3271866481065935,1.3650384563362263,1.3164260842074538,0,2,1
5.926178003841775,2.679645712168255,1.8327623947760192,2,1,1
0.434548895620512,0.07821757504339079,0.7606289819213852,3,1,2
5.882979812754835,3.728751042776007,2.4285922445030206,7,6,3
5.269285016948944,4.128888841284077,2.1933607600594764,13,2,3
3.391151374930838,1.8770904366444712,1.5979689047589165,3,5,1
5.5074073374314185,4.516771808663899,1.1303980112737926,3,5,3
2.3915029092032167,2.3127380001520255,1.3471300491390505,3,1,1
0.5275770048285442,0.03825993068166078,0.3930721523976036,3,0,2
3.1896038635244865,1.4439068493607208,1.2700560681274293,2,1,1
2.922657984291666,2.208729515681583,1.6479352581648015,1,2,1
0.09738307536039098,0.03677537967638772,1.060931325481352,4,0,2
1.9524302058636889,1.9302024364421242,1.6635775449078358,2,3,1
6.388243694270592,4.690747949308056,1.3744319290632077,7,3,3
0.36324000449549776,0.13755144158470492,0.8310303950561311,2,0,2
0.25260674605115196,0.018786170189662693,0.8140371999556726,7,0,2
2.1272990598197357,2.9401471247247755,1.7827291040143098,9,4,3
0.1135747655412824,0.05422793134941318,0.32367633010965147,0,0,0
9.270997526074446,4.201645153088322,2.2953844436162845,8,4,3
3.2227927433675507,3.0482109924522796,2.892442446396719,2,3,3
0.06782408848099286,0.020019680790831978,0.5364561477355457,0,0,0
5.309865489174747,3.4990363089304557,1.7315430599063073,7,7,3
2.5813835414769675,2.9439294939793195,1.4913295429506417,2,1,1
0.2463213528844725,0.023196016148088666,0.8675044656335715,2,0,2
0.3885376990516842,0.14420887306946528,0.9990508789352113,3,0,2
0.09463489279978857,0.04749651143233672,0.46327960657882516,0,0,0
5.376646609643675,2.9429298749016173,1.5219375534686015,6,5,3
0.32791184247507393,0.10873548243153396,0.5288213948477583,4,0,2
2.4847076257501843,2.1087567479693927,1.7695883600191455,2,1,1
0.10117390776904481,0.11803166738533404,1.0575388826368344,7,0,2
3.0373247864508865,4.863516988950845,1.763527114747931,14,3,3
3.118228803325957,2.019899727058008,1.9828624971115107,3,1,1
3.8710537382153634,2.0169784425825843,1.7404919150711076,0,3,1
5.4402603046196525,3.365189442466753,2.9110913194684187,9,6,3
0.07578829635668743,0.040966810476807544,0.3866169643193646,0,0,0
3.019830415792766,1.9647698297670022,1.5989876363521305,2,2,1
4.817874955046145,4.796709334786639,0.93238956027737,11,5,3
0.14089448290125145,0.07620383816161794,0.3592912805215983,2,0,0
0.6158073426185624,0.12905340917243052,1.0663492113912343,4,0,2
4.415377418115218,0.9658989828393705,2.444941699476522,4,1,3
0.04594683362000514,0.09563303673077686,0.5331647667125763,1,0,0
3.9695645459526325,4.562978932545301,2.78818298449939,9,4,3
0.13837173645764544,0.07489359161473574,0.5487774821084338,0,0,0
0.1173251940865358,0.0680803510952263,0.4502645628585907,0,0,0
3.9590497232445587,5.067705729807902,2.8021355093213285,8,5,3
0.15504798174992857,0.05204969284316415,0.49327225350864656,0,0,0
0.06540459650593777,0.033900670382948785,0.6165916520255224,0,0,0
0.27249865277449514,0.1041036636324789,0.8158732026783067,5,1,2
6.419897733370098,5.104348899604896,1.171139273444318,8,8,3
0.012063025678844291,0.06970899371230438,0.322603038388787,0,0,0
0.10094248114724239,0.04196409946116733,0.4564235503029381,0,0,0
2.463670803161837,1.9486162692562001,1.1560349508877628,3,6,1
5.674274318489785,4.706519027448489,1.6085148826888105,9,4,3
0.11979017667187046,0.018642811492690883,0.602003650690209,1,0,0
0.15380035692992994,0.030306904303054754,0.47178742230660886,0,0,0
0.3104852690441106,0.10075655386742784,0.8898705635082695,7,1,2
0.07945928560227077,0.05446541671840522,0.36776525653167047,0,0,0
0.2670482651329689,0.04935921810795323,1.0487117119164877,9,1,2
3.9183800166900444,3.2705502628717276,1.9070202677558374,10,5,3
6.385241607662437,3.9404003251863333,1.893305428087998,12,4,3
5.947487390070583,3.044520256191289,0.3020761477851659,4,1,3
0.1336286850601366,0.0598812783795104,0.45865762293635587,0,0,0
0.46700219883202243,0.06968438715108694,0.4855020951705334,7,0,2
0.09328456292647261,0.05614807139439377,0.41741672267619523,0,0,0
0.11426130941118731,0.14500501001210112,0.9142639148254035,4,0,2
0.08779216823546757,0.05843092167073123,0.4197800591964821,0,0,0
0.08641724448369734,0.04253463508117372,0.48159131329840804,0,0,0
0.0064604039487072135,0.054505282344950994,0.5273118434293644,0,0,0
0.28885521841218154,0.027633144377750093,0.9589092035167479,3,0,2
0.05544038872923563,0.07011849023592834,0.5178529169720478,0,0,0
0.4594783796486747,0.1056349254523483,1.1930794369665412,4,0,2
3.716554738378206,1.2763911103710208,1.1319252971114278,2,1,1
0.06971425384983308,0.032193643039602565,0.48734811030460495,0,0,0
0.43298683420109085,0.13658449436482067,0.4534294741611301,5,0,2
3.933184067271543,1.3558242903979791,1.7047957521877763,2,3,1
0.15470957592354745,0.0417701371087564,0.5366814043285443,0,0,0
2.877328233447617,2.325665475997602,1.7679232303697074,3,2,1
4.006636648022714,3.3665123722042702,1.676869298061719,9,2,3
5.643546735600157,4.27060789158427,2.256413300003426,9,2,3
0.2925962993735403,0.09429243912367676,0.5197161760769975,9,1,2
3.9862873047408947,1.7894486139190842,1.4349623904936213,1,3,1
0.33277741899254115,0.08253419681577645,0.7199428695175133,4,0,2
0.15815956725127342,0.05204512294267493,1.0105954913850435,5,0,2
0.1276244977208574,0.05665215020648395,0.45234461985664753,0,0,0
5.372350989841454,3.884715138003465,1.6938642828971855,9,2,3
0.15971837134284125,0.05937077236504271,0.7510094736025801,3,0,2
0.28606296917260987,0.011380049457085734,0.6584575253583892,1,1,2
0.21661013149332198,0.05381273175991171,0.5824301768111424,0,2,2
6.881745509116504,5.139528391331474,1.8802776038200633,8,2,3
0.13971323398109137,0.06144012556600946,0.4866996836069936,1,0,0
0.31618708287790814,0.1728757605972031,0.9738056553172852,4,0,2
6.317931640965607,5.051369029063469,2.4879194962836344,8,5,3
4.8153599721023514,2.74014725096397,1.1293130011125763,5,4,3
7.177176137973646,3.781556838749642,2.0585170348704542,10,5,3
4.555354080608656,4.192442468575579,2.8835981403389845,7,2,3
4.136553206873264,2.430342710684315,1.6530199779513197,4,4,1
3.7079200673839576,2.3613883869663863,1.6249570634145514,1,0,1
3.8796996774171126,2.3702106070238758,1.7564833953168448,5,3,1
0.39530079573735677,0.20322381583989751,0.8884769446549122,7,0,2
0.08932764241440765,0.03921754593702043,0.5034029586346681,0,0,0
6.108818712673825,4.335078924098581,2.3120447390874785,8,1,3
3.572249134236203,1.8326133376475862,1.6490213270327154,3,4,1
5.14866575809958,3.7755899417073833,1.7617368076314603,2,6,3
0.16387040663802946,0.01132132788934112,0.7687073980656134,4,1,2
0.13310653372605236,0.037004695463034656,0.565905434391342,0,0,0
4.075356724520126,1.3411001239455131,1.6076224164324908,0,2,1
5.514063078620787,6.273051559034959,1.8778018142724422,10,6,3
0.14215999733031198,0.1477862596475616,0.8873214511177205,6,0,2
4.014292807873651,2.9341078116097723,2.288362871913524,4,2,3
4.122538333596975,4.123003335376505,1.3531205660051175,10,4,3
0.38037743227471926,0.05010682254311267,0.7032048244822082,4,0,2
5.671052586915245,3.6125644281662224,2.6757180445619393,7,4,3
3.3795025861006405,2.1152707934253647,1.2942196488151145,3,3,1
2.605931007382209,4.074269366789778,2.4299191946931655,10,1,3
0.09025458598236595,0.052148887486817855,0.49415698810025116,1,0,0
0.17200586077247365,0.02326549122248139,0.5125901388394959,0,0,0
0.059886136538919055,0.026206666818192777,0.5078117735236016,0,0,0
0.07408648908631764,0.07447137764837256,0.393074550624492,0,0,0
0.2318349209430719,0.13752562098059345,0.6251690610884757,6,0,2
5.356688443608566,2.9071474373337614,2.1933794325437805,7,4,3
0.23905593709941203,0.0615595567189121,0.7564177567143316,7,1,2
2.4763402538692856,2.081935700868228,1.3240152793320743,0,1,1
0.009900978120999021,0.05987309695286302,0.396200864501077,0,0,0
0.1456792313116625,0.07924391877435275,0.48918610096085835,0,0,0
3.021445733282282,2.5966211375707156,1.6776308949607475,0,5,1
0.11002845986154715,0.06267322049548117,0.47120939231320796,0,0,0
3.022605681070573,2.6216936057568265,2.2833826178361005,8,2,3
0.3319561789167935,0.04641506847421534,0.6947183924536556,7,0,2
0.2917112191233974,0.0,1.1119582911932562,5,0,2
4.1970509788397266,1.7487067430471575,1.5825280430831263,2,3,1
6.6711734545426475,5.518136642857475,2.9395931529583366,4,7,3
0.25359642392531845,0.15365398719862963,0.7746892313281334,4,2,2
0.16803292979193257,0.05992800235467882,0.44432212271566335,0,0,0
4.0246240016469015,3.374971591861377,1.9340140240709423,5,1,3
3.4748917210849153,3.426185686456535,2.7072157825533396,7,2,3
0.15176246673618765,0.06271935501423476,0.5833179431270181,0,0,0
0.0939809418023201,0.03923904483019723,0.6428760162036771,0,0,0
0.03810922505865755,0.029159111755137943,0.5599577541245355,0,0,0
0.2644768973144723,0.0912615580349613,0.46363408660407734,6,0,2
3.912071137066024,2.4796266882245193,1.6204400575444637,2,2,1
3.6973134122902667,2.416046009186973,1.6411714378200892,2,1,1
4.154388134060763,2.7560339745707267,1.8116183699744737,4,2,1
0.37936685456257124,0.1616956938795464,0.9991524894112259,6,0,2
0.17755759877612615,0.04648872109001569,0.461754760233071,0,0,0
4.764156985882616,3.5824940005617987,2.100918731153672,9,4,3
0.22441575419587462,0.09215004796909858,1.0886598118136241,6,0,2
0.3798907672791796,0.0462543352830471,0.7065428797595587,4,2,2
3.4671255148475657,1.8654794540559587,1.040721710246206,1,3,1
4.935144749358756,2.750798830063756,1.9385837448933225,6,2,3
5.477149873152631,4.667107150842476,1.6856410123840773,9,3,3
0.4070350951071872,0.053158288057122395,0.955754056605211,4,0,2
6.4155486268323925,5.115493400058175,2.548788957597676,9,5,3
0.24713254060280082,0.133065902980016,0.7546645634956777,5,1,2
0.17857631404020682,0.09088190989202113,1.0483325083634687,2,1,2
3.6634477466174773,1.9537003023658035,1.8385637332593558,4,0,1
0.14497999377166254,0.061462556264824005,0.5079573534942166,0,0,0
2.916834282744044,2.2211681299880985,1.1140591519291763,1,2,1
0.0657685087119998,0.026220731609300763,0.3960888831632261,0,0,0
6.212857757729788,2.5591848417572427,2.037803655227656,10,10,3
1.7898248986082057,2.1308126317903855,1.625302530195588,1,1,1
0.3766508000839647,0.1942369777393588,0.6652706681778718,5,0,2
0.39723959017278604,0.04355509355720116,0.6848651295792301,5,0,2
0.05669125758927496,0.018356464733077456,0.5476240353387666,0,0,0
3.506131450435227,1.7859273345035978,1.2823147630310139,1,4,1
5.388532427447983,4.866667972710888,1.660106372128186,4,2,3
0.08473876478226662,0.04752542107450328,0.4471053237275301,0,0,0
0.3241557983288141,0.16939966013550484,0.6967797122056397,3,1,2
5.1223502023111385,4.308534154212094,2.3116658890877684,8,7,3
6.0252727960446055,4.0973675603041,2.596950278280072,4,3,3
4.621227020337016,3.729085512900789,2.299559342176834,10,3,3
3.4379113017857126,1.3180660331853291,1.2123215196856152,0,1,1
4.836137474341632,5.48991206420007,0.8196790312493769,10,4,3
4.423527333712644,2.5997022773475322,1.2564159683295502,14,5,3
0.0652643434455471,0.029196125603682045,0.5766388476572399,0,0,0
4.555732819374684,3.8506662747101212,2.0187330805208026,9,6,3
0.09601793043771426,0.05762619224529569,0.41465045199386585,0,0,0
3.519715637505521,5.211311184981165,2.373328333005417,17,4,3
5.448963111447619,1.8529528458056832,2.011118146409171,2,1,1
0.13107859449280254,0.011264945949950707,0.3205808133450564,0,0,0
0.12565528990880415,0.002160875913739528,0.5568273377152784,0,0,0
0.1725571803897521,0.008259459627958626,0.39037796751314346,1,0,0
3.9917396407562205,3.104023023771774,1.3502975206710632,4,0,1
0.29263657453273606,0.08126826717664216,0.5062331349619122,0,0,0
2.1858004703768907,2.240806922844047,1.3315929787428158,2,0,1
0.30392796453948356,0.11929954055096718,0.8656143129301463,3,0,2
0.1410951252187612,0.02776065948451673,0.5100791072644806,0,0,0
6.142876205801525,3.963680057975246,1.9071784580284483,7,3,3
0.12411244763403287,0.047533118719077797,0.38190275163356147,0,0,0
0.11383453996650096,0.02982890631847584,0.554968318629026,0,0,0
0.0697192230131568,0.019345988802201387,0.5906544157109964,0,0,0
5.685312539051692,3.8666543440225136,1.9932607278963443,16,7,3
0.12671612458282716,0.11587221795232767,0.7136908393218584,6,1,2
0.054804617926760515,0.07607015863869518,0.5968769895681354,0,0,0
4.652094368736487,3.9511622444576875,2.096603286802361,11,2,3
1.5747377874125146,1.909296982641405,1.2342112296000332,2,2,1
0.5073709431489805,0.0814007120453165,0.49840892377085066,4,0,2
3.7281872889609553,1.1015041763602995,0.7405709862665986,2,4,1
2.9897088404369367,2.564478367591474,1.3379582881609169,2,3,1
0.1480826441153466,0.17240588305224802,1.0998945359103764,5,1,2
0.09610814014935991,0.019390771805132465,0.7196646054978955,0,0,0
6.471333305758621,3.416325851757465,1.3916867639938495,4,4,3
3.306005207433375,1.6156165857196534,1.2971052409267911,0,3,1
0.2683233524383798,0.027364938860513985,0.780585264607532,3,0,2
4.385577081695045,1.7913673173388032,1.6694592396467876,0,6,1
3.3213191123920165,1.2749184164816492,1.6728686158786878,2,4,1
0.45778481332374876,0.08916753393478175,0.9821336746119813,8,1,2
0.11129064758021581,0.0889458941025563,0.5815878130149111,7,0,2
3.198266946041364,2.0731073981887795,1.6318457483987294,3,4,1
5.677293447549065,1.6186885417822399,1.7090273588142904,3,3,1
0.365274315390212,0.0353001560374938,0.8782868689988523,5,0,2
3.2763334281965557,2.0568788417401387,1.9641932949263035,3,4,1
0.06216024557152697,0.04355943691015884,0.633696907355596,1,0,0
0.19336194293631562,0.035829825584438896,0.8719247842687893,9,0,2
4.92739671316427,3.6443410656583315,2.2734792395815124,11,7,3
0.25451779483359077,0.09125161947588115,0.9671077832508139,4,1,2
6.852921557532605,4.999192253629888,1.7555793431680293,6,1,3
0.35454569028494953,0.10092316681515888,0.6525225794473339,5,0,2
5.400649041722087,2.262396287750661,1.982803012682963,3,1,1
0.134102603285631,0.05653710801220875,0.39440101880731565,0,0,0
7.352492188040436,4.387846415541153,1.656238561219329,13,4,3
0.12423664086472375,0.04513877602238267,0.34318556865799493,0,0,0
0.12331791872231673,0.05071132148065988,0.5038555168784318,0,0,0
0.15429477829157892,0.0630995116844338,0.4931553507333584,0,0,0
7.534209521172486,2.9546083157919947,2.670955805782313,9,2,3
3.164484167966934,1.2965947276975642,1.1653739989409382,3,4,1
0.305746554970052,0.15416846481802582,0.9880458611677698,3,0,2
0.016951953324200436,0.04423922252155847,0.5094621044669359,0,0,0
2.377542068677115,4.91847067893475,2.018524149342471,8,2,3
0.08398263459028399,0.07559037339520318,0.4852659773378494,1,0,0
0.3303641800406098,0.16254468943458955,1.0373339153698795,4,0,2
0.16105168477626766,0.09339873176161086,0.4651842603182687,0,0,0
6.066362849135577,3.3497597848409093,2.094138633438101,7,4,3
4.8626949911012165,3.821073749520667,1.6739776609982344,11,4,3
3.0467404740529576,2.3592451486585646,1.8049929621947647,1,1,1
6.338706295709261,4.730596104564736,2.3040997750481615,8,2,3
3.99200405410296,2.3247906658230866,1.6163572630246787,1,2,1
0.3860363099303359,0.052142469964983264,0.4983150593549664,5,1,2
4.2130563420964275,3.6554215009492483,2.6402356728166625,9,1,3
0.3151915781967148,0.1517005627183914,1.088925966947354,5,0,2
5.761785972805984,4.143797184442668,2.773577397359226,8,4,3
6.204047143750655,4.987485560626109,2.473688904517481,5,7,3
0.3680886212378949,0.1380469241374744,0.965797322500205,4,0,2
0.09426317792665506,0.05926577060236213,0.41575673698736737,0,0,0
2.5530172343826516,2.326040118677454,1.5998115883122548,2,3,1
4.755044679958596,4.643785047742376,1.6113178439952947,9,8,3
0.40691448640132377,0.039200099469326524,0.8792732729334969,11,1,2
0.0,0.04806752659970221,0.32697372695156546,0,0,0
0.4318760974839139,0.10526924303042469,0.7191380389003248,2,0,2
3.843554577039936,1.7390672417241266,1.2946243142576008,0,2,1
2.8501622109734654,4.52560044640153,1.8419294953605134,9,3,3
4.155224087387927,2.5138374163835335,1.7076334714753105,7,4,3
4.803624900456467,2.096281579829732,2.901751763269472,5,3,3
0.4026296585269112,0.0869691672208884,0.9151092947788403,7,1,2
0.06501372460037072,0.039420445838719696,0.6090183471020447,0,0,0
0.20711351793059318,0.0825833272980189,0.4724878571744953,0,0,0
0.031034038599273644,0.07901855096558424,0.5360368715904861,0,0,0
2.947398140224819,4.47025189448889,1.736095922352309,11,4,3
0.1441829968743336,0.05626264280026311,0.45835615667519747,0,0,0
0.16283739301429076,0.10172847084743031,0.9255541351454374,6,0,2
0.11400805794098035,0.041912760146199546,0.4185131851090656,0,0,0
0.08875720090959607,0.07440565792835435,0.4132077537248846,0,0,0
3.566211734645755,5.691936977530124,1.4820503299705408,9,2,3
0.10843273359833638,0.03474961521706804,0.5749282556879451,0,0,0
0.14096990985704833,0.1316848573731639,0.8509546697943785,5,0,2
5.605086639334502,2.9504443948018424,1.4252636989533842,0,5,1
0.08453938120743927,0.05006751013194322,0.5019458255518883,0,0,0
5.264691721742096,4.941424733068595,1.1907019656919078,11,2,3
2.8373085165119645,2.4073653608108407,1.662859116107466,0,3,1
0.12712800217929823,0.0235508408651286,0.4858470362662153,0,0,0
5.700746942253702,5.139346487186309,1.5333673972813435,7,0,3
0.313390786904495,0.07847062144421518,0.7438953171801895,3,0,2
0.030994927089255428,0.04540902689279306,0.618398744319689,0,0,0
6.6865279601971785,1.2885189254444547,2.080659572763598,3,4,3
3.6822802235378695,1.7271929218356237,1.3604263712492757,1,2,1
0.42908858964911045,0.034576268453733836,1.0245959880165785,6,0,2
1.8764128222115524,2.6265224156625138,2.1121982304448634,10,4,3
0.09357312442805346,0.0688236373283994,0.436377628734807,0,0,0
4.806930526720141,2.9981031525314323,2.8878774435261083,7,3,3
0.3140027822225887,0.10682755858596664,0.6176646496206502,3,1,2
0.23406176645615695,0.044946657962570635,0.8522702874510064,8,0,2
2.992155019902659,5.027303913911907,2.135598248118785,12,2,3
6.455062399332284,4.0477844555996345,1.5044805174271614,10,5,3
0.26642094488899754,0.20159755123105427,0.776332731015736,4,2,2
3.3257329655330743,1.8288774349266042,1.2697478889978568,5,1,1
3.799671977337926,1.6875943977320553,1.3749625046584975,2,2,1
4.281801676328351,4.786788599831297,1.637363715462524,6,3,3
0.13587711278979814,0.06910601116475507,0.4654853118861973,0,0,0
3.48166193336629,1.7675384928176396,1.5754778421785212,2,2,1
0.46800866493394655,0.08164315016869281,1.1616601742178128,8,1,2
0.2902098164075582,0.11410818693069164,0.7889128641751616,8,0,2
0.16731728611329796,0.1306839751410222,1.3043048861461572,6,1,2
4.048463273540571,2.545122141829032,1.5482078602394713,1,4,1
0.08396661872214042,0.06512976708632197,0.45497466122217284,0,0,0
0.2037630436312633,0.08424080568035786,0.5199610418402782,0,0,0
4.612798195612907,1.841698278548463,1.2677923048912183,3,3,1
3.6119819326212577,2.8910120563507364,1.258100634336117,1,2,1
3.9086107475639174,0.9564653771452418,1.6753466365942384,1,1,1
3.3509814403279528,4.044404640284792,2.3634779006592144,11,5,3
0.17207843103289502,0.05448432808581587,0.4802379532204034,0,0,0
0.17241938072344812,0.08655284057964185,0.9031848005362811,6,0,2
3.215204443352567,1.8986733685889252,1.6695600651253797,1,4,1
6.080291898690775,2.353743603602681,1.9895666545110662,1,4,1
3.5353714170886392,2.5123869003325057,1.8545484881826118,3,3,1
2.81922443367482,2.0563183409128203,1.5814746600460776,0,7,1
5.04981860632834,2.082807562548361,1.6804740136206537,2,2,1
0.2824021668543229,0.14916258033303212,0.5331426998682385,7,0,2
0.1370412172710063,0.051117278796889945,0.6061256258512118,0,0,0
0.07356916591251217,0.060752598058997596,0.42339547975996,0,0,0
0.3794851835488287,0.12022927371357268,1.1108752176512695,6,0,2
0.366861033539399,0.1210225425819233,0.5952858279657961,4,0,2
0.0668549541224526,0.0770440535773429,0.512918747333171,0,0,0
3.343723663294957,1.8349965656875569,0.9899637393515215,2,4,1
0.31831013918828793,0.17207244517044612,0.7455640710924553,8,0,2
7.656697699242499,2.551601562603916,2.4753365604285413,11,6,3
0.05506079758384359,0.05277290367420169,0.4882345068397836,0,0,0
2.596706889220891,2.269827387172535,1.7680041787824439,2,1,1
0.06183569479107093,0.03121073516028035,0.46769576312269934,0,0,0
4.190534697627524,5.773239862942844,2.36252008090081,15,5,3
4.925073002660968,4.386772726988024,1.8429910952188888,10,8,3
0.16834371337222626,0.08974551998461616,0.4499802182904004,0,0,0
0.5706469573488757,0.13576307668502025,0.4860839935629883,3,0,2
3.0801530041687712,1.5249122689651025,1.920029943548344,0,2,1
0.11641833671975538,0.1194607083496543,1.0827577041556857,5,0,2
3.1648568612218075,2.0677590013958977,1.7664471965230324,5,0,1
3.418251774450569,3.1528871877517504,2.066653732174774,10,4,3
0.08375843082456888,0.09425062078794486,0.3435377872664196,0,0,0
0.3444601941364407,0.17195140938632558,0.7024276489420044,5,0,2
4.309856207235816,4.419660604925848,2.076921794392851,6,7,3
3.9555438685478594,3.523252112151641,2.7643704213359523,9,4,3
4.422995225812585,4.216296769723143,2.4876233075020755,10,2,3
0.09901811005366594,0.03856507916087877,0.35691687983753284,0,0,0
0.21856816012603253,0.05589463534286406,1.119818241806251,6,0,2
0.127811500470033,0.054370680848218916,0.4901690152545624,0,0,0
0.23441740552572238,0.15785033489078062,0.8648826941697072,5,1,2
4.599463771395653,1.9575167015559263,1.6464040459128029,2,0,1
2.371658429734217,1.1289730291140847,1.3569072420137822,1,4,1
5.235201849750943,4.915670558977485,1.8879238919162002,9,5,3
4.561816645989731,1.581830731751856,1.8871275973850588,2,2,1
4.389263424758976,2.7635661920775654,1.6908541466052107,2,3,1
0.5218646903586858,0.06666378437122739,0.7260261513989007,11,0,2
0.006636740370412592,0.03988506591476127,0.5013450364619293,0,0,0
0.2752883599095583,0.062353906544883264,0.3049869433853921,4,0,2
0.0,0.049667793153481826,0.4159507014493309,1,0,0
0.05686121179784397,0.03941066072985984,0.37123947163469384,0,0,0
4.175664453256976,1.84665589223975,1.4428542906584683,0,2,1
0.08151948319781831,0.034772894603821186,0.6083145212660734,0,0,0
0.26214571462445374,0.15587376257920593,0.9533445846987384,2,0,2
0.03597853237518585,0.034546811094583525,0.5973726230852368,0,0,0
5.550072473628771,5.466055264087942,1.2383281991051494,11,3,3
0.0,0.07332741091338504,0.45486971356563355,0,0,0
0.2015827218287456,0.11975858925183877,1.012762679140765,6,0,2
3.225726868259498,3.8153971919607503,2.4284093728969904,8,5,3
0.5032870644182768,0.044837063871794085,0.7449114386504372,6,0,2
0.19972224433625207,0.036581781069269334,0.7952564474926194,7,1,2
3.3908069054994474,2.4092743582199994,1.7590242214684833,2,4,1
0.3403710573454491,0.16247094248699329,0.43463110686575335,5,2,2
4.6278824334692015,3.0244034417942687,1.587245949223289,5,2,3
3.4265561789402437,3.7273739189455757,2.5146707937794077,10,4,3
0.4217912665058428,0.0,0.5497058875277212,5,0,2
2.7821467856459643,2.1205216389310557,2.442126873030671,1,4,1
4.795006677095813,5.0750852054331705,1.532749941909402,8,2,3
4.072042413094639,3.2520822269703134,2.2224960736018313,8,3,3
4.396499670200166,1.9432090658846057,1.234717189091875,1,2,1
2.638711897614099,2.996691750291207,1.9060305188723252,0,3,1
0.15327401875326757,0.09640081444034519,0.47347624595297977,0,0,0
2.23336800489339,2.545236084528497,1.0355214995307493,1,4,1
0.10409146792737825,0.05015760369389457,0.3809083494026273,0,0,0
5.036272136366107,4.961136174850514,2.472902662733639,8,1,3
5.584910886530158,2.419391660386299,1.377725927863965,11,4,3
5.123529210891807,1.7003486056881374,1.6158678192313745,3,4,1
3.7190126456427257,4.4472042729860295,1.554827648437298,5,6,3
0.15714114072575103,0.059145608092304826,0.341757202597636,0,0,0
4.3283029100276105,4.196588009201039,2.706579125875525,7,3,3
3.0924106553403043,1.4157545539503666,1.8078042377121892,2,2,1
0.19698825765668185,0.08251093340463381,1.0444635699255864,4,2,2
3.107770388655976,0.9924957802464547,1.5869009436414423,0,4,1
0.10994740733982473,0.06443806970876283,0.7452369912868724,0,0,0
0.18068556345293235,0.04528060025578057,0.6868603219163003,0,0,0
0.22993888413389035,0.21080932893564297,0.44324826476252355,4,0,2
3.789911174037663,1.9230511130071823,1.1285516566993623,0,2,1
5.100103492249798,3.1428771915386466,1.7724556538932066,6,4,3
4.579862543834565,2.6476390774780585,2.278370020000556,5,3,3
0.241640936624382,0.06012210535632672,0.9236030730044503,3,1,2
0.04545167848924009,0.036550288079873275,0.4473444866863298,0,0,0
0.2687869587474555,0.08756056668554144,0.7351130284949573,8,1,2
0.0832107650354936,0.06693541550432988,0.5786406211995816,0,0,0
0.0382825564060039,0.036663025660968726,0.4271040749966838,0,0,0
7.539300147375204,2.6176192362436597,1.8899493459590504,6,4,3
0.2886691096384197,0.18977852013895738,0.8828585533473161,3,0,2
5.367338253302334,2.9294171522923995,2.3502453324061947,10,2,3
0.12896457498005442,0.034213229885606516,0.6124776719985813,0,0,0
0.23104026538800998,0.1285229030049639,0.6722733670309076,3,0,2
4.652698495986657,4.36124430616371,1.517052659330746,8,4,3
0.12144082501652866,0.0762233499560525,0.6594177956204013,0,0,0
0.019625838271938617,0.033047321427618306,0.6033881054924208,0,0,0
0.10751508807309389,0.03951103727474697,0.47382417097789054,0,0,0
0.09288102574893534,0.027398613219192847,0.6150267395898297,0,0,0
0.4814432294322075,1.8798007621557944,1.495240224463946,1,1,1
3.939842886472828,2.1252151415005223,1.7392696868057862,2,3,1
4.279130625588352,2.0807567496192036,2.214116323849347,2,2,1
4.248228747808884,3.4199921413089562,1.8526851675975953,10,0,3
4.036833447461904,3.9905790298646147,1.1191574893863865,8,1,3
0.732674577397602,2.37110498121325,1.8282500506845394,1,4,1
0.4444603983359726,0.11945923369621725,0.630087929265052,6,1,2
3.6133344639053018,2.3681137225825637,1.0403334638279067,2,2,1
0.06391312233313734,0.042162464692262674,0.4369857169857653,0,0,0
5.084407912733668,3.599664035002356,1.9502295530828053,5,4,3
0.3105162305693403,0.0961062973660154,0.9372345196423639,5,0,2
0.33883988685504524,0.07352362292731732,0.758037660709285,3,2,2
0.08229796445294882,0.0364153869361409,0.4609591261719529,0,0,0
0.1370806813303195,0.06500085470039493,0.6359419005685016,6,0,2
0.44297898200054153,0.09774527754060515,0.636222502517868,7,0,2
4.400077073458803,4.336267549893633,2.2488715685004914,8,0,3
4.192775769708238,2.233033374139302,1.0562732135707433,1,5,1
0.26286036192951234,0.1265293103296385,0.3396531014419675,9,0,2
0.1360781252563072,0.0225233035020268,0.6730321814857169,0,0,0
4.0644982040474975,1.992156016621531,1.0791212782760669,1,3,1
2.5769276036844224,2.6046845891673813,1.5099047630804578,2,3,1
0.08738232489368562,0.054636841842696966,0.5203359459998768,1,0,0
3.84936355348238,2.2494572004822073,1.779851667708671,0,1,1
0.050713697683222814,0.05933341963932162,0.6704592093297377,0,0,0
1.781069587046153,1.3893513076973873,1.4886339896934475,2,4,1
4.7114275036324305,2.4282299065743933,1.5979787879749068,3,2,1
3.476606039756054,1.6727175292021348,1.1649241464263522,2,2,1
0.06453487124061336,0.0,0.8510789601718876,3,1,2
0.3711827368597667,0.12588420969440164,0.8486568294792682,6,1,2
5.4828392298765305,3.173913400263111,2.4787133214773034,9,3,3
4.6575196058099575,2.593525575333191,1.7147593888713442,1,2,1
0.0,0.06568005558621497,0.4348111417468619,0,0,0
3.020475005368216,1.5036704922742095,0.961316033807305,3,4,1
0.047654450865903024,0.03887762506478439,0.5330113790470944,1,0,0
0.08369882339160795,0.039413357751032586,0.574698084010471,0,0,0
3.372800616017557,2.2145197837837745,1.4277892284458071,0,1,1
3.7478462819018246,1.366730585527514,1.6995318154564438,2,3,1
8.759423775736195,3.126843805992631,1.9866424390823967,7,2,3
2.3288494254476957,4.875103141445419,1.3420007930332014,8,7,3
0.17387650405276311,0.06266653652142477,0.6424627732077244,0,0,0
2.7806783131918262,2.3344822408590913,2.1491928999904744,3,6,1
0.11672283949935125,0.05355500212536063,0.4302281096101755,0,0,0
2.3150480587739253,1.5645383650649949,1.2558084612328466,0,1,1
4.384677054883719,4.494824894230239,1.287072303592851,7,1,3
5.64213863876023,3.2112376806640364,2.193404104263532,8,3,3
4.383174259929471,3.5544371910004435,2.225313572056376,8,3,3
5.842865506549809,4.560675837800298,2.3578929200415524,8,5,3
3.3151232437547344,1.685014984072155,1.5482113653835385,1,2,1
0.08954883713569874,0.05098616663040446,0.4831699576828357,0,0,0
0.08212772885947864,0.03847160847330312,0.46410416148205863,0,0,0
0.3533302173403151,0.09149800076377702,0.364101399545403,9,0,2
4.561509157175844,2.9509565743312507,1.540928075420184,4,5,1
0.30283482074588375,0.00094764114633894,0.7897383751182738,4,0,2
1.9263709778830154,2.685549406955961,1.780282205290964,1,1,1
0.29474748983006466,0.0841154304899778,1.2263527918481132,6,0,2
0.0841142451621883,0.03117954598667242,0.422495503698376,0,0,0
0.11962079835893835,0.054333662379285726,0.34285800016616996,0,0,0
0.08326123339467296,0.047783748794418254,0.4239636358783869,0,0,0
3.144065358122953,3.5146670123836223,2.563114184747806,7,3,3
5.02533522443531,4.005690795694237,2.3585608625616157,9,4,3
0.4281890247940142,0.12138218386381473,1.0852369384371263,7,0,2
4.955401337726192,1.4582017276637311,1.2274606987431669,1,3,1
0.25252565452032033,0.0,0.4206212811005882,6,0,2
1.0418305694509815,1.588566197501011,1.8572098852665013,0,3,1
0.07117447996366404,0.04268988126029469,0.29228801462261256,0,0,0
0.12283766095768921,0.04247398550150008,0.5602580267978341,0,0,0
3.731648071610923,0.9923890472838117,1.3508597928390191,1,2,1
0.32572858880741007,0.18232514925072535,0.5840217127140739,3,0,2
3.0128328169708554,1.7458674269583399,1.5331647358656393,1,3,1
3.1004429470325436,5.080854289571183,1.5596167920696735,12,6,3
0.27779529862688784,0.08029998434857584,0.47189782742586905,3,0,2
0.3512325054205167,0.1464608911633608,0.8072677880555067,5,0,2
0.2590932166304615,0.10671851437910547,1.3000522935960173,3,0,2
0.07749672642603782,0.01965652606656642,0.4148460020220681,1,0,0
4.712893399820242,2.8132288882314724,2.1766575153343357,9,3,3
2.772546075276882,1.768107814310946,1.6465560415422027,5,1,1
0.11196234320555748,0.06891739287368291,0.42828180992775283,0,0,0
0.25656729793057464,0.06463942771510622,0.6908990284606776,5,0,2
0.06768863450780985,0.009275589942881267,0.38795820810636106,0,0,0
5.2143655078719435,5.202084825793788,2.458294097375991,12,6,3
4.776408745558428,4.221089901473105,1.689009423275741,8,3,3
3.635176241342669,2.085242340348457,1.5568002108540497,1,3,1
5.285553542884499,4.29298194473144,1.8196113915378014,11,4,3
0.2899985743613093,0.019421718883124467,0.5467795332697751,9,0,2
2.2762551533437305,2.6714781658156133,1.3529427281313935,5,5,1
0.3107980889116486,0.1092563078468858,0.5268792593324652,5,0,2
4.3827671246235855,3.746445041741727,1.8860841099419685,7,6,3
0.09725529996918568,0.07377193646174017,0.6116681275067523,0,0,0
0.30562437456228175,0.13347350822287316,0.47533661553150314,7,0,2
0.3628809140108259,0.03573493402125158,0.9102720603806693,4,1,2
0.032777474448286145,0.06827543242771172,0.4763551163264141,0,0,0
4.378654850180379,2.67066503477484,1.2588590459708744,0,0,1
5.653727066183827,6.285250241354808,2.016274090560812,9,4,3
0.17827404630902555,0.05563903704729737,0.9019676873426904,4,1,2
5.389282454250252,1.7939194274758932,1.4502477283013995,1,4,1
0.2603065392978811,0.1598333219142118,0.6211440337185259,4,0,2
0.08876834250014877,0.055295506219559594,0.6167120788003297,0,0,0
4.02252076644239,1.8171096273489968,1.8303658742183126,0,5,1
0.290041177879207,0.0891651956785824,0.7228943250590271,3,0,2
6.3424813288371285,4.596583840394389,1.8971059534879067,7,1,3
0.30306863528809347,0.1066871214990616,0.7157135503219565,3,1,2
3.291082042629128,1.9866268494135375,1.3173530512729905,0,5,1
2.9702322940769594,1.7053317177074099,1.2799724499548284,4,4,1
5.846750680956982,3.3814594861415466,1.408826522850633,11,2,3
0.4195663937784533,0.14322029213535403,0.5335677633524227,7,0,2
0.49676556223485,0.06733045826233366,0.5521676165408077,7,0,2
0.1992821885993114,0.08420107390432686,0.8527131049799714,4,0,2
0.126141774401775,0.060054896149816295,0.5249450945930072,0,0,0
0.257444264135028,0.06322549546537226,0.528317731730451,1,0,2
3.791406056419639,4.246201027681591,1.8247633856454493,11,5,3
7.3831372545156135,3.9978769959407594,2.2418171508475737,12,5,3
0.2570588666417636,0.03236325574450015,0.7565534065060259,3,2,2
0.0473158790426823,0.07870174798444471,0.5811705571613266,0,0,0
5.584800767084658,6.732035899930319,1.5539514036360746,10,3,3
0.31288999134163387,0.20849363434180168,0.6778836805709079,3,1,2
6.16222963226056,4.9178318211681145,1.2885003841438714,13,1,3
4.598160129410646,6.527685902343318,0.8655107837059324,9,4,3
7.4717553504896,3.7630006747265172,2.394987237483815,6,3,3
3.474714863929078,3.76574929114808,2.4693625549934954,9,5,3
3.185398552557951,1.6620311675980863,1.5769732187547922,1,2,1
0.21138600669859026,0.14096690151977848,0.6718700011102015,4,0,2
0.37153986180867127,0.10315864305513081,0.3692508503730154,4,0,2
3.199064707029867,2.17601930647906,1.179268712650211,1,4,1
0.026781255989508992,0.0337519530212516,0.33050265614833874,0,0,0
0.12596732571205863,0.03937571410784803,0.49537387827336576,0,0,0
3.896627939221457,2.4939172106539966,1.646943376438204,0,1,1
0.3109948538333279,0.005689221739105271,0.8925542090596434,4,0,2
0.09120570937838318,0.010089364390965229,0.5282034219209343,0,0,0
1.5888406747395123,2.3364851030159586,1.4777243677520753,1,3,1
0.25311553456575037,0.048541883343172526,0.7909690309898971,3,0,2
0.1926139092254469,0.031472377400369234,0.625433836075734,0,0,0
2.892190019970342,3.122341127715128,1.6182335791112574,3,1,1
2.928097150190076,1.6459069193202087,2.2451297977762525,2,5,1
0.4172863523008714,0.024703300249660762,0.829417916367603,6,2,2
0.06866413877050175,0.03309692083147682,0.47231106442311965,0,0,0
0.19876200261723975,0.1190809119549909,0.7888652262251301,4,0,2
4.608444601722892,1.8773462569060988,1.597126520169448,1,3,1
5.612823257172196,4.5297023770691265,2.2253067233445383,7,5,3
4.654510954269994,3.405149980381667,2.422592304533798,7,4,3
0.08666738353827927,0.030998730050677457,0.7121631307330203,0,0,0
3.1855562097023706,0.6600077570177656,1.3144809441118042,1,5,1
0.10379022790968633,0.08125777537016396,0.5256170605694278,0,0,0
5.0076027872621225,6.8472695186646195,1.7435993506606318,6,5,3
0.13000201933756533,0.09430886862552881,0.494391918398129,3,2,2
4.448028653923115,2.6837177967780246,2.203421936119661,6,1,3
3.0804122966082508,4.195724395545023,2.228367258131214,9,4,3
0.170467372009279,0.031918634205279996,0.5268593581044297,0,0,0
4.483135455954056,5.634838064231982,2.0509593366956156,2,4,3
1.3267098820282026,4.432973362721918,2.4380302988375977,10,4,3
2.77160968675829,2.3837545409086487,1.693589087529313,1,4,1
3.828891536727041,1.9942051078405894,1.319063973532164,2,1,1
7.868122898000395,3.6576022110255475,2.282480185787948,8,7,3
0.2218010619322922,0.11463199432949062,1.2455942929076083,5,0,2
0.33328361431526277,0.12143859104945748,0.7470783407274726,2,1,2
0.048790658783539755,0.03964614854261571,0.22966519528926427,0,0,0
6.213673526937459,5.59949784455581,2.0745201352596085,5,3,3
4.711271372385164,4.071008770700087,1.6206819064865283,4,4,3
0.11718939407749428,0.03295226467851793,0.4687322830346724,1,0,0
5.949407736696136,2.622532644756901,1.7328854213540472,8,3,3
0.3281978001564465,0.05712710451469806,0.46159668838627294,5,0,2
4.252891081493785,1.8994806140666824,1.1974555718141051,2,1,1
6.244160972575486,5.556397222160845,1.8346626223290554,9,3,3
0.13352403086206063,0.04444911487368897,0.7710794299040533,0,0,0
5.054110413077468,3.2132966264883,2.048521548690624,11,5,3
3.358850327657194,1.9130925747653145,1.2583794989803259,1,2,1
6.86493340587036,4.834241375137133,2.567994181433024,3,2,3
5.518866819546909,2.9406905245259987,1.6596262671886188,8,3,3
0.3553120779680093,0.04269331889294057,0.9264198155404283,5,0,2
4.452498899423743,4.564223176135507,2.504154690921234,7,4,3
0.062286207499032104,0.06528059563145719,0.6498097633487785,0,0,0
0.08754819802218108,0.05211507582542961,0.663673996183064,0,0,0
0.10542798528882616,0.0600650412949901,0.3229518862223922,0,0,0
5.945355867506556,4.189606574021795,2.4335567570722705,8,4,3
0.24480429852157054,0.11328535493012287,0.8696548538188243,3,0,2
0.1024042473330691,0.05898437442570069,0.5013043374376952,0,0,0
0.06709417554623717,0.0674564870201127,0.6050049041553427,0,0,0
0.357664957997907,0.07519614138212115,0.5333839978024333,8,0,2
0.3123676442480414,0.042060726767048834,1.090153328004675,6,0,2
5.421754402937573,2.3325412623157336,2.2592922287146764,5,4,3
0.0012266716823064322,0.0734343582943232,0.3587274241099444,0,0,0
3.099880338698869,2.391830237113354,1.7051583341795975,1,3,1
6.3398313448858366,3.207596045271477,2.155612269292907,5,5,3
0.2833666971767842,0.04124904315356786,0.6728021044338883,1,1,2
0.07696806145201063,0.022447649984915257,0.29255136489836886,1,0,0
4.351446586845203,3.413935224047816,2.4215954219205673,7,4,3
5.019336351090644,2.0683732513242314,1.1626032935001018,1,5,1
0.2792898894336753,0.10372374867155439,0.9143605841867204,7,0,2
0.14148662089395875,0.026930151480304327,0.5699464246895702,0,0,0
3.7754486763594826,5.889235262534717,1.712090887640837,7,9,3
0.18167157661505481,0.08795534033491954,0.6530334564354411,0,0,0
4.07726236720092,1.974143444345977,1.1666504103300044,0,0,1
3.9373726741796684,2.306442035881592,1.2279813103949717,3,3,1
2.8704057681362025,2.0688792025870186,1.4933399329694026,0,3,1
0.0961449145292948,0.05520884526667112,0.45853730994281366,0,0,0
3.7335950812615764,2.586137479804034,1.5789796462726189,1,3,1
0.1022785919951907,0.0612576172034871,0.39439692000333326,0,0,0
4.248936113805927,2.6105828750020432,1.238246617018309,3,2,1
0.14089459993760697,0.05606071597570526,1.0243935474855652,5,1,2
5.886936983905592,5.792395340692737,1.2504929485602312,6,5,3
3.5301406613151776,2.009059238812936,1.7896720676379552,1,3,1
0.20629297156406692,0.1493534622137608,0.8788548636157111,7,0,2
4.6378670154540425,4.294246164457682,2.212517623740164,5,5,3
3.9457598512171286,2.8035095041246407,1.5509480017751063,1,1,1
0.11621796408608015,0.03830184693164461,0.4948881306984622,0,0,0
4.620496659780406,3.1263501205588438,3.5373362116855933,5,3,3
4.290672318690728,2.2872808587683577,1.4554138849705633,1,2,1
2.8204165609621112,6.206674464882184,2.298595506655948,12,5,3
0.1184821096099047,0.05697190239721961,0.4533811388053777,0,0,0
6.694698126196734,3.717347109626795,1.4140345343643863,9,3,3
4.807135423150713,1.541192005446834,1.6562597077684718,2,1,1
3.8629957034326874,2.5732359387439514,1.2362951193148648,0,6,1
0.25483523636440575,0.03738401335446967,0.44272018249931167,6,0,2
4.909943832757793,3.3291458329122046,1.526377475341156,8,3,3
6.82438345612756,3.932782964169964,2.210953495060712,4,4,3
0.31388657981988194,0.0,1.0485377744541784,5,0,2
2.5392204417551096,1.7350035341482624,1.2736186852820182,1,4,1
3.695162047141818,2.3996232287586228,1.7637791715499682,1,1,1
2.712306906987472,4.491468774700732,2.4153348265897954,5,2,3
3.766734444287234,2.535553155985998,1.3847079962573836,12,5,3
0.1183682753408089,0.05412723542650902,0.3597133842792145,0,0,0
0.2940325175116441,0.15204360967042285,0.4770326456911121,2,0,2
7.307458634797696,3.8795222246213203,2.5712956805167084,9,7,3
0.1682070214986922,0.04554558598446786,0.4641755622092492,0,0,0
4.3995613767383075,2.693982791986684,1.505165874819168,1,4,1
3.375281841763514,2.095105479671421,1.926450985569928,4,1,1
0.5039983822168526,0.07169265300707231,0.8190884155726645,7,0,2
5.10284424717797,1.7398954932729596,2.0028568522506047,2,1,1
0.11203765897442843,0.09368193466760913,0.39015907820374474,0,0,0
4.209114389633283,1.191189270686925,1.4863071439998614,2,5,1
0.06232910648269083,0.06699223977032426,0.5754958766141964,0,0,0
0.41592031914699046,0.08079449364804185,0.614380448510732,5,1,2
0.13953127995813844,0.04900239691743765,0.6687548055236794,0,0,0
0.3388621480200995,0.13941399845655386,0.8875134691274265,4,1,2
3.0446575768546875,2.2531933736164476,1.6512463652850833,3,3,1
0.35200464941938936,0.11547026624198362,1.0091823178773305,6,0,2
0.22972813629130706,0.06223106666275497,0.7552649811244033,2,0,2
0.3105431122949021,0.1111839743212096,0.6551601248733291,8,1,2
0.049016783065394226,0.0061749229766943844,0.35771230921884456,0,0,0
0.07749053675742942,0.06663233572360808,0.48435226238768414,0,0,0
4.360332559416721,1.6481817779453851,1.7004744371824059,3,1,1
3.2218801356336657,2.53781339700883,1.4347034636585652,3,3,1
3.960783723566671,4.989201561821358,2.4528596578812083,6,7,3
4.103781469552959,2.0776230260291397,1.4126508688720976,2,5,1
0.16921364092552593,0.06462760505149985,0.6135947845943822,0,0,0
6.842534870335677,5.20331896714691,2.8146521126998008,7,1,3
2.9939107088081114,0.45871891242838125,1.5568943864624694,1,3,1
0.15350751191582138,0.08354754175610979,0.4702133195043139,0,0,0
2.7935244992342034,1.3393953840719355,1.9173127425167835,2,3,1
3.8932951381664807,1.5607506045152477,0.9943522821394268,1,4,1
4.269533900206091,2.2080715669941,1.6147799321352627,11,5,3
0.2896704406636508,0.10473751636719807,0.8714674473932233,4,0,2
3.386175227692523,1.5570325372674447,1.6423811769104284,0,4,1
0.06348166841414317,0.07461749026309471,0.6807608507769263,0,0,0
2.8588883458472303,1.8589614715618257,1.3836849400525297,0,4,1
2.1154819805750034,2.1514811537493657,1.6729683361526984,2,1,1
0.0661142315123947,0.061651426376176106,0.49961958663292005,0,0,0
1.7933016370198778,2.7764611664196126,2.089513354860091,5,4,3
2.910576588513109,2.770728597416127,1.327482541143789,2,3,1
6.360382794236696,3.8248428598789475,2.426339987714634,7,2,3
0.5661859444074642,0.13354684694051108,0.6514955114805822,7,2,2
4.114961232046775,2.086961755987576,1.2681079697500137,1,1,1
4.802055132682572,3.9862999736615623,2.001609970601741,10,3,3
4.76257740696415,1.8510523276282347,1.5629778157238994,1,5,1
0.2503182534513956,0.1476655154883006,0.7377342775831476,3,0,2
3.4048751224465303,1.3740388697632737,1.4011676685825496,1,1,1
0.08793819710718351,0.0404470883479199,0.5136597395588752,0,0,0
0.06767135578787367,0.04754582132808552,0.5134166415995843,1,0,0
1.9227716290804993,1.7839394784352902,1.8377039796370387,0,1,1
6.829301217191203,4.24547089695066,2.66188328227994,6,2,3
0.09064278674977257,0.05776751458460337,0.5552905228599482,0,0,0
3.257624541894889,1.585848730211555,1.036613649417776,1,3,1
0.062230853382333876,0.03533687605780007,0.5202280407621219,0,0,0
5.075720450373765,1.574995872619807,1.5883705537725492,0,3,1
0.11197022502676886,0.07120179479817332,0.5759500037516122,0,0,0
5.305668878116265,2.100197392438176,1.2941815420368963,3,2,1
2.1587402727632625,1.5443599715485208,0.7297244646198726,0,1,1
3.17167905730944,1.566513271783724,0.8972353967923316,0,6,1
0.013709663560470167,0.05558167716690371,0.4225037175936015,0,0,0
0.3702437317176064,0.10332364939654196,0.7210303260865026,7,0,2
0.2618413302692362,0.08765704141636886,1.0986678837912685,9,0,2
3.317800045155556,5.232126371149602,2.019755500542314,4,4,3
0.17102521239949275,0.0381237718386259,0.3618408281536419,0,0,0
2.3092541992633286,1.5737137056267503,1.385983904819908,1,5,1
0.12691480395248167,0.08711006629588526,0.38629671168525126,0,0,0
0.084714909815779,0.11089486949485265,0.6645275154590302,11,0,2
4.598722297065106,4.231706076527405,2.2272299575125243,7,3,3
3.4585088954226206,2.3417073367800154,1.4267354879472993,6,0,1
3.523980019015593,2.2229738885626515,0.9597687894232092,2,2,1
0.15896485920319134,0.05196135079077889,0.4429685932213534,0,0,0
0.3368183197007273,0.03938514331889096,0.648617717633428,4,0,2
4.208757880056915,2.404741889082307,1.6594516411982583,10,6,3
3.229729632325391,1.9172879739090534,1.30448875553453,3,2,1
4.291745274008722,2.1231739764742494,1.3682346705534563,3,1,1
3.981967827052892,2.7677653866859413,1.6858970075289443,1,2,1
6.340195129677152,5.044811019368803,2.136357478391888,6,3,3
0.23158231362006854,0.0,0.7996030751723944,4,1,2
0.1469141902987999,0.05677105752571829,0.5295232575040603,0,0,0
0.4002910134717589,0.14720800291055774,1.0496684321632745,2,0,2
4.607752816233511,6.186371590474282,1.7247667897208125,7,5,3
0.055759864298654954,0.06992236429822259,0.45731958050647425,0,0,0
5.680052679636069,5.303468146933854,2.1863939940577435,5,2,3
0.10979226275488409,0.041641809084682194,0.4855121438052113,0,0,0
6.915780589402519,4.11730449373019,2.325519960038574,12,5,3
5.774493002701188,3.733098897648946,2.0853145017287815,3,6,3
2.8229888232096565,1.7074684143017003,1.2517569746214512,4,3,1
0.047329221841317194,0.07163969618499885,0.41392431982981803,0,0,0
2.6956384982373827,2.9095385950979025,1.1876984345148638,1,4,1
0.03712110705426919,0.08330703835247062,0.4886187461586242,0,0,0
6.151261417414261,3.5823305544807953,1.8938995224448956,4,3,3
0.33762049997251886,0.1031276231076268,0.8467569932506697,7,0,2
4.680291396656829,3.7944898253806008,2.3215377314914583,9,3,3
3.125377180673945,2.2013284908235806,1.5440242416615677,3,3,1
0.08773059419985649,0.06104599875359047,0.4233879169389329,0,0,0
0.47242782491692653,0.1064963696026907,1.0669891959511306,5,1,2
0.433487442272127,0.06390942733317594,0.6798084742206524,6,0,2
0.08482433099709485,3.336687944809358,2.4484667644925286,6,1,3
3.7588744744329983,2.9047392297055135,2.104057582853975,11,6,3
3.9337476093485355,2.579333511670651,1.6182379531302444,0,2,1
0.05768216725045633,0.050045758722870086,0.5457213063692514,0,0,0
4.388987749183643,2.0276040044961667,1.4369016681403528,2,2,1
0.17436230776679637,0.0222140253957802,0.3949945210176814,0,0,0
0.19074718381885658,0.009360613782652571,0.9117965660449052,5,0,2
2.343872632848968,3.022469399015513,1.8018752398298146,0,2,1
0.3246456626948868,0.0534691340136898,0.9737121819843422,11,1,2
0.29575759654167594,0.12181552153211492,0.5511719631865508,5,1,2
0.0,0.04329724437657097,0.3602194521575703,0,0,0
0.10296092170072442,0.017374483690781095,0.4194200345115795,0,0,0
3.7850347420993615,1.9123783185178442,1.4643442553937687,1,1,1
0.2344597477009105,0.05515968106670862,0.6101638933292738,5,0,2
6.688315224149804,2.756445028272534,1.9293302888273087,11,0,3
3.796562360841129,2.8559732460768776,2.1611339662944378,8,5,3
3.574273690190145,1.854489263457353,1.4313359510526174,1,4,1
4.26339307958197,2.0627043397379223,0.9718090669987489,2,3,1
0.0,0.04358845775046303,0.5379664133513284,6,1,2
3.6683059012711436,4.970708168235218,2.4116872324997067,7,5,3
3.199250571185426,4.955096075729779,2.557007140343715,10,4,3
2.546249254386118,3.5585735830356087,2.6222518815281246,6,3,3
0.1785472968911858,0.12380412448891025,0.8356413609949985,0,1,2
3.0513458467737102,2.5819442572316875,2.2632491189738935,5,5,3
0.35749566828332524,0.15302998872776558,0.6933668025412194,6,0,2
2.5990788814458474,1.797248316722956,1.6096188624708578,1,2,1
4.2700501089175855,1.196698632320997,1.3334624532589163,4,2,1
5.835566221674782,1.9053232125905821,1.8842708867008278,11,5,3
2.509263081258716,1.6278783165222144,1.458850526737765,4,3,1
0.4320825750164865,0.14682752147938738,1.1852550474022974,5,0,2
0.45773042984707724,0.08847352941596713,0.7666951974593949,6,0,2
0.3798730512161165,0.111603258390778,0.3998571077617394,5,0,2
0.07649789261202493,0.05162556844112398,0.501400496737138,0,0,0
4.5461209767536275,4.121985032215471,1.9530030649994368,8,1,3
0.3927527588035703,0.0174639433221314,0.5315884387910323,3,0,2
0.13251005889793305,0.0528196539922412,0.5001109944687293,0,0,0
2.686335424862447,2.37847636806391,1.2168178070002689,2,2,1
0.1411030079997245,0.06696348425333337,0.44964303810922823,0,0,0
0.2778629090153143,0.08834123510798186,0.7421870316184728,6,0,2
3.3613328377394285,2.7091443015902117,1.997665351875434,9,1,3
0.06941154545473574,0.03803124838837907,0.5872153105684055,0,0,0
0.3769682018743205,0.015807509851646556,0.7191260381119204,5,0,2
4.204789442438987,1.8897187327955052,1.7887840724134898,1,2,1
4.432895355193809,2.563119094218192,1.6302380944622918,3,2,1
7.269006048041484,3.5964293149096136,1.5812169010106722,13,2,3
5.381484736902518,3.1925502124304876,2.9392896994729796,17,4,3
0.4564680257838454,0.073730177382988,0.7184646773249308,6,0,2
4.146320163135825,3.1714285041437043,2.16339990858046,2,3,1
0.25394404042276186,0.060869587573401863,0.4517686429063697,0,0,0
0.09647506109704544,0.04910213939754926,0.46121242181375305,0,0,0
0.32632912480718035,0.20575024417829113,0.7491854020880881,0,1,2
6.583475362901168,4.796908652473205,0.9834287843996308,11,3,3
4.00436506571841,2.135042205673882,1.6671088867463408,3,2,1
0.08764871496270017,0.052235983164067766,0.32607948478272,0,0,0
3.248018263485359,3.468552474085382,2.1312271002497654,7,5,3
0.22800935953192325,0.13003261859433926,0.6403163792797611,5,0,2
0.03397716934578619,0.02188865961642716,0.4788615770182031,0,0,0
0.16574572267920237,0.03224460976922919,0.515809487586681,0,0,0
1.9815843011713175,2.2586051080794802,1.252733268189764,0,3,1
2.6806584072654265,2.2395013120459946,1.761598039628059,4,5,1
5.9457695691136845,1.8990269656234906,1.4353291615920694,3,2,1
2.326369607453202,2.39534310501292,1.444335439622144,1,2,1
3.7183387504421606,2.794947797405347,1.3924816550915928,0,2,1
0.1482425816548729,0.05314255837981882,0.5186990209724665,0,0,0
3.265735031560453,3.172479718798021,2.051511524724226,13,7,3
0.3998604095149281,0.16711357960759704,0.9323180814206431,6,0,2
4.490566827442789,2.604946980009552,1.8767032577223302,0,4,1
0.0741355774949814,0.053922629180478146,0.5033719054901054,0,0,0
0.12310863330409715,0.05486183455321398,0.5033443467973151,0,0,0
4.146402948034208,4.954488343116037,1.84398645404298,7,2,3
0.44507600210860954,0.042719300806974975,0.6688222441527292,8,0,2
4.046589725688639,2.1595604209342705,1.644068778571711,0,2,1
0.17355851637468045,0.035212571850819274,0.4828326346075217,0,0,0
2.7573408342276218,1.8164887906841867,1.4717268469425746,4,2,1
8.092057500433597,6.242501827821368,2.3220969887231164,6,7,3
4.814708129548054,3.8526752051150703,2.0143389128869917,11,2,3
0.1204126377857236,0.028582951626311227,0.6022841471550764,1,0,0
0.11326811746998143,0.06583718620776136,0.5236223646264233,0,0,0
4.951926632314722,1.6085667448512544,1.9432117681892582,2,3,1
0.0,0.067907108615252,0.527242139665361,1,0,0
4.677208787416915,2.453171617698576,1.467424056951617,2,3,1
2.314078400813144,1.2867680442881273,1.9318793782290407,1,2,1
0.30636972046531824,0.15656495726012187,0.8027288763078992,6,0,2
0.07818070547367158,0.056486804200297364,0.3755513550111134,1,0,0
0.35863197089149107,0.13040687768856793,0.7153852493516004,7,1,2
6.513021931835432,3.6619609094183705,1.454763982624541,8,7,3
0.19978337448919822,0.04474506504626992,0.5456249488528533,0,0,0
0.16910794955187636,0.08945084353579616,0.5450962634776477,0,0,0
7.075068384251306,3.377732133433819,3.1416006114648747,5,1,3
0.35108419794618706,0.15711927205733628,0.9710855498248814,8,0,2
5.213846295641431,2.631142098173785,2.1253538731483643,10,2,3
0.06231319178212552,0.06251261867292002,0.3871937445192306,0,0,0
0.28614180167676384,0.20976425318403705,0.6202746648830747,8,0,2
0.16996777182930012,0.0736128182490429,0.3885918641766912,0,0,0
3.5375633513811118,2.23223373486178,1.4978486367056019,3,4,1
6.20684292282809,3.534718323505359,2.301064510843835,10,1,3
2.985086801596306,2.921122793196574,2.6945330458479946,12,5,3
0.3683129245060022,0.08476744579370768,0.873300729549971,4,1,2
0.04062007904852436,0.0699116302800406,0.6199299572921586,0,0,0
0.4858409405659278,0.060121823532472786,0.8068831688524961,3,1,2
0.1277256675345728,0.15581807259171487,0.7978160075898032,7,0,2
0.3353216772804165,0.16461973192672374,0.7459535831584615,2,1,2
0.3104277538756623,0.06200027358826088,0.9003208976642724,7,2,2
5.517775813175065,1.7928946095362337,1.822678472459499,1,2,1
0.315650545384427,0.03995767031021527,0.8214374087121807,6,1,2
3.6067914662833505,3.20667873378387,2.098428820487271,5,1,3
3.129963387431803,1.706578660237907,1.8086547460828784,2,5,1
0.0,0.1024158618205995,0.5200845093115709,0,0,0
4.465347425037038,3.745744765870956,1.9548695345717562,10,4,3
4.892082162168393,3.9851213942933454,1.2175101673447861,9,4,3
0.08845668130776156,0.07756939254923009,0.2754414102434837,0,0,0
0.13173607342808852,0.030289207985581403,0.2780222052548149,0,0,0
3.6200487125357212,4.027101318873583,1.1882930345259743,11,2,3
0.17716217641360946,0.04480399718464975,0.49586627951908296,0,0,0
5.625508866948459,4.79400418595947,1.2144445865959312,8,2,3
0.2064599255554807,0.11099483131255156,0.5778792563068551,4,0,2
0.3945497250221145,0.036180719415559934,0.7798951015209644,5,0,2
0.06865164711061164,0.054628918450511446,0.5205075339234629,0,0,0
0.07430665413316533,0.046262076836760306,0.5319965191145163,0,0,0
0.08284038622512949,0.06360460416835259,0.5960305168086668,0,0,0
0.02246682844669337,0.055931510902815236,0.543600577522258,0,0,0
0.16217812964800285,0.10112456190934242,0.5623962333100967,3,1,2
2.9104210040638723,2.175980537104028,1.3592788146168544,0,4,1
6.2328448659669355,5.6151826477573765,1.7236454711190017,7,4,3
6.453847590746236,5.190443044092754,1.3862241904759498,9,6,3
0.4442656768851778,0.11503000006145836,0.675987701196016,9,0,2
4.279696182179494,1.5159935177053596,1.3553627147035592,0,4,1
0.12107933053072278,0.04504495163520582,0.6539197200174908,0,0,0
0.24735151773097563,0.09194659571132047,0.6652495933521886,4,0,2
4.02359930207054,3.5401302924660545,2.110586080373413,4,6,3
0.3354799947747389,0.052758805317811804,0.7901548985303617,4,0,2
2.765024898742734,1.819282901824844,1.6931202003576329,1,2,1
0.29425142507891966,0.1642519947599015,1.1724838243818536,2,0,2
0.08201156771054571,0.023198558577521303,0.5464251238123004,0,0,0
2.948324861953322,2.2150067619056775,1.508103166290572,2,0,1
0.21573292833367544,0.08908314867500572,0.6784775039185095,0,0,0
0.09558185203973324,0.06679327728862378,0.42924477147058937,0,0,0
0.41162036417435477,0.05149897120998403,1.1105445211314835,7,1,2
0.1491345491972757,0.024901546639954152,0.641202687854325,1,0,0
0.054897422282124485,0.06874954985013851,0.48725931276100404,0,0,0
0.03699176174137099,0.06406880266277788,0.4614506759087642,0,0,0
0.37579867595478955,0.09531406615204487,0.944883706132991,2,1,2
3.9726397629900116,2.484249401312438,1.3883230439622887,1,3,1
0.10337592407050546,0.07591743563726029,0.38208917856371516,0,0,0
0.40448787426539723,0.05473574889616746,0.7946168238421416,9,0,2
3.287548297286944,1.4058076646299646,1.2401979873052122,3,3,1
4.132582799642197,1.9728726985679261,1.6132918715359923,1,1,1
3.3976297825080164,3.335402124982635,2.0452199641929156,6,2,3
0.10283249624485537,0.04200201875737726,0.623340607635267,0,0,0
0.1165631715701782,0.05655642345686171,0.48614877553927754,0,0,0
0.11467789660833147,0.019248304071016496,0.714300705458491,0,0,0
0.16448763770413727,0.07233667551059908,0.43017381512486075,0,0,0
5.171661403019448,3.39409280065634,1.762850594006749,7,1,3
4.209113242996724,5.388436116039816,0.9913653548839274,7,4,3
0.03526592621395472,0.05458149376411405,0.4164310994979964,0,0,0
0.3693289358694634,0.0037067362479914906,0.6456103958479662,3,0,2
0.19791737271102972,0.04034344818386164,0.3925338960567137,0,0,0
0.15983157433228257,0.04205609367708025,0.5037574859335866,0,0,0
5.971449160240773,4.521923868370889,1.8283722474810864,9,1,3
0.13460284212868973,0.17898593900435034,1.1317017833505358,4,1,2
4.736489512184177,2.046953240830225,1.200856935964294,1,4,1
0.08737159243034198,0.05506330476075963,0.6191085854773477,0,0,0
0.02799745587028528,0.05425479551715321,0.46282209884765113,0,0,0
0.08149944850589362,0.022849649203161303,0.44612096954232894,0,0,0
0.07115540652384257,0.04586777440607907,0.5952461970536169,0,0,0
0.1988220292257743,0.05003238062713883,0.41461769124956227,0,0,0
0.2688246660965658,0.08408775426215824,0.7750180789921624,7,2,2
0.056979331735802385,0.0431490159828447,0.39443605102014034,0,0,0
3.8544702495502507,4.669322363577509,2.0618807461510777,8,6,3
0.39639177026338357,0.13134215537239102,0.8344559495432574,3,1,2
0.0778358874404245,0.05279774465678255,0.4179121077590313,1,0,0
3.502977409736238,3.113939350439958,2.366989877537495,3,2,3
0.21708698164696213,0.16336800907857754,0.45720891258090135,10,0,2
4.672967699164266,1.6293723162452585,1.4552059734384974,1,4,1
7.147792910665948,4.652239221288369,2.007575070075237,6,4,3
5.622768759425186,4.485171195387295,1.918476655857027,6,5,3
0.07705578685655301,0.07902002876262673,0.6218480214871687,0,0,0
4.62039656192582,5.2875241899758185,1.8520145675158863,7,6,3
4.714944106854969,1.9881910102907718,1.8426163777056739,1,1,1
4.173428812753693,1.4257083423806307,1.1036298787008925,1,4,1
3.826910864239175,2.16319050392278,1.4179180330397494,3,1,1
6.712140445426221,3.0367094259633856,1.0488293024120534,6,6,3
4.67351074213724,3.241768635987852,1.5069581966981547,6,6,3
4.654997560541617,2.324273373816499,1.455515058621779,2,0,1
0.09313141058003017,0.08438081225683641,0.5597537705894728,0,0,0
0.1569939280564523,0.05168336460371393,0.5299085734021106,1,0,0
2.0013645028507883,1.2827095695478254,1.5721742273179777,0,1,1
6.252968381662134,4.2603861596863455,2.806634375987784,15,3,3
0.17519964942913444,0.05316106979840264,0.5716589339759651,0,0,0
3.7831308223195252,1.5488414227027287,0.40943993173796933,3,1,1
0.08706019686664489,0.0319865723497504,0.42797879789932103,0,0,0
0.4612270121633628,0.15677424224099099,0.6892103317875966,2,0,2
0.47171191539945573,0.13958982468333145,0.5785384725202247,1,0,2
0.4595036264375587,0.06276153439201322,0.873283557938165,7,1,2
3.900737253691613,2.3096746477173493,2.0503293999420262,4,1,1
0.013014311061095019,0.07389184441027462,0.7387967705524732,0,0,0
7.525803135505063,4.263973401524729,1.5532408786936633,5,7,3
0.09627770421169164,0.07549750082557445,0.5081082542900823,1,0,0
5.680902116295029,4.333200568484568,2.54172774412936,2,2,3
2.952808211117509,1.6358353657891296,1.9150272235667924,2,3,1
0.13951859480258558,0.06616072378804143,0.22261850600660832,0,0,0
0.09427300773736912,0.04425104961199289,0.31072378224099484,0,0,0
0.06135873927312141,0.06251016033662071,0.5290964730137443,0,0,0
0.08001819071926988,0.027530119335208044,0.4667420620150125,0,0,0
2.2574991630806127,1.2727192973776378,1.7898836217704015,1,5,1
3.3998272312132434,2.323022671714366,1.3409967723660103,3,2,1
3.621478579329058,1.8155983674055656,1.1234552798384527,0,0,1
0.3073302029353185,0.10998196461514362,0.492332883952536,9,0,2
3.7538159262898927,3.3999000540407476,2.8806676685730217,11,5,3
5.777417720797816,2.2401370679075647,2.608065415345705,6,3,3
0.07379558010327038,0.013578278614110074,0.5460797243615968,0,0,0
0.0859662461566613,0.05145748196031031,0.4736692193122084,0,0,0
0.12451709402649197,0.08797106363906762,0.7262705083394696,9,1,2
5.1729924765298625,5.463449776771304,1.3797105182718576,9,4,3
3.1507381146520386,2.36049457671546,2.0443947501969233,3,3,1
2.056071077507773,1.5324585817862264,1.6882195456864022,0,2,1
6.5779231657133455,4.102162902887171,2.9982098143948686,7,4,3
3.9592041815995294,1.1706126874569844,1.984794503975379,1,4,1
5.712623786709202,4.147972410623096,1.8746965878436588,11,5,3
5.795906034252689,1.7749434740793544,2.4602493790203503,11,6,3
0.1664097070924529,0.02169465616151625,0.5439486048008512,0,0,0
0.4291289718928324,0.15912208155464738,0.43231556905033997,2,1,2
3.97664818735025,6.23307362254212,2.237522737506164,9,1,3
0.17360592301748687,0.17490216676949508,0.9002043316968849,6,3,2
0.17823218279070033,0.04899590765916511,0.3444626266158758,0,0,0
0.06241044749524079,0.012199796576341147,0.7365407771999973,0,0,0
0.23211297843146259,0.019841831714129426,0.7679459403247457,6,0,2
5.089297224188498,3.1600576450299704,2.2325038982723235,8,4,3
0.33058436444141776,0.017471247001667287,0.9501277168193978,3,1,2
0.05222297796997871,0.07544707000213535,0.5450613049431389,0,0,0
0.3148375277287096,0.12831619831321872,1.1620755230276552,5,0,2
0.06348567064945862,0.1603367597869802,0.5768129663220601,8,0,2
4.4661461908733955,5.748246411798821,1.933854469374643,9,4,3
0.11272104216506067,0.03432492957751143,0.5638677139880302,0,0,0
6.360403959039015,3.728278832807849,1.4243688749320313,13,2,3
6.087286008392513,6.651653766614837,1.8895413230555187,12,6,3
3.984734647968924,2.2265198282860297,1.583461378806294,2,3,1
0.12526368513290156,0.11586871080843286,1.1061230142344836,5,1,2
3.2371595005376066,1.4224957513000487,2.000815037864294,1,1,1
0.4626721052246582,0.07166457589571273,0.7092568844992151,5,0,2
6.888202106115696,3.7963561557646504,1.2194094788448568,11,5,3
2.4787518367390002,5.551662013538479,2.0816733493212825,5,9,3
3.6658044397856226,4.813903132540002,2.714663063825789,12,2,3
0.13611906789138858,0.07725125705424904,0.5693217601658704,0,0,0
0.2073011818025482,0.0933303685398076,0.6209553476696027,5,2,2
2.7315644830965073,2.1100645937438878,1.5861889718247262,5,8,1
0.26101378399369357,0.05821660958096139,0.7750363965309567,7,1,2
0.06932986682295302,0.07475307515023996,0.5690910957392192,0,0,0
0.4024162326606878,0.1328728313344582,0.5866550364653157,3,1,2
0.2772270992465859,0.21834863300295115,1.0974716554497286,5,0,2
2.910839612011058,1.9740408206119695,1.2963887603665165,1,3,1
0.10529472265576172,0.060377423608802445,0.5688205306452883,0,0,0
0.3776963359991937,0.12502455468211904,0.6663318843565187,4,0,2
2.4553334693687567,1.755993598413957,1.4289546470889425,2,0,1
3.586761075462647,1.84718397260716,1.4917793127400487,4,2,1
0.09261098405912643,0.06837829709316659,0.31138712960489734,0,0,0
0.05471338495686906,0.07299344037757494,0.3535025253895111,0,0,0
3.554694865374626,2.27376326521781,0.8050665429217528,0,1,1
5.176701908948574,4.223061435343371,1.9484731417271808,7,5,3
0.14770008817466013,0.05999728247480743,0.48247054700959874,1,0,0
2.869767926353561,2.543431744860918,1.473657494509544,1,4,1
0.07240709270537767,0.01621633924065477,0.51080141209795,0,0,0
0.08164860804583389,0.05159602968117467,0.4739963749819555,0,0,0
0.20727265816044876,0.16015886216257982,0.5540522975662178,8,0,2
0.30469401162376714,0.10637407938968427,0.8489640181568063,6,0,2
3.7235237625415367,1.8430239065420697,1.3136595603611279,2,1,1
0.24640072686324638,0.05560534932784196,0.5335700359421118,10,3,2
3.3071939126925876,1.7716856071390474,1.3228677689390176,2,3,1
0.13015937155411716,0.033222146519485275,0.5353770630891389,0,0,0
2.961273719653559,2.260002190400405,1.4903442147167152,1,3,1
0.019954801076174228,0.022145290556660074,0.55896392313574,0,0,0
0.09807457652496465,0.02845247846030484,0.4643907951380945,0,0,0
5.87341117387177,5.268077624636009,2.1189869879922947,11,3,3
0.32501889199803347,0.07871411297224189,0.8671649023938035,4,0,2
3.4338340654535653,1.7833247224577369,0.6545087141393464,3,3,1
0.0691174052282825,0.03501284621154445,0.5731898069234381,0,0,0
5.833110410568331,3.6507304381441736,2.348507082075435,9,4,3
2.534029075388464,1.2626107293808024,1.597151779898235,1,3,1
6.354662150262069,4.274246201860235,2.1767151140583305,7,7,3
0.1493667258294551,0.06304612303220461,0.45163413625624316,0,0,0
0.18458867732052447,0.06933515214096392,1.043058034527511,8,0,2
3.836903263976616,2.725170129379531,1.636751303516442,3,5,1
4.60210634492747,2.3694929225540893,1.2142666313383612,8,4,3
0.37061143306804706,0.07369620462416657,0.7728266787377264,6,0,2
0.14415548885735796,0.08117578368993789,0.37738206421873166,0,0,0
2.691974644947564,2.4281259261077546,2.172895602257851,13,4,3
0.20028468203799005,0.11410939552504555,0.7907233042457399,4,1,2
3.472030585513018,1.9277560792777853,1.149924659588567,0,2,1
0.29268182974589974,0.10207051445712398,0.8399897036250085,4,0,2
4.437925930422611,2.178246758829878,1.8178156024126673,11,1,3
0.08655556547225848,0.0,0.48690741948738736,0,0,0
0.10775953419294897,0.045378610450846395,0.3846915668260218,0,0,0
0.1033764102343962,0.057349633309486094,0.4814075519051229,1,0,0
0.10521005519759381,0.02713961375852543,0.46185105851759073,0,0,0
0.11788936801741418,0.05773617041378405,0.4669225103976947,0,0,0
0.0,0.07567633719707123,0.49484577913923483,0,0,0
0.12293074979002644,0.11565815439396614,0.8436213736068523,7,1,2
0.13389629356696348,0.05603400017803471,0.7057811177097763,0,0,0
2.5920715965128163,3.47029809610385,1.5178102709700156,6,4,3
0.29730436326425963,0.14472927663343377,0.9883944265184548,3,0,2
0.039517949065439734,0.010621537151678337,0.2794705627244094,0,0,0
4.059327311241366,4.5390086822828835,2.5152337320951053,11,1,3
0.3091094009913729,0.15880395298176125,0.4975411936696972,6,0,2
5.634341735743672,4.908564091412036,0.5698855416650466,8,3,3
6.417947811607413,4.177967521092902,1.6538537558149833,10,3,3
0.19190918383975614,0.050171121616487,0.6783922595201769,0,0,0
0.22324633566465935,0.1477117640992583,0.694486719020548,4,1,2
0.15935151527801902,0.05702959800704403,0.5147755907400129,0,0,0
3.354554928464381,3.8818907607601734,2.7545549453653013,5,8,3
5.040752376516773,2.2550493656036363,1.9075071499291816,2,5,1
3.527783061186836,4.352994631191188,1.5432724024360633,4,4,3
5.455423996642778,4.222847214585338,3.202472679940084,8,3,3
2.695248186280862,1.5082751182610143,1.303666279934608,1,1,1
0.17745454527810883,0.150537496645153,0.39791354086227043,4,1,2
4.795927861573751,1.8000886582022662,1.0290669945843371,3,1,1
3.024465553264645,2.69347994513664,2.0341358253877218,2,3,1
0.00031321787142722657,0.07505685268854967,0.76378817522602,1,0,0
0.22351921598514088,0.05504595321711399,1.029789008461909,5,0,2
0.09193571441669955,0.037513092205735524,0.5400235855526775,0,0,0
0.14729593675876787,0.07416930710076103,0.9768434341954546,4,0,2
0.34696844810908234,0.12380174043982137,1.2215113999860345,1,0,2
0.2831233915379791,0.03342438504438916,0.8913981771523971,2,1,2
5.212711411276272,2.3863641889596967,1.357140251880304,1,3,1
4.965001933487947,1.2954699843717616,2.275042431732299,9,2,3
0.2699137555290725,0.04555413656135407,1.1695650006263099,2,1,2
3.3134267469446352,3.0529281721816632,1.702189545513015,4,7,1
0.07097382750976387,0.037835469851104815,0.3792240607456648,0,0,0
4.483797253581457,2.252191220407511,1.6485355079633919,1,6,3
4.919064413357521,1.9875848429366765,1.7872229535696569,3,1,1
0.36082426625071673,0.1735106755275197,0.6220522499252759,5,0,2
6.031231916015538,4.079479333917682,2.4207361692682197,3,2,3
4.342081965835597,4.946966598793533,1.4578884314066105,10,8,3
6.753889459866985,2.9405537236251105,2.665217354104887,6,5,3
4.723793622513165,2.1319095428396704,1.3232462850907059,2,2,1
4.722711792831931,2.048188561557018,1.9530859953819437,1,0,1
0.09592386634491772,0.06593403854141484,0.41657286569320345,0,0,0
0.10278624561443474,0.05145361048658683,0.418910606379975,0,0,0
2.497668008529864,3.9547220150357196,2.3898662261382158,5,4,3
3.1511971384366917,5.451969776121265,1.729175080407938,8,2,3
7.363879872620339,3.9230546093795096,2.0936323690342498,8,5,3
4.387803935578848,2.907126413850137,1.427454626241306,0,2,1
0.026623736712378,0.0,0.6353069160166407,0,0,0
0.13227420905705378,0.04555050206443469,0.6671347575437476,0,0,0
0.16527394035771648,0.08665114086958403,0.4343310654372587,1,0,0
0.14288298116010098,0.0279027441387496,0.516757010580099,1,0,0
0.07443921617844075,0.06479306303449343,0.49024746162543764,0,0,0
5.081328101700478,2.187785107657069,2.952998278256456,2,4,3
4.290391076535469,2.5863487885925336,1.4824733068440417,2,3,1
0.009947113292363058,0.05400919262827458,0.6068792321394292,0,0,0
0.04800470364372346,0.03418201236664894,0.6062853693033217,0,0,0
2.7327536913678956,3.0483550132029174,1.6793762280246927,5,4,3
0.10071365339182171,0.034182364166108696,0.4742947591186935,0,0,0
0.1536489023883006,0.08057495701081817,0.594814295047205,0,0,0
0.104329489373645,0.02256652605539068,0.4027235483239999,1,0,0
0.042813689633966916,0.01677833168865655,0.5928090610991081,0,0,0
0.049394781236991626,0.050826512645412374,0.4217401402581411,0,0,0
2.798042701704878,2.2205179174253815,1.7050854935808997,2,3,1
3.087579930150093,2.3527566930301234,1.5197793325736701,1,0,1
3.6030782215308483,2.471596651738897,1.6337127420406101,5,4,1
0.3122248553196003,0.19020020492944306,0.86694593932049,3,1,2
3.2402788289234676,1.861520452886417,1.856418562875318,1,4,1
6.428078564222314,4.312562556586855,1.7399914291015286,9,2,3
0.4588099332360418,0.10915350550567987,1.1465188532052564,3,0,2
3.362226422382075,4.139500815914476,1.5824673625123133,5,2,3
4.0633776482720005,4.1568502201813695,1.7503963806434455,7,3,3
3.427177567409658,1.6737010453342558,1.815993083892561,0,3,1
4.6850069835830155,1.5952165989552138,1.593046147830452,2,3,1
0.06110259256472628,0.21987608591475835,1.0083330245231301,3,2,2
4.659882306975743,3.991352857015107,2.6828561961305293,4,2,3
7.455840700557914,5.009963955057657,1.5541255667927976,9,6,3
2.330684734913531,2.598744270019087,1.1197266886400767,2,2,1
2.9248135503564834,1.7575222275611926,1.2027417737949855,1,2,1
4.315324166809014,2.2526966881102317,1.21888269706016,0,2,1
3.3393467136339257,1.3278269975847241,0.8629864384805316,1,2,1
0.3950860957765717,0.15229889271783564,0.41502895600693335,5,0,2
0.26992916221459995,0.07403274634202081,0.9860204523838536,5,0,2
2.8884841979616454,1.6046880043635237,1.3734669406837108,0,1,1
0.09904918960486557,0.07435918304611117,0.4460408779262868,0,0,0
3.4499194011435335,2.0215122425075633,1.4346094845117812,0,5,1
0.09307720080081132,0.03536736522182944,0.46192365961381954,0,0,0
4.118556356977924,1.4399005992794103,1.1605484095943512,5,1,1
0.2506064028510546,0.10800612408317259,1.2799634999573544,4,0,2
4.930075552012993,4.0706097607076615,1.5769734401272475,8,5,3
4.914029135561988,1.0667759236182623,1.2524361373362851,2,2,1
5.705362898045118,3.463420297091674,1.9682269170393087,13,2,3
1.375972924121149,2.2884602053421466,2.0338985661263065,1,0,1
5.778663854053277,3.5856126880337222,2.1321562905846476,2,0,3
5.469064408364353,4.370604752184197,1.1205987704123408,6,2,3
2.09177323169255,2.191058585296259,1.7204434030531253,0,5,1
0.0760581271995798,0.006435773605371398,0.4177834393310593,0,0,0
0.14281993971617363,0.04511839052651598,0.4958707312992717,0,0,0
0.11700256472844453,0.03303868803938983,0.48203802785943667,0,0,0
5.734438234901857,5.2974008002216335,2.168316055661829,6,5,3
0.30649055155927857,0.0829375840335619,0.50753367817104,3,0,2
2.366957652622538,2.200714829683731,1.8097616694903365,4,1,1
2.680733535810628,2.2039395254487455,1.477518728482883,1,3,1
3.1285379789123144,2.146578612661484,1.8429912822990042,4,0,1
5.1461593633169,2.804407436188205,1.423251708503575,14,3,3
0.32999564687558586,0.06956635989237962,0.5516176346163719,6,0,2
0.28056421533242254,0.1742008245214442,0.8212867670568239,4,0,2
5.104735012294853,2.1024286501088456,0.9578213071302798,3,0,1
0.09621178567322701,0.053161784506463694,0.3283966751689311,0,0,0
0.045922599819280256,0.05186744748553303,0.5428342050660725,0,0,0
8.676989911594065,3.6176823061549763,1.174317739208774,7,3,3
0.3840796523832693,0.06537168025964574,0.6039942845575912,6,0,2
3.8155229409202533,2.471579600500083,1.2693120261975623,0,2,1
4.528564631111513,3.3720641715174895,1.8375898789569285,7,3,3
4.029299933943669,2.9022054133492126,1.3749883549226827,1,3,1
2.9782333427009284,2.228249017625323,2.0403135589618002,3,1,1
3.0430081661747685,2.7546200099137503,1.113185373268982,0,1,1
0.45644967739405473,0.16496668368288717,0.6254950413044946,4,1,2
1.6366936094344418,4.168522984595086,1.335115914695002,9,4,3
0.36843606496072473,0.06722088043460006,0.8032829034106563,6,1,2
0.26132523375223976,0.06796219675036178,0.6152736594724071,6,1,2
4.553910320263322,4.151424906413736,1.743553863163629,6,3,3
0.22484159194354097,0.16176833002298188,0.6770409827223233,4,1,2
6.211598068630322,4.041805135697573,1.7651134242979185,9,5,3
6.866498842966844,4.7141437662507695,1.310250968740437,9,3,3
3.7149259647767057,1.4459126517576268,1.3791728130280747,1,1,1
2.360938492383649,2.7034037643664828,1.3289773982446038,1,6,1
0.36197061801791114,0.1202943232709849,0.8220729262719544,8,1,2
0.11613701013559186,0.0,0.7416042880829,3,1,2
2.7853358831590076,1.6867498919783366,1.7839645583150348,1,1,1
5.65390756174255,3.158447080217172,2.4277350765680787,11,1,3
0.13923021439490119,0.08452453091271266,0.41585504858709915,0,0,0
3.774038840649303,1.8134706661680422,1.71492906109722,2,1,1
0.2600043260723651,0.06309912057601674,0.9353444987945904,3,0,2
3.9203098174852045,1.89458264067271,1.7798486112276592,0,2,1
3.1902871740797973,3.0790330592982578,2.1405711291004934,9,3,3
0.4666610813564199,0.09110944456844428,0.822988024075402,2,0,2
0.19455909522540815,0.17790493926669698,0.9300361506375939,2,0,2
0.22037191996145428,0.11021906710351388,1.0596013620000435,5,1,2
2.0132826203716636,2.5184921354985184,2.505984455840896,10,5,3
0.06257567317217233,0.08697217666592824,0.5644595432415176,0,0,0
3.2674979505798225,4.373879481350782,2.6235735893203342,10,2,3
5.2086870508102665,2.654924292658067,1.9973979420982355,4,4,3
3.657346567673078,2.3409966496270727,1.5223884029450543,0,4,1
5.907483111835204,4.031435781963446,2.9712037150661073,5,4,3
0.12672528242402753,0.07854610728578433,0.3949813462638331,0,0,0
0.10982773882557874,0.02970481013628296,0.41581783681318474,0,0,0
3.2532242585588325,4.778894111847342,2.280793732935857,15,4,3
0.3979598241576809,0.05511875120941477,1.0460204366146462,5,0,2
4.442642629381499,3.8658358025679505,2.3410207580233164,6,3,3
0.393993257114918,0.06827354582509071,1.0121671270588188,4,0,2
8.59647503701914,4.670376079730099,1.7921086409772458,11,1,3
0.3439300036738925,0.1191678968388786,0.8451991765931199,7,1,2
5.665521452206557,0.8220405375338389,1.0849598062632042,5,2,1
0.3915962808602107,0.13517115897836302,0.767883619346115,3,2,2
4.583762624581918,3.7629447461660686,1.783936024188879,10,5,3
4.397898287690725,2.2955894685288882,1.1912228894839787,6,3,3
0.22819470880556086,0.12307298520194676,0.7535502268804676,5,1,2
0.10357831186096964,0.013640415492256905,0.444682275465273,0,0,0
0.1412708174494015,0.08477702703706663,0.4194904818969491,0,0,0
0.08360526417435411,0.058211001706552336,0.3728451479107716,0,0,0
0.09312757426861541,0.033278756957999506,0.5346117328797723,0,0,0
4.39656440668415,2.9243606616534157,2.6699378497709514,8,7,3
0.1228886433075943,0.033086537910117744,0.45445329437502596,0,0,0
0.2206915908456728,0.010652116778646414,0.8260906850418435,5,0,2
0.057473977289534996,0.06537679351937795,0.5599103331863595,0,0,0
6.638585692269951,4.198257934584528,1.368981758652573,5,4,3
3.364398760099117,1.7801589955407753,1.5927414562004394,4,1,1
0.11507736711668062,0.06336680977436163,0.5519358745637888,0,0,0
4.006976345828142,2.2347982416472005,1.161055490920631,3,1,1
2.8991128241461874,1.693724548822969,1.5077016945622836,2,3,1
0.041434677518551954,0.11986733632694355,0.9690620658758903,4,0,2
0.09826575563066095,0.07799189290291587,0.5184309064078103,0,0,0
4.430887382791838,1.3341262578009119,0.9209739392029703,2,2,1
4.70357805453346,1.5758110980589308,1.8291225919237883,3,3,1
5.778859846577125,2.7005593432010784,1.2562325688563942,11,2,3
3.880067440573832,1.2563551033962856,1.7965578313942325,2,5,1
0.14462986691496546,0.05946814831424933,0.5726794046401804,1,0,0
2.2370370631326773,2.1152299403138164,1.2755784587034997,0,2,1
3.821584540372756,1.8738232590045547,1.8071107009770295,1,2,1
5.474139612361675,5.4614854163118105,1.7693952496018723,12,3,3
0.16388324478942123,0.04838800501406478,0.48709658848702164,0,0,0
3.59600926799705,3.1665177810557337,2.0883312873874402,1,4,1
0.151128521600482,0.07385470330832829,0.6579437891694859,0,0,0
7.026084145346816,5.789895009540384,1.6983792064635201,7,2,3
2.794244437772802,2.6184359467591123,1.1789233679956752,0,5,1
4.096081494132487,2.3698796453486346,1.618446006123653,1,6,1
3.6786697752190722,2.0096094261086352,1.4207372145016905,1,5,1
0.30208871629990774,0.10094015064129193,1.049001809762339,5,0,2
3.716719642122883,1.3098235322934073,1.600626396144111,2,2,1
0.0714626853125262,0.04668737179364736,0.32017852605908925,0,0,0
3.033772608282888,2.348094857913123,1.6098439577897048,0,2,1
5.3920121715190845,2.051487628654942,2.1155962312080945,7,5,3
7.212298317939434,3.7360030576672782,0.7259203626066331,14,5,3
0.060085137773077314,0.02609412472801511,0.5208322508625592,0,0,0
6.876550874927448,4.25645772461113,1.7522826789028831,5,4,3
0.12835158394010024,0.20934004987216134,0.6075368614419555,10,0,2
0.26011222437915504,0.17202526617750763,1.01802139375764,5,1,2
3.0031238726584717,1.7860828921410636,1.5848484480356109,2,5,1
2.8396353493227946,3.016524147331964,1.496375755077258,9,2,3
0.1013045525105417,0.07117457059767758,0.3534326142657905,0,0,0
1.9714087037407138,1.999242748525977,1.4884044693518024,3,4,1
0.06853683031536056,0.04848257098629954,0.6038012527315962,0,0,0
6.055227817962696,2.569063105950546,2.018574773302769,14,4,3
0.15936930257823756,0.039704346501705165,0.6106231558859969,0,0,0
0.16846813963545995,0.08699277906304706,0.8191205699308113,4,1,2
0.32036788410518163,0.043704254645597865,0.6689703462505829,4,0,2
0.19380854196079433,0.07776675556416895,0.3487471034701124,0,0,0
0.17511785260480142,0.06752093585059589,0.5687932972051428,2,0,0
0.269551471849026,0.048333839712490834,0.9952881210204753,4,2,2
0.20725745638866944,0.047873259949373706,0.637010185361037,0,0,0
1.5231784310524095,1.648421768872093,1.2011865179490324,1,5,1
2.3807497577793564,1.951189652112962,1.3410665243907844,2,1,1
0.28464928733508893,0.1717176612535909,0.617912724449815,3,1,2
0.7000356974064141,1.9110068960243274,1.6551000907541806,1,3,1
0.15809391513040955,0.06397377627034087,0.3507537729994007,0,0,0
5.459683981955883,1.6499412040922934,1.3680440210698783,1,2,1
2.8598534949063,2.747365503634652,1.7661926887379238,6,2,1
0.15863645096296825,0.052461564033123624,0.6025632113872582,0,0,0
3.4867169110409804,0.7108535749297349,1.2544574741609495,1,2,1
2.7035489978568044,3.638188179088247,2.06927441826375,8,5,3
3.091066468648579,4.526910865515839,2.7357179155592943,4,6,3
4.708484426311563,4.669132338581636,1.6071417966293307,5,8,3
0.32489567386381996,0.0,0.6235441828055059,2,2,2
1.898818801188427,1.7286005141415175,1.2500975232481681,2,3,1
3.963901272979533,5.1558815051692175,1.867721113475716,5,0,3
0.37799303446115334,0.034232152876189234,1.1901714189993968,8,2,2
0.14847286002633686,0.031192021670312937,0.7529927749251952,0,0,0
6.473742802816899,2.8481675586433575,1.607452641568885,6,4,3
0.08077222278850874,0.05340927541993142,0.4646314240432994,0,0,0
3.886219559381879,4.1814045758502925,1.8312486971270114,7,3,3
5.330743824831262,1.2232719331683675,1.5876107165192723,0,5,1
6.112686930208916,4.485621133862894,1.1769590238227976,10,4,3
0.42810775447164945,0.008461361755816868,0.4565680719273586,3,1,2
0.10899470755767393,0.027609077432336628,0.5964155884171979,0,0,0
0.00984301618720275,0.02385260435538072,0.41360201509239214,0,0,0
0.1416961077274452,0.043397598120671,0.489302853014152,0,0,0
0.2887168011688521,0.11312127555011525,0.6580544914257477,8,2,2
5.083804711096997,4.609077753010539,1.2379820228362866,12,2,3
0.33484962524285006,0.10737995877921745,0.9631956260255798,6,2,2
7.0423541583190215,4.723951494567604,1.697556276151451,9,5,3
4.85432601633046,5.449734153172779,2.178924798518471,9,3,3
1.163930394978737,1.5408419313357995,1.3218812418942774,0,3,1
6.509036750995734,2.094688788998467,2.6371608165032754,4,5,3
4.6615030484819755,1.6151464503810722,2.17702574165063,1,0,1
3.618350201123436,2.5881128533792648,1.0369108434378946,0,3,1
4.640785800452474,2.581494797838669,1.5902905129927234,3,2,1
0.3347488584140919,0.029617759432247565,0.7082233811341271,4,1,2
0.09159280907076052,0.04298301139847051,0.6750925941927144,0,0,0
2.6749027000544756,2.9112316714968953,1.3908646411170387,0,0,1
2.0481652548315648,1.2555388719647116,1.6367905199641768,2,5,1
4.417768197795137,2.3795064852910945,1.5915517903741523,1,3,1
0.07351198981164807,0.033999228712047073,0.5084518475815327,0,0,0
0.16432630172909593,0.08958145533238063,0.7638463800244077,7,0,2
0.318062576940508,0.1881520845989042,0.7485561216353045,6,1,2
0.08460192351804799,0.05825997824275596,0.4766275942148275,0,0,0
7.365458769351651,2.429219002004799,0.5134132785747139,4,2,3
0.44874809385613124,0.08454459917734543,1.0097449082973402,3,0,2
3.7019986913652705,2.389273718868126,2.2042158459695544,6,12,3
0.22908534100384775,0.14397002900269987,0.716326995202099,2,2,2
2.5011791306659505,2.2446170067750177,1.594412982717228,2,3,1
6.949479541618338,4.145142755580022,1.999679911562374,8,1,3
0.14254489810839863,0.02859616874211337,0.6536061181709528,0,0,0
0.33391816709708394,0.11327151880322832,0.4489820517139731,5,1,2
1.1114685375223141,1.9594646294959877,1.5033504028518982,1,1,1
0.2099070781533795,0.18759108905121052,0.5890215536217991,4,0,2
0.1697662760498804,0.07956140075789259,0.6157362489628763,5,1,2
0.07354736613268527,0.07107971542365753,0.6288863425206302,0,0,0
0.03598478006645528,0.05291042395536482,0.36791216446226827,0,0,0
3.8605327667359104,3.1810078602701424,1.7186288436011972,7,4,3
4.597484971353164,2.931379843190141,1.8365851475745674,2,5,1
0.2566127377675255,0.09902484670537672,0.7673144394067148,6,1,2
0.09756738242147744,0.05950731221384021,0.4204011089991246,0,0,0
2.6802849771326103,1.0859175360364302,1.2301656071220977,2,3,1
0.2294781821009307,0.0548706040837269,0.5200698694288879,0,0,0
2.751188328976423,0.8870322910209611,1.0754298207400583,0,2,1
3.759595646698954,1.5770184836853742,1.3604032444976768,1,1,1
4.546712713775763,1.645485548842514,1.6881984360821427,3,0,1
3.597488939023697,2.0556342595837447,0.7735860744368165,3,4,1
0.2938241076303645,0.10658584115471123,1.0763787750203524,4,0,2
0.18464964274578738,0.1501475907917705,0.5990777371586276,5,1,2
5.0440926635240455,2.01589195243532,1.8097685161081656,1,3,1
5.033910363412471,3.4104229988299037,2.791236240251733,9,5,3
0.06733353837131441,0.02697971832760986,0.3441213004976158,0,0,0
0.2749728774995292,0.05232104524918979,0.8140285232954816,6,1,2
0.3634630206392027,0.12134343249803287,1.094259537544263,1,2,2
4.606457152294644,1.3592925101109867,1.404545784741995,2,4,1
0.5173482829944478,0.14702000330038958,0.6826960814752214,4,0,2
3.753683554298097,2.1547080925710254,1.1604827434201022,1,0,1
5.096998084395682,5.140655719434046,2.155660739092528,12,5,3
3.2742773683878648,2.1157642401087595,1.8284802166925787,2,0,1
0.40281623114694715,0.0,0.6757363249513276,3,0,2
5.277033158200805,5.108155334140561,1.1536149515367158,7,1,3
4.127004241607683,4.152313874611661,1.9334682119443207,6,5,3
2.5874118018223733,2.739256939286771,1.6314070815984292,0,1,1
0.0377130610644006,0.04731006431196535,0.44087152111981054,0,0,0
0.12053083410841228,0.09795992093483956,0.7682328039254942,5,0,2
0.21927272539737291,0.09042746410188747,0.8040144570220469,6,0,2
4.923224132521593,2.7661546351442823,2.0620122688269595,11,4,3
0.19547083202350654,0.032792299784409965,0.5533207317899312,0,0,0
5.042220819316059,3.505697775008348,1.9081214517900478,13,4,3
4.686415590517608,1.3877215298874552,1.7504968282135758,2,4,1
4.161736612096948,1.0602665180269168,1.5443466270909734,3,3,1
0.09342637021641662,0.050062954538126536,0.4227457888157764,0,0,0
5.268088380562068,3.4906790115415256,2.108723760038169,9,8,3
3.849615331028385,2.3752349309675473,1.7735440780712404,1,1,1
0.3535579967856002,0.09824791558486058,0.8869501059745656,7,1,2
0.0763080326464542,0.05291672940430768,0.43667272952897274,0,0,0
2.5315163530381044,2.7099222436865267,0.8311273277664368,1,3,1
3.3973070790295257,5.310066719552333,1.7442066283253805,4,5,3
3.9021978249123515,2.8119218721346284,2.1302961569439334,1,2,1
8.858663010903319,4.818133846288044,2.0788040839969972,11,5,3
4.620685706422595,1.3450062441341162,1.2291269978856219,3,2,1
0.1030839924923986,0.011767188986964862,0.3456549056814253,0,0,0
3.7141109822861336,2.252769438451604,1.7273202342629712,1,3,1
3.6057703835241233,2.6080828883911273,1.3417207972262848,0,2,1
2.808945622606104,2.283997269762121,1.4035236946722878,1,3,1
3.029744283733643,1.9788660007826036,1.9954916846057638,2,5,1
0.18584509325755905,0.09488437072265118,0.3820401622576742,2,3,2
4.777007709967386,3.559861746766109,1.831516477083336,5,4,3
0.17965243447499318,0.15168064188232355,0.9567951882030903,4,1,2
0.0620433669223151,0.0,0.5842297327013903,0,0,0
3.426015218463731,2.188855880056917,1.4842337514239419,2,4,1
4.668580364273382,2.286086565518732,1.369112942701753,5,3,1
4.674761800233038,2.457477666505112,1.9773645872646881,0,3,1
4.631095916157254,1.5940023089023092,2.565211623267142,10,3,3
0.04468325129969859,0.03149150747880826,0.4664755918131973,0,0,0
0.13051851327167324,0.029918908063159798,0.5553569531067793,0,0,0
0.07116143347158337,0.0383280134730799,0.6195531388086709,0,0,0
0.10122550871294714,0.037253845059424105,0.37577534664507706,0,0,0
0.10411419946377122,0.07243715712460942,0.3750179660410636,0,0,0
5.439473903650865,4.186566972356404,2.9326872071781773,6,4,3
7.207777144768406,3.4925529257241252,0.9707540882637891,8,3,3
0.16262707275353214,0.14232065805796518,0.7021217775152078,2,0,2
0.31013897781298994,0.14764881342804592,0.626796788899586,4,0,2
0.23783907735377974,0.08544870534923543,0.8990136859378665,6,1,2
5.381523148337833,2.9864789376433096,2.401349305302732,6,3,3
4.996046967299941,2.7010693689371443,1.1014542693038072,5,1,3
1.7400411178507498,1.1108986362170763,1.6606920675049828,1,0,1
0.2576040842556463,0.13892801769883492,0.4959865909309535,5,0,2
0.10464224505705574,0.07050218305163547,0.41491159109611014,0,0,0
6.857896920915154,3.082292981101117,1.245135044535742,10,2,3
0.29278165854698956,0.09262787742064041,1.0793303606306703,6,0,2
3.953381531582496,4.530320453025137,2.1808215573120813,3,4,3
0.048616242953702093,0.05054626759702878,0.5437126779731052,0,0,0
5.87670295479316,5.600320301832119,1.4525970113478042,10,1,3
0.3375585748957371,0.1185087726409914,0.8395912973398361,7,0,2
0.07964818435366097,0.022699564091467297,0.4066893922812891,0,0,0
4.484592894895797,2.6279685200078484,1.4423685958110972,1,3,1
3.799199766088896,2.133848127179331,1.9129567979216004,1,2,1
0.02080485882571384,0.07307180686633852,0.5239857745849297,0,0,0
7.79108471738821,4.728574634230375,2.188457894719368,10,3,3
4.155554358288453,2.0848425454288755,1.5455542648924712,2,3,1
0.2220909141262215,0.1464415702577053,0.7468077747334116,3,0,2
0.06993161780243932,0.07436389423508512,0.43262098943405236,0,0,0
4.329098440018336,2.412334312345715,1.0598898145683844,1,2,1
0.27708521570270433,0.08141639074455181,0.9852958241796267,6,1,2
7.105527789330653,3.922890391766176,3.044775966623459,5,3,3
5.411022693250427,4.1444527791473655,1.1555427103556926,4,8,3
3.432989958274779,1.4602630402127272,1.1541294169057852,1,3,1
1.6440667128115634,0.9194720013253646,1.642002355015543,2,2,1
0.23633407534300716,0.0,0.9260727819053597,2,0,2
1.9465360244204852,5.355482939011775,1.6656568692240825,10,5,3
4.611490071359212,3.5458695718158064,1.1754975377375079,10,3,3
0.17807555983634266,0.04675752049040283,0.3577770350493793,0,0,0
3.9025162097353214,2.43451563776542,1.358703056920799,0,1,1
0.16285342434019198,0.061910440852202306,0.6354359912390761,8,0,2
0.1268196301074052,0.13056717144514823,0.7736811163923889,7,1,2
5.039093623153727,5.473679116608832,2.0320159698285716,6,3,3
0.43558284705866057,0.13516005273421847,0.8180550287607447,8,1,2
4.895270301895122,4.081295220273162,1.9800531481262729,8,8,3
0.5119016728142312,0.044640031298444016,1.097334316003256,5,2,2
3.065205306627783,2.083169432975328,1.6818449099275408,1,3,1
0.33204035206097005,0.10126973262501136,0.8203330235141721,5,2,2
4.815821840016223,2.46382276590165,1.8336182040099471,0,1,1
0.3456697562490096,0.19043046550035692,0.9957653319991058,4,0,2
0.29159353727307025,0.08015219337629531,0.5608583305551921,5,0,2
4.318594618343213,2.2760622923649216,1.3544610173700389,6,3,1
0.31741808819622697,0.1485538151637535,0.4364816322100851,3,0,2
2.621483792150533,3.868164732295237,2.2301898304238894,7,3,3
0.02962681128117224,0.03325475137900599,0.27987565265490816,0,0,0
6.378549530922717,2.882826099799243,2.034769918851754,10,1,3
5.199333978745189,4.02247279089628,2.3649798655451337,4,4,3
2.8101293806467638,5.072381566413947,2.0379270856634153,10,5,3
2.8406758652228326,2.661308920630386,1.996400494760012,3,4,1
0.3365269200059092,0.004006479492883283,0.7012643683761799,5,0,2
1.4384768878877505,1.2058864506460898,1.453257275345428,0,5,1
5.4519290895174235,1.9073670425348208,1.1911034232922741,2,1,1
0.10002639794282987,0.05418940167295545,0.5342926377321342,0,0,0
3.009314331572864,3.6484796059570113,2.3324528220825385,10,9,3
0.34411338559860566,0.10312449928439434,0.55338343434399,3,0,2
0.10933045615781792,0.05415605014706627,0.3126558696045383,0,0,0
0.09586596570786504,0.04841865316270888,0.5145427217405759,0,0,0
0.24329666594913685,0.166082140062503,0.849238487643635,7,1,2
0.26973250890211975,0.09428234724075896,1.0869066753522036,2,3,2
0.027807259193322914,0.04988090581574541,0.4220624674739883,0,0,0
0.10430719415231875,0.04225276070894378,0.526918092025516,0,0,0
6.387193861726415,5.799729208027529,1.856600715633901,7,2,3
4.5179570524293595,2.2731994758336356,1.591788007331351,2,4,1
2.1482924679753532,1.8004647303784533,1.4216989531944961,2,2,1
3.7290257979833172,3.228148725560193,2.7096597767628365,5,2,3
0.2352138063006043,0.05265073602651929,0.7724915065070328,4,0,2
4.143577549524476,5.169033314369146,1.8071193346813363,6,2,3
0.31218631835692684,0.11006401448839558,0.3732009215998566,4,0,2
0.054968963267606565,0.043096705891004075,0.3065035882759529,0,0,0
2.2915177957309236,2.349212567192186,1.599703911441601,0,1,1
2.4140368292582934,2.7031161796312766,1.8424363734963813,2,4,1
0.06792592023885238,0.06762293441626738,0.49775639480194267,0,0,0
3.8007699973974267,3.782275216745232,2.0365588493473665,6,7,3
0.08033305938363197,0.06139520714397294,0.24777220825120494,0,0,0
2.849765064904554,4.787001014873862,2.149397403609978,8,4,3
5.134428198008233,3.7581699460733202,2.4364471818341302,12,6,3
0.07231753473264091,0.07271240294365888,0.396369075262623,0,0,0
4.97170889836189,2.533733925535343,1.306613360676458,0,1,1
4.9544816385057615,3.624995339999071,2.3968869606079233,8,3,3
0.37500013962715295,0.036526838151549126,0.5260765069774167,3,1,2
3.8467240162419505,1.6387016092992612,1.5361119386866682,3,1,1
7.358650686314736,4.3390490993091255,1.7760933117787427,5,3,3
3.042323007011567,3.028292910353798,1.816809111469714,0,2,1
2.6858467434023963,1.456681905557359,1.6627512688993547,1,2,1
3.3129424835263372,2.6420401382711436,1.4819157752916057,1,3,1
5.2123046874376,1.0241286954947753,1.1097794788837994,0,5,1
0.0,0.1595173856368146,1.0744467735735748,3,0,2
0.19694644995291424,0.04008243655979701,0.3920467147833961,0,0,0
0.11199923976315504,0.13075896642144708,0.8695287176243056,4,1,2
6.466369256837085,4.113350175829494,1.9870714153293936,4,8,3
5.69961189666231,4.122223601192677,1.9213336854636713,12,3,3
0.31297357410308124,0.14143926977511434,0.9139490204114127,3,3,2
0.011063987554786076,0.05901206825725078,0.5898669160339174,0,0,0
3.9780378151922835,1.4391768817334025,2.073653414298886,0,5,1
0.04674431684623137,0.04234365620774063,0.7324698914323418,0,0,0
0.09554399802436059,0.046189937880043774,0.4458993134217101,1,0,0
0.18367260451492687,0.06289036983290583,0.4227807612195621,0,0,0
0.24026225412065863,0.10994927150696844,0.7085308554244089,4,0,2
0.2910235112726152,0.05675190257563438,1.111002548088093,2,1,2
5.412147759342985,5.366275489462013,2.2085690549615498,12,1,3
0.29035617788406304,0.06151380782095846,0.888264435545976,3,0,2
0.1886909972370195,0.13920344884791652,0.9331999094042737,3,2,2
7.212242262840452,3.4916432508884663,1.2307748118856647,7,4,3
4.789904481942914,4.190835468785886,2.574344025969209,6,6,3
0.3037825227911704,0.0,0.8699889662850526,4,1,2
5.582720272840909,3.2507123734773087,1.9404181743946733,5,2,3
6.625622123371511,5.049713031833495,2.301405577699353,10,5,3
6.104591502349434,2.2897605761877444,2.0951978195245844,8,5,3
0.28003009180618565,0.04025150523697414,1.001349927119647,4,1,2
0.03728552884153753,0.03590543128778233,0.3679107717493839,0,0,0
0.06154288251063509,0.03821775734437746,0.5872817083178334,0,0,0
0.40145080303277747,0.1679371783224971,0.8703818133257417,7,0,2
4.495526691674114,1.688634709498126,1.9290091166764107,2,1,1
5.069592220602593,2.1838076488285347,1.8044043294326328,7,5,3
0.2345523327696311,0.126021034747721,0.5193545338932883,2,0,2
0.07348711908137796,0.031021669583503258,0.5976040719355946,0,0,0
4.099089759263809,1.6503779678854624,0.7753910213764411,0,4,1
0.27424340653947066,0.13726255543221025,0.5184852011007447,4,0,2
2.710533907510808,4.810789123368123,2.059919915216161,8,8,3
0.2231621056242643,0.04986957369541084,0.3595760433738411,0,0,0
0.05300484494455677,0.031288074024751485,0.5732080951433023,0,0,0
0.09551321528563866,0.05350573557867848,0.6368079350488601,0,0,0
5.608371472650351,4.336534345348145,2.5746309600834927,8,0,3
4.4068705346102846,2.121993093998823,1.9295248452723237,1,3,1
5.948586988174057,2.2774835824993067,1.4601954660840313,3,2,1
4.614576238412289,3.284906030801764,3.0369515711807074,6,5,3
0.5266228286419719,0.10490277449598193,0.6107343661659415,1,0,2
4.4761386900669216,1.105477422876839,1.9382456154867338,2,3,1
0.3699871243999886,0.19816962906710442,0.9540023631519218,8,0,2
0.042560298242067196,0.07404902495966145,0.4932769692803869,0,0,0
0.10077895237907339,0.027719070996760135,0.47798862687451715,0,0,0
0.011959559400961203,0.03903599403666455,0.3593022537896011,0,0,0
6.457105855337853,3.838389477345102,1.5589536582299603,8,8,3
3.140868371891125,2.461516718617865,1.3898569286858307,2,1,1
5.795774818047893,3.818326046590431,2.2149300893300783,5,1,3
5.517447294720263,2.7225729302086163,2.173045834918097,12,4,3
3.125609966793086,2.5869210101833513,1.1868237059253048,0,1,1
3.8200581914932448,1.7390222172620518,1.3299589643712548,0,3,1
6.920882977264788,4.366263838994621,2.346533119967723,7,4,3
4.761113274473946,3.580896399834457,2.1329882263322713,9,6,3
0.09697248486526633,0.1946028212497849,0.8820001231040846,7,1,2
4.413711652342591,1.6122586756577932,1.0945357637207298,1,1,1
5.747334770442922,5.2601686715623215,2.399214007019948,8,1,3
4.673682352004852,3.293159602645263,1.9288300776141325,7,2,3
0.274772287058437,0.0,0.7185123849727673,4,0,2
5.539471276611117,3.74466312883904,2.452099016746314,9,6,3
0.3712036459360953,0.18206562232906398,0.8916487243360101,2,1,2
0.24138637362369428,0.08362030592500373,0.7159147488494,5,0,2
1.9764021893318333,1.787037700341217,1.3183033099468102,3,1,1
3.447941933210959,5.283803980469114,1.566128690780724,6,5,3
2.0879243936843697,2.963172702860567,1.0907900505482058,0,4,1
3.448045229099222,1.7924543316373356,1.6862800186841973,0,0,1
0.1284883640116102,0.050376380994811974,0.45543496969700054,0,0,0
3.5093953545758496,1.4575160062597614,1.3938145836978695,5,1,1
0.07703195502298779,0.04886823022200209,0.43556597329780156,0,0,0
0.2228313541717104,0.09131533122445276,0.5962278273014262,2,0,2
2.9321921578158947,2.078549325321915,1.0571308559071806,3,1,1
6.06785030237053,3.540833143021294,2.0977046616514716,10,5,3
3.6679400306840506,2.9949619406795644,2.0521868307364435,1,4,3
2.980165854274774,1.9925279602894628,1.1693746305671804,2,7,1
2.6750393134087593,2.0824784377045122,1.3345417799695112,1,4,1
2.8289851543375466,2.2618638827069266,1.2120449093351116,5,1,1
5.505239049807775,4.577821374264538,1.185236600265459,9,7,3
0.1458930973527388,0.08146039450429712,0.4461426326703376,0,0,0
2.268654368549969,3.585222656924916,1.149625230710762,7,4,3
2.2152722335825326,0.919418948214145,1.9768689998587732,2,2,1
0.24747381005196145,0.15660347983192358,0.6076624563948443,3,1,2
0.45929783648818573,0.09645358905635593,0.6307090366688908,2,0,2
0.1595323137393171,0.02256513741472989,0.4834919434996954,0,0,0
0.10967949556837722,0.06310807659700474,0.5686956632098678,0,0,0
2.828692408628914,1.2357060088681666,1.4039491475337822,0,7,1
3.8736534056211482,2.872247774679944,1.383904548336552,0,2,1
0.027441215497422053,0.045281669413757525,0.6056724911280419,0,0,0
3.9213602543067085,2.2386480044047117,1.7737806942089231,1,2,1
4.918447360183571,3.8925283968390527,1.8865753548071678,9,3,3
0.1340108052725225,0.030111429564004158,0.4852860495185893,1,0,0
0.3031745274411969,0.1378875657638737,1.1175830865078185,3,1,2
4.892967342854989,4.235274589921785,2.2134493031337614,3,5,3
8.260064620741204,4.2715889760424774,2.2505403143714378,11,3,3
0.12791634562608611,0.05644164621533971,0.6416411791700293,0,0,0
2.7067788027929653,1.2364396023321222,1.6266431076585788,1,2,1
2.064955564515442,3.5436441487023647,2.049234811866096,10,5,3
3.24137051506759,4.837487060035844,1.2366440959249811,6,6,3
3.948359330978238,3.6133019184470996,2.3607893528521964,9,5,3
2.8581785960556587,1.901322422332668,1.328941920690554,2,5,1
0.3113167459428737,0.11433286342835752,0.7035810644205047,6,1,2
0.142638683756111,0.08312416504114592,0.5440059929023146,0,0,0
4.416567613777701,2.0386871413804166,1.4141095791317437,1,1,1
0.2495336625835192,0.06793830960714725,0.7873884703216792,10,3,2
0.05855024945389639,0.05367669032645009,0.47913316287795343,0,0,0
3.6194607017386122,6.670704539835194,2.1186738471944744,8,5,3
0.140643105941948,0.042807406550950756,0.5696322862080323,0,0,0
5.52485700071766,3.1602692184314267,0.7934412900018117,8,6,3
0.05092482616991789,0.07741833269689917,0.46855841228574474,5,3,2
0.3153962266265635,0.19625379149315447,0.7878597365038891,7,1,2
2.9537674387939012,4.573059086375299,2.253865803554108,5,5,3
3.111492932881147,3.642861856840921,1.6602188868950856,0,0,1
0.09872229645042774,0.06281085870149547,0.5074509593826773,0,0,0
2.9097780336943653,0.9509062683643992,1.1003266239709664,0,2,1
0.4853788259339097,0.16705169294805844,0.6417973572816613,7,0,2
2.4113651569409615,2.5147834619113754,1.4860125704355993,0,3,1
0.3329400789838469,0.15398091610254971,0.5778226552074548,6,0,2
3.6597728705053734,4.273613085832548,1.4310580069928776,9,6,3
5.273305269734274,4.965950669822835,2.195137483496459,8,2,3
3.9733366755549673,2.08384066672462,1.4949596052066778,0,4,1
0.22706222607631543,0.13314440081375234,0.550652826107331,2,0,2
1.023207933122913,1.8166830606655335,1.6651670798478695,2,2,1
4.682900489387524,2.1556949688482137,2.279231162212567,3,6,1
6.646430107165443,4.811588031612429,1.7866665828982513,11,2,3
0.4759888015766774,0.14368018721047218,1.0438535154363346,2,1,2
0.37036132840768454,0.06652043031800538,0.6491328179351872,7,0,2
0.02931427515475099,0.05035226503867315,0.5139653689565351,0,0,0
5.546640428921447,5.63068675494641,2.0917711175303713,9,2,3
3.518999082259871,1.918037011622242,1.5707595197248712,2,2,1
0.3404211914600221,0.14932342969955015,0.7527578438042644,3,0,2
5.621388240931794,4.715704040902967,2.6503395994448846,10,5,3
2.4997294772232115,2.4605265640239624,1.5939714747002134,0,1,1
0.05783767023419042,0.059871204086685836,0.5413616257571681,0,0,0
0.3273145561070065,0.194867704702941,0.5484524033204946,11,1,2
6.303792749531335,3.791314581204572,3.0691886770468724,8,3,3
3.9892118246643014,2.068062317037922,1.9590142324684887,1,1,1
0.5062933973393773,2.401363786218849,2.0332934456458287,0,3,1
0.11160249686788182,0.02805394944734312,0.6674859672914065,0,0,0
0.05958508573224243,0.04625341963187251,0.44428694274277686,0,0,0
5.528073411156259,4.5759616463750135,1.3415532002878634,13,3,3
0.4080966170863694,0.15826509331478644,0.5574905109183467,4,0,2
0.27377928755535,0.029446619616620193,0.7152172007382682,4,1,2
0.05092456744760246,0.040176925057157906,0.4590198756206467,1,0,0
2.375799903053022,1.637540328554199,1.2440345645574362,1,1,1
0.12914534333670014,0.08168799922887311,0.9020055563288527,6,1,2
6.088469866016373,2.9685071638692078,2.2095047198695585,8,0,3
4.951168051226111,4.87526040252922,2.2674551844491164,5,5,3
0.32940410871640174,0.10066045725323836,0.7349503949606803,7,1,2
0.15492553455314634,0.0,0.697780206655151,3,0,2
3.6879417764327567,2.4602547875328393,1.6896069670851064,2,3,1
1.5767837137902478,1.2479257345260106,1.3030269109959236,2,3,1
2.5734867452202517,1.4742262208299195,1.6679435285792283,0,5,1
0.24040954941352427,0.02795095923204606,0.9788054107683664,8,0,2
0.47129026503108035,0.07484934737342458,0.9035938855098482,4,0,2
3.8435975351782163,2.2091075391330985,1.4090217666999882,0,1,1
0.4602964346921666,0.14782899655088566,0.6367037386071922,7,0,2
2.6668584766710337,2.223187122379268,0.9040418574067434,1,4,1
0.15765076337936523,0.11792789241840955,0.6813582366471704,4,1,2
0.5609949420947853,0.13835451960532918,0.9179525400420874,5,0,2
3.3597244144495715,1.8356375935168545,1.4550101126487416,3,0,1
7.304596095212542,5.692349613723772,2.4363624451599777,4,2,3
0.2898622688650242,0.08838989883154462,0.5908328795586131,2,1,2
0.2536427153828876,0.10331375330412806,0.8898462026369987,5,0,2
0.24117525986832342,0.05756470379678412,0.904817466786292,1,0,2
0.24208274658922066,0.02076328335135451,0.4283037906078579,5,0,2
5.016463231523009,5.369691100266168,1.80779432210367,9,5,3
0.46038697254435434,0.13255038254727644,1.1925621795347452,9,0,2
0.29420787968364875,0.06960935189900774,1.2394516015140584,4,1,2
0.35886118460328453,0.0664543224404262,0.8702570436908464,9,1,2
2.1146394815555056,1.5667147227872518,1.3761842162415707,0,5,1
4.047738978737561,1.8634339281403738,1.5266468886836366,1,3,1
4.054972999670342,4.77420869427983,1.867409203261429,5,0,3
0.11556250772717681,0.03307368045068529,0.49802056554792923,0,0,0
3.1885328051007984,2.3349422451078707,1.6603405605205532,1,3,1
0.14577010588510372,0.023615056108024654,0.4982993925516169,0,0,0
0.15982857508322457,0.04256284235442669,0.639025532751199,0,0,0
2.769186874391247,1.7483216309752634,1.5208434348663236,3,3,1
4.109951387331977,2.161816236256489,1.8355624228007847,1,2,1
3.946703610809144,2.8393919036934276,1.6086073652965398,1,3,1
0.25281894784636466,0.14381229318528604,1.000991102889165,2,0,2
2.491893493239572,1.8788559509108058,1.1706220910798861,4,1,1
6.441538580297026,3.585202953703167,1.223332664261584,8,4,3
0.1083226104106528,0.030705891484985707,0.5720996952905636,0,0,0
7.081741444199072,2.400498533456955,2.5153509050415677,5,3,3
3.136542529338185,4.423284350903173,1.0531534496477928,10,3,3
1.9758510444139517,5.2705967932862965,1.54308368620081,6,4,3
3.935164639775863,4.154236975926402,1.5569932839838683,8,4,3
0.01154620475554409,0.0653248595008102,0.42174086374518666,0,0,0
0.3428772190135541,0.029601989494804956,0.7138742796419731,7,0,2
3.772517990229593,2.7116324605328304,1.6393506495642638,1,2,1
3.8543093815188607,2.5983816124902193,1.4598972256035565,1,2,1
3.3756990611215008,2.4497993689897033,1.4947447911312755,0,5,1
0.29996392746427236,0.14676516726903,0.7851804687176653,2,2,2
0.2946403901047096,0.13619100078702537,1.1284068041971995,6,0,2
3.577363730284097,2.002542698064117,1.55576336508668,2,3,1
0.05823264733701214,0.04637101861504967,0.4734439487481459,0,0,0
2.334558473778943,1.8532842988433438,1.1634513598762246,0,4,1
8.270617358721303,3.9607473371779656,2.2839866326089786,9,2,3
0.31128787636525834,0.02554200109272524,0.5226644065907597,0,0,2
5.629576931446687,5.39374123851414,2.01876482565123,12,2,3
3.32180814108267,5.36218509261912,1.5863465181298353,2,5,3
3.989130556649288,1.495993388414661,1.112949775664563,0,2,1
2.257128413936865,1.3515436933640088,1.4342824235926175,1,2,1
3.7454986817943126,1.464402571065507,1.5282529407520926,0,4,1
0.1793008408072676,0.025935982892217112,0.6026894618257914,0,0,0
0.12778022330017244,0.03839967334692631,0.5195076925422603,0,0,0
4.112431200937636,2.901565446059913,2.4305832138971506,8,4,3
0.1923353662868017,0.03872105023883514,0.6672265904097527,0,0,0
4.898483993069322,1.41480820094783,1.7772294386522367,3,4,1
4.944343411979945,2.3951745043461443,1.8854939144286504,2,2,1
0.10104432441479809,0.05091127762283797,0.4123302914380707,0,0,0
3.4284966747386956,3.634144209340601,2.2051893867012584,8,5,3
0.4129816546358944,0.1330942761702017,0.8314086460241311,9,0,2
4.626393449722066,1.5840144459607344,1.6327687287068422,2,1,1
0.08657346760470838,0.04181383051808558,0.3576041887802393,0,0,0
0.3143881762621123,0.0,1.1711168072798674,5,1,2
0.09679308267035037,0.019143969695807082,0.4183845010971956,0,0,0
0.04563770305685987,0.0035936880353915346,0.6436429519558867,0,0,0
0.11732442379489964,0.045450474800931846,0.4281935216381736,0,0,0
4.433610114752301,2.861124153124301,1.8218752332047783,5,1,3
0.23833763608320968,0.13136206105454776,0.8471554307686775,9,1,2
4.290477379824645,2.8044487214650826,2.340051350777869,6,5,3
2.3988293023221705,5.437781053931239,2.03417402840363,5,3,3
6.9995590961981895,4.767667555770775,1.3672027132331297,7,5,3
0.3257995796791646,0.12900458632490017,0.9817047919176289,6,0,2
0.0844866621703272,0.057374662946350394,0.4779461770843463,0,0,0
5.485349118653444,4.372191131660175,1.6656093560262026,9,7,3
0.06163262185559753,0.03180633166036333,0.5739675468117834,0,0,0
0.20765912287557783,0.049378821342581966,0.5431631629637598,0,0,0
2.671706239651601,1.67460317246577,1.5581427024993355,1,4,1
2.068811666764248,2.065064719049021,1.5420880277101632,2,2,1
0.27937013707413416,0.1825051106904273,1.2067565023531808,7,2,2
4.172756787199422,1.2277001365471882,1.5151413161050384,2,3,1
2.988740542130473,1.277679373465793,1.4394676871102525,2,1,1
0.0676531611147213,0.05102395803762171,0.44520041812588623,0,0,0
3.0887395695165165,1.9203991442066801,1.5020774163131143,1,6,1
1.784906652817461,2.3159501695789064,1.5349696970446007,0,2,1
0.09483726199254763,0.01766573250103972,0.6366389411854438,0,0,0
6.598981181769978,3.964838359688582,1.741607537136999,6,3,3
5.409155213672401,3.779033457238123,2.5620329765063063,9,0,3
0.4309518906467237,0.06564649009950685,0.8469594620931036,6,0,2
0.26464790051188286,0.0752596973336529,0.587921553187034,3,0,2
4.827100416969095,4.423585550755796,1.8894067848660976,8,5,3
3.502183590837036,1.3208715069387567,1.6122650204407436,3,1,1
7.961058684847604,4.037544116664697,1.378955081684577,10,3,3
0.12814846183452855,0.08775375314680381,0.36179824313075626,0,0,0
0.43383685495365276,0.08402116957019083,0.9842471581684424,5,1,2
0.12353689062255493,0.04000620936500762,0.9310327794352284,6,1,2
5.037231594878735,3.4952063334359913,2.4806612338370537,9,9,3
5.474162284555949,3.7409415756739026,2.0037389543547777,5,3,3
3.128752891991276,4.301549607403704,1.409799721802501,9,2,3
2.9862752897171077,3.7912192612483127,1.5245753541742042,5,3,3
0.24194685591536946,0.06045989388714102,0.9709111085926699,10,0,2
3.999558908249203,2.779192005940391,1.621322446221425,1,1,1
0.3713820208345884,0.07493039770117108,0.7159211150882738,8,1,2
0.2516505122428973,0.13505648990811953,0.6634408782997507,6,0,2
0.15456550602971347,0.07003649707363875,0.4637652442453898,0,0,0
3.19178407183917,1.8409286836692866,1.7550012803908779,3,1,1
4.658471996473327,1.573216857648697,1.3178768425872902,3,2,1
0.20816273616527303,0.09093724391439116,0.40986243201028255,0,0,0
4.188259710772414,1.8802724531172081,1.0020283312484453,1,0,1
7.805830924738111,5.429425379674494,1.852628359229086,10,7,3
0.12223013341100704,0.07581288921845095,0.4336563842780512,0,0,0
0.17484468604050385,0.10168724952401065,0.5260701640923865,2,0,2
0.24407175215507762,0.06222008758280006,0.911084570548592,4,0,2
3.109186998838745,4.395403750054367,1.521700291080217,11,3,3
0.3285494203286344,0.16534302579897664,0.45489807979290164,0,2,2
8.076896642260731,2.9914506091088677,2.551026363012168,9,3,3
3.419184426836442,2.1283595863978704,1.6653180372647798,3,5,1
2.9842417025798986,2.400677567624627,1.685639050273293,5,2,3
6.01168625088712,3.1353809060449933,2.4747327884158348,10,3,3
5.178573964348757,1.7547021290482843,1.0446146604470246,1,4,1
0.06263941604260884,0.055585356764330525,0.6346099794514257,0,0,0
2.972933881760226,1.4718459347621233,1.4947895977472705,0,2,1
3.0863001967028443,4.981955736207405,1.5174133207142648,7,2,3
0.3028738441406802,0.09814307775278075,0.9002397411378446,5,1,2
4.604477703837467,2.473275680711737,1.0773288286723786,1,2,1
0.09872128439040029,0.04562267496528749,0.271422275550505,0,0,0
0.17690182832329848,0.02102817170732912,0.478033054764904,0,0,0
0.3921516969334694,0.08882049299338896,0.709520734850894,6,0,2
4.257304223774748,1.668418812095355,1.5445391044640666,1,5,1
0.2786034276773381,0.11738479150888086,0.6688970721704904,5,0,2
0.1477100285861179,0.12781538117241628,1.0303520739509797,10,2,2
5.628814302878613,3.986980874446944,2.0461158657964025,9,2,3
5.237167654476787,4.284893322560009,2.0683316210877285,2,2,3
0.06614191442439442,0.04452013836341392,0.6193311005927126,1,0,0
0.0016821705311999141,0.04327226109177728,0.5509689231224656,0,0,0
0.0,0.06280959590401648,0.4149386747048052,0,0,0
3.748305475735984,2.2007693178596024,1.5185364810688944,0,5,1
4.797297533925546,1.7613275707780829,1.3657911152516353,2,4,1
2.834968109696075,2.25570762751094,1.5048619798452154,2,2,1
0.146082505596223,0.05195626586186615,0.35288735946264815,0,0,0
4.423885080292515,6.661491347048859,2.0822463474681863,8,3,3
5.562607319967843,3.5514301483882083,1.4881786596915303,7,6,3
4.554045411882675,4.717817434279705,1.3565510479295626,7,6,3
0.024842852344094696,0.03794358688432077,0.6359189494164025,0,0,0
5.567173593729375,4.579796416150592,2.2798514231334375,9,3,3
0.1623871036336867,0.046836923112553594,0.3358619884397903,0,0,0
3.0403947012425196,2.359165771597123,1.808101323536297,1,1,1
0.2750643419443737,0.006584434443042714,0.7403008547977156,7,0,2
0.1526576426666452,0.028493752139015244,0.4893805909960247,0,0,0
0.4923955175733291,0.0,0.8374462153730589,4,0,2
0.15792977895037022,0.0619445643650677,0.4908043217395734,0,0,0
0.1036658983594202,0.029576750848794,0.39920883045717936,0,0,0
0.11232523892160025,0.04433563922109535,0.4942729589177898,0,0,0
0.10944264211362226,0.2100461908785684,0.9002126495801186,4,0,2
0.06970695896205534,0.02604067141565477,0.4774506576665364,1,0,0
0.005319266652310722,0.045718646045442776,0.5707457710864381,0,0,0
0.1529212243424794,0.08156236115124368,0.42287997004507094,0,0,0
3.92852341863648,3.68225118715383,1.8672594615830806,7,5,3
1.2309227270475986,2.435408775931732,1.4980188268549905,1,3,1
0.10006027376811122,0.06380945372243027,0.6607915061119157,0,0,0
3.8684975868390388,1.3978350864105198,1.352949805387032,0,3,1
0.34138317384839156,0.0,0.7335497900386225,3,3,2
0.34953477451837056,0.10643576006299203,0.5112810836999497,3,1,2
0.1209199110444342,0.05972369583123878,0.4175387990234978,0,0,0
0.23779979807720847,0.08767837737086298,0.8065159749587969,10,1,2
0.07012449026541792,0.00819394202293687,0.5863437280189878,1,0,0
4.36478988237787,3.3855939674578353,1.2401864437485042,10,2,3
4.2082662196574,1.9185439033118823,1.6342158889420282,2,1,1
5.429641262899647,2.6292029376963657,3.02644293033099,9,3,3
0.0755280278740889,0.0542514806126443,0.5672293408040402,0,0,0
3.037467033686621,2.4834587005377338,1.6078457819321574,1,0,1
0.2063739627561573,0.08142293311136432,1.0024061924464691,3,1,2
6.451819760084153,4.894473364016312,1.1680316423539394,13,4,3
0.11443468146399285,0.0618288430350371,0.43818395513163727,0,0,0
4.630579346342344,4.290980278310885,1.1618167504189385,4,4,3
0.0,0.02745007802093923,0.3035463961897075,0,0,0
3.4174864810886056,1.5574856838686006,1.0858830459827797,1,1,1
0.1417846056032571,0.06220432339178446,0.668918893365168,0,0,0
6.653480029912744,4.7616861771887855,2.0165190789065703,9,5,3
0.14596144672876019,0.06915583228945811,0.5365394241925141,1,0,0
2.291696484340667,1.8007039805431204,1.5540963747531897,2,3,1
2.9620560336668595,2.8389829184843487,1.6478146258384203,3,1,1
4.693420233762628,2.183366930907402,2.242173912588858,5,7,3
2.411982866428626,3.8779386875512305,1.5509067464654864,7,4,3
4.137374237062667,2.8965455482661335,2.3542880666865313,13,5,3
0.10299663151331642,0.04024589254102511,0.704870825769885,0,0,0
0.4099868624725333,0.12396137758349775,0.8090703921659695,6,1,2
0.14273209314184343,0.03388565901033179,0.7399369265252169,5,1,2
0.11713626731888521,0.07177539308433345,0.48768635646477326,1,0,0
0.08871118497567322,0.1097051800520682,0.4264883199275412,0,0,0
5.1712298371891885,5.2782725052021044,2.733439251835235,5,2,3
7.044016123688259,3.0340104397764804,1.702200765600518,3,4,3
0.27047836121757696,0.09490521869402113,0.9113196828146252,3,0,2
4.219327601829439,2.7383718353941453,1.318537680297245,1,3,1
0.07561968879637533,0.03888906441026267,0.5075576372670038,0,0,0
0.08882686073370746,0.056701160581682356,0.6040430892644839,0,0,0
0.04989062721092637,0.03975251518646613,0.4051251304732,0,0,0
0.17653754161718488,0.045949515458703405,0.6318197067234026,0,0,0
3.836712295420611,2.0847015374560347,1.0811312609291428,1,2,1
5.167421899182699,5.704493577025899,2.0003107692328728,9,5,3
3.4923259363154964,1.592106137415714,1.7702373522084907,0,1,1
0.4259507759956124,0.1166037719401624,0.8404835574580838,4,0,2
0.276151669566734,0.04015312940141777,0.5766827941775934,2,1,2
0.12362987412065216,0.05378959642442162,0.4718874515111914,0,0,0
2.9980080398187954,2.1865611985455047,1.495215081906969,1,3,1
5.212831299627184,4.858958407051494,1.6249411166742334,15,3,3
0.07625481716887378,0.0552710162390957,0.42970885619604327,0,0,0
3.5405668342373224,3.2226788618241065,2.0570078432231718,10,4,3
1.838419010822008,3.1560220281797653,1.6773868767880418,2,2,1
0.2505389653104332,0.03816025547519877,0.5837468140908222,1,0,2
3.7753962341432086,2.646908845407363,1.5677525502111922,5,1,1
0.3025881762194046,0.06167736669562733,0.4198682371653968,3,1,2
0.21564771891401097,0.04960657109822584,0.9068531540762778,4,1,2
0.1010396853837704,0.04735661288711256,0.3234612412970026,0,0,0
0.18498460206991202,0.18941078199914896,0.6549749291164529,5,2,2
0.36238667842924044,0.043670291351972694,0.4128621788960631,6,1,2
7.155148064081524,4.851897351585273,2.5889237636427707,6,5,3
4.4177721505515,3.5932874559055277,1.6646635546561002,0,3,1
0.40947228842396843,0.02140669058516234,1.1814588515363953,5,0,2
4.050708696738618,4.982385200143996,1.4900169397255936,10,5,3
3.588000768765826,4.769116298191632,1.9739465106038767,6,3,3
0.15199523436980383,0.054860094441088,0.5064505972862572,0,0,0
3.590998948767777,4.406933693368286,1.6391631807935814,6,2,3
0.23527065474156816,0.09518617701003691,0.4863347088414699,2,0,2
2.5349544194238205,2.0456359490837865,2.00077408271295,2,1,1
2.142631592204984,4.80421473956308,2.054478311702049,7,6,3
4.103733016190222,1.3003284761070626,1.975180932289045,2,1,1
0.20870366336946172,0.11160610244042105,1.3722278586434422,5,0,2
4.150965678779442,3.47262314496755,1.5303981530581405,1,1,1
0.0893278564534896,0.07072175302092512,0.4556736535182097,0,0,0
6.188416045933424,3.5012561149962758,1.8754174367407153,7,2,3
2.174718628047559,1.243360265421114,1.2304528539681465,3,4,1
3.7239949689010485,2.078045369228426,0.9122455173792069,1,7,1
2.192977055628471,3.361780753856486,2.5811741338764462,10,4,3
0.35749789386832204,0.09682103211649376,1.0532958323662713,5,0,2
0.3909423296406863,0.11099957369625524,0.9853000970623005,4,0,2
3.5895447165129672,4.551494625425139,2.2149643513808175,4,6,3
3.009789983456499,3.524500925431618,1.9394809569147808,12,3,3
3.8886472460333104,2.509964302713877,1.5322810308668853,2,1,1
3.733285041087872,1.6596167767104866,1.7148787489405588,0,0,1
5.479361527429582,5.526362728351248,2.546795938356091,12,8,3
0.35895077558239286,0.07963078384685905,0.5328044388972716,2,1,2
0.04867423502944699,0.04845557909553909,0.5161299542662695,0,0,0
5.887577535994444,5.662348118665473,1.2076548354878427,6,2,3
0.11306252656169281,0.0968730810562525,0.5864069982138946,0,0,0
0.08361689267011159,0.05116045469616791,0.6704102078059118,0,0,0
5.890088028995783,4.621092731168443,2.487122920120669,16,5,3
0.04447120772670857,0.020664296187686462,0.5179622272631923,0,0,0
2.395854543336081,1.196770549479793,1.4079504766834217,2,4,1
0.3160751499797152,0.15092279782725065,0.2725780661561561,4,0,2
3.14444797667284,4.142853559644218,2.5782359477210894,7,0,3
0.1410241090598682,0.01846007035618006,0.4772280385164247,0,0,0
0.22981018946009096,0.05985457949337144,0.30993066298428396,3,2,2
3.602832170283971,5.572118245172713,1.9591035372417116,8,5,3
0.13766708105522663,0.048141115867728235,0.3818018003931781,0,0,0
0.39152873254932813,0.07498235535876453,0.7803328679481814,6,0,2
4.485948383314721,2.094306170987506,1.5592105386704074,0,0,1
0.3245726284358589,0.01455039943710433,0.6185711589959283,7,1,2
0.24714032850816228,0.14029006070749528,0.9623535682066554,1,2,2
5.1918772282043095,5.033520938735515,1.40191342155258,12,8,3
3.6926191475869365,2.755641562055371,1.7998142839178368,1,3,1
0.3179908526420143,0.1483366660172254,0.6048621314589572,3,0,2
0.4113014661967468,0.14088720805449542,0.49466427944683694,5,0,2
5.369077385719637,3.058923944057379,1.3045957067034095,6,3,3
0.17745100757475937,0.025593586201120486,0.4388822847980673,1,0,0
0.23221716735085174,0.03893820366171736,0.5878963973070651,0,0,0
0.3451395952416035,0.05242606595480889,0.8274111225536329,5,0,2
0.4001753433784197,0.129974376178409,0.6400771572446122,3,0,2
3.845620344651446,2.570447988575137,1.5849674875832156,2,3,1
3.795195368158836,2.311384562613775,1.052852140278932,0,3,1
0.3505978015040374,0.04357718549744938,0.6251184225817452,8,0,2
0.2245026864162791,0.20304856925778608,0.9129940938007516,2,0,2
4.795007149938418,1.7092784568286215,1.9708752198843236,2,3,1
3.6207902325011103,1.967844774940377,1.470843136852969,1,4,1
5.143506992027013,4.536757394038182,2.3084881287328014,10,2,3
0.2515324035061396,0.04621661952158577,0.6639977039920091,4,0,2
2.4121069878907417,2.6500882634065697,1.4507358647875517,2,2,1
3.296831471015321,2.6912166704527163,1.279180434437805,0,5,1
4.124817823053875,2.1331476782203116,1.582354196247985,2,2,1
3.409757118559678,1.5776312956044118,1.214987435920255,2,4,1
3.642773185375143,5.193844418996486,2.554353846107537,6,4,3
2.746292355138254,2.1016238656527,1.690488862083765,0,1,1
0.05112223776007245,0.0,0.5626538363336943,0,0,0
5.214797811700419,3.547212815866011,1.7404553981722706,4,6,3
0.18877068442035888,0.08216100853804728,0.6333811411397267,1,0,2
0.3902117163311535,0.15000000130386218,0.4539374787192135,5,1,2
0.23978158712202816,0.08469918703051674,0.9943349643035785,4,4,2
3.932041111582868,3.41110213701849,2.7664784886772265,10,4,3
1.9855859376018794,1.974209371392211,1.8260276931079695,1,3,1
5.316225616878577,4.4767530546624155,1.741063181668716,11,4,3
0.0010350094812106164,0.07739402215308369,0.5257373106417349,0,0,0
3.626976166186521,5.31087733579614,1.6013959085764466,6,6,3
5.094849588034415,5.844354410392775,0.6183704624623165,11,3,3
2.838862887809028,1.2073769946350712,2.1609929445773273,1,2,1
6.816468632830693,4.5585927339162,1.462529973449964,10,2,3
0.03845678417830224,0.05795854099893618,0.43409607251113547,0,0,0
3.9910039459577535,1.5397083870817614,1.5432349088339046,2,1,1
0.0,0.034864720459681475,0.5722446985220979,0,0,0
4.716723492497946,1.784614195659808,1.6935550489442706,2,1,1
3.90848533814647,2.8090342405830198,0.8752584069891985,2,0,1
0.12789051531759313,0.05195340753496671,0.5607840338735008,0,0,0
2.470389028910599,1.5225654592079618,1.458361079716339,3,2,1
0.03738032777934405,0.03930486658311354,0.5719168666355438,0,0,0
3.2613944682853724,2.425018197594785,1.2125761861075919,2,3,1
3.8252516758543442,1.2853367645129676,1.8571084259256199,1,6,1
0.4009408824033501,0.12000253786386048,0.815697948261787,5,1,2
2.2674109358310846,1.7793112483526854,1.4953358539069277,4,3,1
0.3085230451735566,0.07041012675920671,0.43534066671944605,3,0,2
7.414020173694006,4.199228747057508,1.5772030584179182,3,2,3
0.10254438509280091,0.05257234900809933,0.5395598834762942,0,0,0
0.05845249417944812,0.04057750696364243,0.48582424459724616,0,0,0
0.006241376517712768,0.060172167464668844,0.4911455785416987,0,0,0
4.221813292566167,6.188016861743305,2.8480386839921628,11,2,3
0.11539008844460297,0.02899718520795709,0.4566126537020811,0,0,0
6.238648785028561,4.57652605790696,1.4761717649196964,9,1,3
6.248900774035977,4.594410134080582,1.7336551398505367,7,4,3
2.93679026595738,2.8175035828657093,1.2867924022598967,1,5,1
0.051417163272935704,0.0261095412046793,0.3684558692950154,0,0,0
0.15259738088614594,0.06014040544270714,0.43389749453725057,0,0,0
0.06875907111521606,0.016628014822436095,0.5020417167212918,0,0,0
5.791215612274147,4.80031028645954,2.4156896030023733,10,2,3
2.9621064959458483,3.7765813485194424,1.9972911749260083,2,5,3
1.611473707894059,4.349800757765331,1.6496463784570434,12,3,3
3.2832682108435383,1.6377338654828755,1.1061261069725283,0,1,1
2.587321239304133,1.727564964588244,1.6035258558045247,3,0,1
0.12470150931413695,0.0569341995520984,0.4636868353182922,0,0,0
0.36028629549303026,0.08160000299413,0.6210534003578877,4,1,2
0.12505368316688933,0.09972298805639336,1.1048660482005361,7,2,2
3.926056664564915,2.571394882655608,1.387444737314465,3,6,3
3.5217130184848426,2.134801847031622,1.3117011911919911,1,2,1
3.2004505888008077,2.6675563339020485,2.191226935064757,2,2,1
0.26481507297515805,0.10427848703781066,0.7536125164217428,5,0,2
0.377753577232919,0.13984662823195268,0.5673865691455916,13,1,2
5.8504566869099435,3.628572250270129,2.3247702465660067,10,5,3
5.441967718220995,2.383362210659765,1.880723952076993,8,4,3
4.77427225873437,2.331153071184151,1.7406998333653396,3,3,1
5.802269071328724,5.17219062749106,2.2675051236276573,4,5,3
3.4475261439369507,1.782589693566943,1.6951468919965307,4,2,1
2.909181651908571,2.489001487999204,1.7002065853364035,0,4,1
5.07332924598922,5.544034378196306,1.0692151935496879,7,5,3
0.5255516982936521,0.10563491099472673,0.623307137920096,3,0,2
0.1096024558245016,0.00848823981842934,0.37908012887603937,0,0,0
5.797480874671704,4.571889870083059,3.2334794097118893,7,1,3
2.4440808397639824,4.807959041140803,1.1355474581783136,10,5,3
2.7183279276531125,1.7783906537861522,1.3612065774356106,1,2,1
0.13343708277962563,0.05482480496813459,0.5707591821974619,0,0,0
3.978847573217735,1.422681525557636,1.2185460446336274,3,2,1
0.11218436057459562,0.01966714901158418,0.5427814395152903,0,0,0
0.11760276982571485,0.024897292560532105,0.5025385277972272,0,0,0
0.2994810786671191,0.12476047773201025,0.4761095272683272,2,0,2
0.17887266398817372,0.03335877390300287,0.5406056122428081,0,0,0
0.32794075462557515,0.0906823226948767,0.8052420583037302,4,0,2
2.0014017538665194,3.32084932676101,1.9214381217278484,6,4,3
0.3070742221791019,0.19561746087960005,0.8781675625640646,9,0,2
4.648852304639147,2.7212752662996467,1.920366930340529,10,4,3
2.186472201646006,2.3491995606647005,1.5146150038181423,0,0,1
3.5947011954057397,4.33038931392769,1.769187064609699,5,2,3
4.1386646885977685,6.297788687858166,2.3132320928117913,8,2,3
2.519611748516525,2.086911762622424,1.8785283481185,2,2,1
2.0636475429608394,2.283665238493315,1.2095850613350911,1,1,1
3.66392406359343,1.497222014408126,1.2891501561193677,4,1,1
0.30197691910372276,0.06272053542363927,0.7231463661414871,5,0,2
0.37819040520106345,0.15117131833080866,0.528786151401679,2,1,2
4.439735481747104,2.3615351620677894,1.7748986860315714,6,7,1
0.1830331497044751,0.06427348088870538,0.7596347068527982,3,1,2
0.231765557410694,0.14452350446174686,0.9318453792591834,3,1,2
0.040189668795966464,0.05510767511348635,0.36589352866984315,0,0,0
4.01818283419148,4.137806261174859,1.9571249920243425,7,3,3
0.15929826192634663,0.15380807136764396,0.947615750337323,4,0,2
3.932972928043635,2.388146795373661,1.5155153654439562,2,1,1
0.13894682517560572,0.04632292213681581,0.4882332697807147,0,0,0
0.2776413626859246,0.11196904453714192,0.49727087525156316,6,0,2
3.818808339628256,1.5776613683533751,1.6842317415869053,1,2,1
5.145354952270745,2.5016566564074507,1.3748295494285057,3,5,1
0.16002069539722127,0.05858681645603469,0.5880065962957343,0,0,0
6.537170610277791,3.5295128223884547,1.913668564992914,12,4,3
5.472724749362046,2.941116528862021,2.0941402515345566,9,3,3
2.4168115533339503,1.929911035087328,1.7085878179993157,0,1,1
0.25023031937030304,0.1311760177689163,0.8687449355115859,6,1,2
5.139539247253443,5.495690796006542,1.8193349471046936,6,4,3
7.672337698055449,2.553235627783127,2.270052358404778,7,4,3
0.3694774171320887,0.13796522856684604,0.8595081081034275,5,0,2
0.2275998276996627,0.09326957152549535,0.7598162660858144,6,1,2
4.466125325530311,1.5912092066111545,1.7390807776975787,2,1,1
3.9137542029473877,2.5085327719850765,1.6553162292081218,0,6,1
2.1383249695363693,2.1297099956315795,1.3348644381932364,3,3,1
0.1272740509061092,0.12156268862005404,0.9105993279984876,8,2,2
0.14678391965737306,0.06950624916955958,0.5359738975126789,0,0,0
0.13653820595332622,0.06915679262216536,0.6286382136995534,0,0,0
5.259152090033107,3.849578372388039,2.259546378660001,8,4,3
4.185656392513711,1.3222290694179368,1.5140635629909933,2,1,1
2.8239292847063906,1.6481718113424586,1.722023509711586,1,1,1
5.736098321521566,4.248706890237686,2.5935824387343955,6,6,3
0.07345015224990913,0.04726009021115084,0.44346070297145984,0,0,0
0.1354151923600532,0.040827227277978315,0.6073621943907572,0,0,0
0.052028038163826014,0.06567179329597214,0.5807046416606687,1,0,0
0.09589244108037157,0.0,0.553089431421595,0,0,0
0.2876174896607952,0.21507588385352092,0.776056177073806,2,1,2
6.797184025804197,3.9619272408652506,2.1975568176120515,5,5,3
0.2005102269383175,0.052621303724316976,0.46134583841022403,0,0,0
3.703943857515995,2.303397512529817,1.7660857822419516,3,3,1
0.114128997524415,0.057766240108468994,0.46737662955586406,0,0,0
0.20303739624409936,0.035623352247825396,0.5033902723682337,0,0,0
0.34534212455052515,0.029733852261026247,0.5297007176145436,6,0,2
2.511127652364416,2.512443216382965,1.754946109595672,2,2,1
3.816087822108934,2.0405622917092514,1.8538614802823215,2,3,1
3.495798084608844,1.929379089465734,1.7477856626777837,1,6,1
0.29165182519245786,0.13035382777145677,0.4667865029943119,6,2,2
7.156048183674662,3.3777537477822035,2.1918152486803626,6,2,3
4.556288483746123,1.432201367237238,1.716748730832881,0,3,1
4.3730660663320995,2.3442182599373345,1.0889230232376343,1,6,1
0.2838177240713668,0.151353946898074,0.29816294780542096,7,3,2
0.05253005555840285,0.05735239680419422,0.48042147290314186,0,0,0
4.1623068966479675,2.6939229851729865,1.696775741897651,2,4,1
0.23333886877924287,0.10700392277684329,0.9493813805592478,6,0,2
0.09046587996183267,0.050680548221444646,0.604095417379779,0,0,0
5.395507345991355,1.9193572831694274,1.9547835438882701,0,3,1
0.09972019905854768,0.04874703555756357,0.5474633485566792,0,0,0
7.7042565785169925,3.610286676488154,1.8225587277644522,6,1,3
2.302467688734838,2.2852923500599296,1.408505610045501,3,1,1
6.319177488853747,2.6155617017132218,1.7897112945422382,6,3,3
5.811073184039933,2.7509150012760477,1.71216502506846,9,2,3
0.048860371740079726,0.028973801767213113,0.44128847293798523,0,0,0
0.25480162530614536,0.08051218051807421,1.002368620008533,7,1,2
0.11395107628851697,0.047059491531383,0.41064849074807197,0,0,0
0.09689044915003446,0.05477109907547478,0.38290751061925465,0,0,0
0.3996431943221604,0.1291662150414335,0.5901689317879533,3,0,2
3.5182309971371173,2.12239230980175,1.7147751421456696,0,1,1
3.0206460573439156,2.927493678740328,1.5812764028122324,4,0,1
4.055742178042893,1.7219177152890002,1.240383148486432,0,1,1
8.233988629446669,3.387660338161526,1.3893668267957444,10,4,3
2.715679029699744,3.0921153008774507,1.4618511611117606,1,0,1
3.9130850384060754,3.114986190369838,1.104746160725477,9,4,3
0.11900989255029817,0.006952329107816395,0.5457324281086765,0,0,0
0.049208909051080156,0.08357349346745133,0.4730048103174836,0,0,0
0.11668310526434741,0.058392199440482365,0.5382653551477492,0,0,0
0.20303203387821916,0.07612266430352321,0.951094753573369,6,0,2
3.488099176905772,1.1818491074502702,1.31800081777483,3,4,1
5.502177772603798,4.942033765245768,2.9677516716589816,8,2,3
0.19975733184290304,0.11237846406942681,1.019805986516298,4,0,2
2.9664563741769183,1.5111227994789758,1.542786417800665,2,1,1
0.3829773851144354,0.17617984585512314,0.6317444074886708,3,1,2
2.2548494240399144,1.9637611402029824,1.8844486197760237,5,6,1
0.08208299239893889,0.07014314401193339,0.6106710424287317,0,0,0
6.298234463255208,3.6538013197840797,1.5618669800095204,3,7,3
4.054638708131807,1.7824033339011034,1.5053565904446524,2,6,1
3.0540946850117896,4.544669431261126,2.321070715666127,10,0,3
0.38903085873913995,0.11987614159468384,0.8137549813244742,4,0,2
0.1949940967447608,0.0,0.5032396213683579,0,0,0
0.3613536177283225,0.0991733205201173,0.8867093957396124,3,0,2
0.43788583732951114,0.16158813547096074,0.9008787752492076,10,0,2
0.1001684253512429,0.10969297107690798,0.8672148404993915,8,1,2
5.800579229928024,4.184683860486057,2.04591625240704,3,3,3
0.29729828323559465,0.09873556435641995,0.6508059780686914,6,0,2
3.436696777218663,1.6740239229883072,1.5380311803426339,2,0,1
0.05664348921445499,0.06678698228463205,0.5398992157501695,0,0,0
3.374180648451667,2.9717920436887817,1.5544377020827618,2,1,1
9.245842959783209,3.6295396222261807,1.709132707548418,10,4,3
0.3437633430072976,0.08917895013462403,0.7361659565690386,4,0,2
0.31734656656686494,0.15439864337295497,0.518264615123138,7,0,2
0.0,0.07150686803913796,0.5894232774500935,0,0,0
5.811907332773487,4.339826395024665,2.9663895692882054,6,9,3
0.0903170270360141,0.021888738922874268,0.5882286492599216,0,0,0
0.19570156769333932,0.04169572464189457,0.42732580951179805,0,0,0
2.9508735190104227,1.6095975242105034,1.7213804778786466,1,3,1
0.4044697168368142,0.15359201289851854,0.9012322451407895,5,0,2
3.9595754883110654,2.606491964274685,1.5429639249618392,1,2,1
0.05803912383886808,0.0,0.5709352514455317,0,0,0
0.08771284679570279,0.05864525901268311,0.5760506119584142,0,0,0
0.10051763099216904,0.02471003186090069,0.610133016488955,0,0,0
2.817925201976217,2.2264371633974456,1.53332650539145,1,3,1
4.351929070790843,2.324802432556443,1.7082097832903818,0,5,1
5.951539278936243,3.5383466027404133,2.362146485239957,14,6,3
1.2167613653849605,2.528521709582683,1.6412901209355486,1,3,1
0.2554959278002681,0.018082120628517738,0.19553434607568376,0,0,0
3.5261851491857983,2.4491222864281146,1.1850977652729615,1,3,1
0.06327042116009754,0.04223306123397683,0.5253737296774833,0,0,0
4.2852735939679185,3.3376306329921377,2.4555698494558964,6,4,3
8.357932440180267,4.395092615411411,1.5574690939741598,10,3,3
0.38764954501520515,0.13857542689077174,0.8011815618961813,8,0,2
3.446118679188351,3.775923272119451,1.0943183675600974,5,3,3
1.8518292070329445,5.04755364079841,2.216454100046391,7,4,3
7.708758996433445,3.3394257368289626,1.4705321328151184,6,2,3
5.7627939589155455,3.0496755168366416,0.23406060363365255,8,3,3
0.2071972044662663,0.08974122223398884,0.5307832372513885,0,0,0
0.04043482513986757,0.053436786795870626,0.4815854184316798,0,0,0
0.19525919495839483,0.17710667270447145,0.7862610860626607,8,3,2
3.619769815977185,3.5588695799816072,1.656296377653827,7,3,3
0.03747961330151413,0.03783298470641325,0.7367414364027122,0,0,0
4.331320375832421,5.108971646857112,1.7558467272072236,16,4,3
2.639561531933167,1.7697169851202212,1.434142025265858,1,3,1
0.025755101577504824,0.06656459380369245,0.5075673540613386,1,0,0
0.27550464170406674,0.06752139560966924,0.6793553794742614,8,0,2
4.067473005631141,3.659792655237368,2.20826076046284,9,7,3
0.2487269443598757,0.06320370051649722,1.1430383621842635,4,0,2
0.1347768878782889,0.06847017232094738,0.36243659112136384,1,0,0
0.14623168414563845,0.03745373108097395,0.436906916626221,0,0,0
5.33413456436239,2.1053177226075293,1.8095216941542176,0,4,1
0.22095157279109812,0.19434546429561483,1.0270308731236066,0,0,2
0.25039264308409176,0.13307576027144405,0.6731344879409848,4,0,2
0.29705290432822234,0.1036099178670642,1.1198038664200418,2,1,2
5.011974711717369,3.6402602192512252,1.6395997867976018,2,4,3
5.064409864755252,3.921287461982683,2.6306820587240582,7,5,3
0.06108476372988437,0.049219609612449124,0.49474949314613476,0,0,0
0.11038438435815556,0.00024382686929841357,0.2493428429463283,0,0,0
0.3509068389929003,0.06341990669393296,0.6727298545210239,11,0,2
0.05132269001477657,0.06890423069222967,0.44681222497106715,0,0,0
5.515142548840144,4.486682670900102,2.0836021155219253,7,1,3
0.37041085429664433,0.1450214494772712,0.830207146194035,4,1,2
1.9739871922244223,5.019588139233005,1.6011620811657787,8,2,3
3.0492597226972484,1.5784488476685654,1.8458802530924319,2,1,1
0.09862425474746819,0.05409517764803569,0.5280045342697405,0,0,0
0.15548499209781116,0.030605125607306514,0.3600318495267314,0,0,0
0.1049666152714613,0.040976822831820026,0.37604377139197603,0,0,0
3.0938485834261966,1.6449874565924494,1.1225408129919223,0,4,1
0.17098015022568186,0.05421201678595284,0.49426025362132064,1,0,0
0.47444739253854884,0.13450365799904962,0.24616468695329174,3,0,2
5.263159312546249,4.0475827303007375,1.7726496854526166,13,4,3
0.13022576631776833,0.06185060614635523,0.4622235112477523,0,0,0
3.070099894792113,2.5137763568375786,1.2853366740724417,1,4,1
0.4646551420623043,0.11918354565817396,0.8453736639022654,7,0,2
0.06407963672154013,0.055620185005636126,0.45234485767807586,0,0,0
2.486394157645531,1.8873259331434962,1.8166096640252118,2,0,1
0.057660314096579755,0.06513577359973964,0.4082023895389264,0,0,0
6.159487397947114,3.5202265961321633,1.4407195217056414,11,4,3
0.05396632034603169,0.06646559831355411,0.5308292063638821,0,0,0
0.1353875967727738,0.045686647249047356,0.6888436939614256,0,0,0
6.268421597142631,5.260087917719455,1.4727138771626205,10,5,3
6.003171790905711,1.7582609325028116,1.190971477053153,2,1,1
3.097166571525196,3.0274049093193245,1.2971846735134238,0,2,1
2.9417697376022156,2.0834838116670817,1.5954477982229656,1,2,1
3.221689744123424,2.7571237999904437,1.0323713240585575,0,4,1
4.958072842123835,2.915650428745284,2.398814527710546,4,1,3
5.34866306896655,2.1740476458936726,1.4327079516169063,0,2,1
0.0461127611035347,0.07682951831061763,0.5415836836286061,0,0,0
0.11268698307472869,0.0734688455326489,0.6446563291251368,0,0,0
3.2548275781486145,1.721767111075012,1.7722835433140305,3,1,1
2.542072160504732,1.7558461066442541,1.5015429421625548,0,1,1
4.6591324462750245,6.024261315422006,1.8555645983116138,14,4,3
0.31809646373398087,0.07523595255802829,0.6343310860111445,6,0,2
5.526756234418338,3.263585259631683,1.7628716740863197,6,2,3
0.33266784983097,0.14479774588831504,0.6168409575902742,6,0,2
0.166364356897047,0.040454869593647275,1.021388126660237,6,1,2
0.064042334037879,0.07255817986507139,0.3518854275378284,0,0,0
0.08867605540492367,0.029606093605822868,0.47194979465883824,0,0,0
2.8062333925032497,2.011033850468432,2.0312872660043233,0,4,1
0.05462181689792011,0.022057636297740178,0.5258769805243921,0,0,0
2.900644294947003,2.9328636779842285,1.7869648385361807,3,1,1
3.927376045470797,1.7384478465577518,1.7150182943152028,2,1,1
3.345309668865445,1.8057943795056124,0.5717132252725832,0,1,1
4.088090389979351,4.157903592818302,2.0607319181346204,6,1,3
4.31336981562244,5.12143071093843,2.1861517753497983,9,5,3
3.7174734830142246,1.6058453676125182,1.5386186042218946,1,2,1
4.713359127392851,3.479591699643394,2.6967649646081644,8,4,3
0.1897938836547761,0.022891049937754218,0.3206078886808037,0,0,0
0.011348376589655929,0.04010069039263854,0.3667551652105434,1,0,0
0.3153995530177794,0.11073493155890901,0.7069230902132988,8,1,2
0.0823416853594656,0.03506153429859665,0.5337766099054602,0,0,0
0.3004005301267939,0.11006322062966827,0.9508800858638089,3,0,2
0.2754115237766725,0.05915471268147545,0.9965174762622574,1,1,2
0.11620419846973976,0.018280333755240838,0.5729063645002365,0,0,0
0.2777409015996061,0.16336975914145646,0.3842163038641253,4,0,2
1.2515034655003445,1.545923025696165,1.6534666585566014,2,1,1
2.1567906094160993,2.1878734408598293,1.5206470973113948,1,4,1
4.869868223361911,2.267928471244319,1.0670654132466566,2,2,1
1.8443606398299175,2.396370088152886,1.5125043621650727,0,1,1
0.11606786077251366,0.061928822751635054,0.5301960900171765,0,0,0
4.791468889065364,1.3067552896543784,2.005723257592188,2,1,1
0.019901709405141577,0.04416482735482926,0.6667256841749534,0,0,0
5.114204912285443,2.419912006762738,2.435671618183004,9,4,3
0.27955973926862604,0.06637438684949784,0.7987449534311747,7,1,2
0.3788019985050561,0.07791852276846663,0.9678553959598619,6,1,2
4.890217352000199,4.12174955354387,2.842329988276062,10,0,3
3.3014308131190395,1.8935700586218163,1.8857277109531698,1,1,1
3.9275461027657315,6.493363846566636,1.4546674372720934,7,5,3
0.06535474011020465,0.02368368367144986,0.5125886530576658,0,0,0
0.5057144648955899,0.090682806892666,0.49743520141296643,3,1,2
0.05478416874477957,0.05068882023411683,0.4889994501298949,1,0,0
0.2037041334874987,0.031988192949278765,0.29676462357016153,0,0,0
0.07178762006713058,0.010490244575657254,0.5957993941480019,0,0,0
0.0760172969422031,0.17473727569776104,0.8263318521918382,3,0,2
2.7886800894534316,1.90540983242054,1.5189052976697686,1,3,1
0.0308600134517832,0.04689481902350503,0.659947094011379,0,0,0
4.157277385412586,5.008188976757684,1.9475106799301583,9,7,3
0.20312624596215725,0.06782607373739512,0.4602884668432147,0,0,0
0.31867175607682363,0.07327078661722736,0.7201014564893715,8,0,2
3.2021111978166146,3.9716869350226496,1.9973556992848687,5,1,3
0.46129713899394714,0.11135742187756414,0.6574411360337311,1,0,2
0.15867369287426625,0.07460444351301576,0.48717365195161694,0,0,0
0.10136542544888755,0.07453129008372522,0.5797845084754215,4,0,2
6.864157451252004,4.700344435316063,1.7089219217682725,8,4,3
0.4702020950501926,0.11918629098654802,0.8625446293574601,3,1,2
2.7519090171513376,2.3485913103964267,1.027995915118278,2,2,1
0.133643061798341,0.05772765307696122,0.5592329547013344,0,0,0
2.1793645013207126,6.3205915859543715,2.789384846200944,5,3,3
4.217263543783215,1.82576690431901,1.505325763851986,1,3,1
2.972357147983857,4.27480372900964,1.7879609991993983,14,4,3
0.1721816001734407,0.06133543452368359,0.5001783041104609,0,0,0
4.739832479728273,4.199082359781056,1.9891101734488128,7,4,3
0.10955495340099518,0.05871950779000092,0.41062539809162857,0,0,0
6.787761187388739,2.0893575621679763,1.2570718375200203,0,2,1
2.5283684942714135,4.7544104208805305,1.115764219811343,6,4,3
0.16508706446993993,0.006077443578001072,0.4975601432763843,1,0,0
0.08829233126383321,0.02829698946884404,0.5732829081821745,1,0,0
0.03550195501294731,0.05946943798070457,0.4660240992352476,0,0,0
0.02148876400547718,0.07710885602210991,0.36971552364752547,0,0,0
2.3570574536167843,1.6391517729922787,1.3575129886435868,2,3,1
0.17647751597303069,0.04924858710041038,0.5864824438491012,0,0,0
6.979789747493523,4.618548593562639,1.8756952344311728,11,5,3
0.10611487515161419,0.03167358161853161,0.7291911266818686,0,0,0
2.831641836009111,1.3783188696600548,1.4763522361579635,2,3,1
0.0533366020463402,0.0830723453698457,0.2698528282330013,0,0,0
9.624426715962924,2.830804153226672,1.3986823876267842,4,3,3
0.3610881283051988,0.0958705768445939,0.9970621477325007,5,2,2
0.206884059824981,0.13921897849583575,0.8248867392094721,8,0,2
0.04366162655450974,0.04230114223179838,0.46420095655866644,0,0,0
5.095416228651923,4.9290894085948525,1.6996701848923488,8,6,3
4.904316281994952,1.959182819994378,1.7580452387617638,0,2,1
4.781383398123635,1.172744802543627,2.2581031254985815,0,3,1
1.9666052739166586,4.026575420696102,1.6860659176701187,10,5,3
4.091668049693131,2.283608952716936,1.5342697933507068,5,1,1
0.3332490980789377,0.0126953167716376,1.1123881072382753,6,0,2
7.418421035455935,4.291061885262684,0.9005117732099932,13,6,3
0.05087563032308452,0.09970379833357784,0.5416801574483114,0,0,0
2.383059115897636,2.636455108623712,1.3714193289153869,6,1,1
4.234546469586397,5.610496819210402,2.091321318589569,9,7,3
5.041321144801321,2.005868184860968,1.4740361517958191,0,3,1
0.12999643649981024,0.05961816185497791,0.5111129375296513,0,0,0
3.882033705716011,2.1005167518582852,1.8396862124516815,3,2,1
0.1608114578772479,0.08220825323252687,0.5169749800684988,3,0,2
0.08057407734555572,0.06028125104849552,0.5024431840178034,0,0,0
6.5089561421677695,2.472804263340967,2.0757351544851073,8,6,3
0.08489473172781128,0.13175642505757557,0.7061420694480592,6,1,2
0.3686873418972168,0.01255309217228269,0.7977454761771234,5,0,2
0.14581638373512407,0.05672289926052458,0.5233042951529484,0,0,0
7.013449947050453,4.086093885816624,1.6643616536246495,5,3,3
4.973978944314473,4.127746025945527,1.1672722421199606,5,9,3
4.425904176727718,2.220378377219382,1.192189425733428,3,1,1
0.16180465876052189,0.03894158325265396,0.5493977382205645,0,0,0
7.667655927233115,3.9726537921164295,1.816827437249006,10,5,3
0.24517849313045403,0.02402841483585516,0.3237616928451088,9,0,2
6.741659268381906,3.885356454751827,0.9789045431891343,7,5,3
2.4817460985822715,1.683596200388909,1.9000915685579483,3,1,1
4.294758522471934,1.902707668480166,1.4735219309594876,1,3,1
5.244389999712311,4.355266134828684,2.5172304008636943,12,2,3
0.052243871032532356,0.04888159102955574,0.5382433315692535,0,0,0
0.19637513451817748,0.1019211089488211,0.847080050104116,4,0,2
4.263902908575645,1.6518532104738026,1.7920012348840262,2,3,1
0.0392905693606134,0.08408211032510983,0.4990817646614861,0,0,0
0.16707689454696276,0.01943731860989152,0.9195430630852592,3,1,2
0.10970449964491538,0.03935662873745621,0.3900955248445127,0,0,0
0.2950076053130505,0.19690579223622257,0.6875652135158544,7,1,2
0.10482927036145664,0.13732288109010538,0.9206331618041292,7,0,2
0.373049883026375,0.1590998227111611,0.5695455104199646,2,0,2
0.14453788762241263,0.07374083216977698,0.8426616319738001,6,1,2
2.3280660707768055,1.6853128943967721,1.0387490345295824,2,1,1
0.34988343282782947,0.051054546165142864,0.8077383003285594,7,0,2
0.07238884778595145,0.05916336229577398,0.4699019687606778,0,0,0
3.8915511752600938,2.6344038281584785,0.8437857255071871,1,2,1
0.3335208242032545,0.09665067555776424,0.5733258504800752,6,0,2
0.07677978688453062,0.10510435487439804,0.6249710420184319,0,0,0
0.20392400023286134,0.1452217175338254,1.046360037200229,2,0,2
6.820104763840649,3.2714490357203054,2.2664545348233567,7,6,3
5.402926635372894,3.9972794854960108,2.513293432044877,5,4,3
3.0090510502681336,0.9017768691784505,1.6722243846319604,0,3,1
0.3177188654318523,0.12978681293806366,0.7675633281931594,1,0,2
0.5462873965169153,0.11411658323954084,0.8365431052529644,5,1,2
0.30033137815325484,0.004270901725797138,0.4514528356450495,5,1,2
0.11427770374288285,0.08698724282772763,0.5232094637928537,0,0,0
0.38121964425068827,0.03416153744972451,0.791751034127437,5,1,2
7.977881847073159,5.7154538335787475,2.425172270912132,6,3,3
0.2181615690758822,0.04107641920407349,0.4543380072127014,4,1,2
0.2073282837529916,0.15305177024329664,0.5641896214448356,6,0,2
7.3931752617801685,6.105841391492666,2.2358583338229434,16,4,3
0.15444752984836832,0.05007391343695695,0.39266719677771045,0,0,0
0.3254456144686826,0.05632322938083249,0.7661153374273583,6,0,2
0.03241576971918332,0.05596316931981052,0.37668986949851446,0,0,0
0.15838910308299037,0.044229026082485905,0.4827370865709165,0,0,0
0.42248547613625304,0.07973015105960335,0.7666146412691764,3,1,2
6.611671538751877,4.364444163591113,1.7479189929739478,8,8,3
5.234817202267041,3.5732545079440956,1.9577022215187923,8,3,3
0.07611712766174417,0.06519424590968337,0.4746048293602765,0,0,0
0.10752094525717883,0.06385711511635624,0.4793015410901631,0,0,0
0.023444624872213896,0.058947878741379515,0.32058564888013996,0,0,0
0.2410110720633817,0.09962621476295659,0.7116506282592694,4,3,2
0.15187699721289497,0.032722340788204685,0.6124932545303241,0,0,0
0.25975817922979794,0.15440917844668986,0.8827964303080803,4,1,2
3.571668553880244,1.048686881784279,1.416396329148133,1,1,1
3.6949677059907584,1.9276571196288284,1.734739806562402,1,3,1
0.1606548849989592,0.014578628938238178,0.4596712208089061,0,0,0
0.09421758588058798,0.04565965899151259,0.48296142346118043,0,0,0
0.05175382697099478,0.04767541913756084,0.5963906934075862,0,0,0
4.079061572694671,1.3084910956277631,0.9098716311281538,2,4,1
0.0,0.07181723341207397,0.45677048208926696,0,0,0
4.277735047247854,1.1944986160574163,1.9988331867538407,0,4,1
3.5025343761214804,3.928160205605789,1.6892181839103217,7,6,3
5.124970185222941,4.599138893368927,1.554297063595986,7,5,3
2.914867995487857,4.677679516005786,1.7825230962651137,7,5,3
4.045610998795152,5.5076741327538965,2.026707086530667,11,4,3
0.06936056547578069,0.03581958084739019,0.4433294891944947,0,0,0
0.21824608718241345,0.06282354190506262,0.5383651780076143,10,4,2
0.08242432579793457,0.0638544551023372,0.4001787741488595,0,0,0
0.07923560430495993,0.05280719739696094,0.602305655525224,0,0,0
5.712536015362549,4.481736305719014,1.3761111923325915,11,2,3
0.27216112134662035,0.037301219291073856,0.5314873485911433,3,0,2
0.15804133936892598,0.07148636025431124,0.6097220191606438,0,0,0
0.11537033489045505,0.06343062343458107,0.437132975296914,0,0,0
0.0674988032796551,0.04751957225220006,0.465489590318081,0,0,0
4.839362501056485,2.5685474645355733,1.9134998446228126,6,4,3
0.31307786819797734,0.01787059328073938,0.6530366051534915,4,1,2
0.2915956588072533,0.12182043337690461,0.9961343991375726,3,1,2
3.1800927219970863,2.2689879849132444,1.5268082215788719,1,2,1
4.881534012376123,4.975941057884043,1.006144241568355,8,7,3
0.09671248694635061,0.07202645915471524,0.5403274563037171,0,0,0
7.235272448729438,5.679540616176199,2.713374544949968,5,1,3
0.12412362076215927,0.06463741408576591,0.5367510410540602,0,0,0
0.05970649667519057,0.03447001719013999,0.3372688272052684,0,0,0
4.449641498616534,2.0926983282338805,1.564891623374495,1,2,1
5.329725435089308,5.519029935108194,2.287491102885463,11,2,3
2.6902645326101884,2.013588583836232,1.5616239811373251,0,3,1
0.30936710323402,0.11958735460485558,1.2061763109845662,7,1,2
0.16241443980828327,0.13763553005530377,0.8564253051909217,5,0,2
0.16278780627867606,0.08522376249734748,0.7703027564405084,1,0,0
0.03852252027737916,0.014376831710687335,0.4217646077498006,1,0,0
6.991026471268588,2.5860101993450555,2.1636076716221533,6,6,3
0.2729734615658617,0.018768346494004454,0.9560011921983274,4,1,2
0.06239217972047084,0.05371377160837478,0.38678508592839933,0,0,0
0.22466236604224749,0.10068342287704574,0.6088815792721466,9,1,2
0.13078855748855708,0.02646075774460064,0.5800701947545577,0,0,0
2.9537859076165334,1.3436412997848786,1.8134360679519308,9,1,3
0.09098041591187961,0.07942069381634208,0.5729772937034195,0,0,0
0.3852134023146481,0.1269150846223289,1.0399717732389835,6,0,2
3.1956551289460484,2.351609127428372,1.5130270226449234,0,1,1
0.27888861042851404,0.08905066282332191,0.30128531481646387,4,1,2
3.1407146956935836,1.6145004935906357,1.3945995193632865,1,2,1
0.5078144059394479,0.19705557377530114,0.8034413156628437,6,1,2
3.6288496213559145,1.0655129620865615,1.5332641508678513,2,2,1
4.308988609229009,1.1075280154040712,1.8316779435868453,0,2,1
0.34987918734043766,0.08369271763511284,0.7174211113679734,9,0,2
5.123387254401141,3.0193155370880547,1.7819911421836614,8,3,3
0.09391262458083582,0.03841751780728507,0.4296289600668567,0,0,0
0.25336819428267976,0.15424624179491397,0.8400136326925632,2,0,2
0.08041757162891044,0.05446306109495394,0.5964769894302446,1,0,0
8.347629488994286,3.6056988225265503,1.2870981968848665,8,2,3
5.447880870943821,4.248197937127795,1.1638125764592715,6,7,3
3.986842068967491,1.4116509071145469,1.9988740964962328,1,4,1
5.180353009075106,4.169066508180053,1.7817320307011135,9,4,3
0.38858407471328127,0.11639812868624111,0.5780555860030154,4,0,2
1.9658753065511485,2.1372341678182822,1.6356869977712754,3,5,1
0.050941723443015924,0.030430009082667873,0.4960855973031658,0,0,0
5.289441739077846,4.394447158639049,2.144151434618435,10,6,3
0.29044670929244626,0.19646766720039813,0.8758543480887939,9,0,2
2.9569780536142103,3.027047791461822,1.856277545405404,1,3,1
0.1212943603096518,0.06020314937830367,0.5450155633946647,1,0,0
5.849234459506084,4.560619670738604,2.1009826948107255,4,7,3
6.360190495714738,4.285883920865299,1.3929036038603462,9,4,3
4.0870575345945355,1.345134012816184,1.5163020882425626,0,2,1
2.552469259027888,1.5197765230080593,1.8033291016760973,3,2,1
3.8029718735872833,2.13597029547027,1.1567235551206139,2,6,1
5.480467949514605,3.859441433180951,2.130190998574534,9,5,3
3.54052294231701,2.7256877305351908,1.5518675054363078,2,4,1
8.581512973174666,2.9869650233180076,0.5888693267846616,13,4,3
4.787846888852282,3.949886725980529,1.780631576139795,6,3,3
0.03515840260220768,0.0021939126506112447,0.5901728697140274,0,0,0
4.082072422277331,5.7912204013619375,1.0382022092465284,8,4,3
0.16388384109492546,0.06515843699847239,0.5876173931693075,0,0,0
2.085536988633679,1.7634084468464433,1.2116245537646797,1,3,1
0.3869959269366351,0.0673978792906372,0.7331477670450932,4,1,2
0.39969377208017964,0.19492777244359885,0.4199059442086678,4,0,2
0.2926227136270308,0.13183349705806688,0.823811657731862,3,1,2
0.09853685931575108,0.05199773908818426,0.5898117324122347,0,0,0
4.735014745984106,6.069764416625021,2.9004456101797427,8,5,3
0.34789272411691075,0.026186104178388667,0.5992060986006349,8,0,2
0.18345107626446966,0.0074554515929700915,0.4440453714710531,0,0,0
0.16311599071291852,0.16682740221071168,0.9550679704616216,4,2,2
0.13329621260272306,0.0561469123341594,0.38820723919632605,0,0,0
0.25646812984343625,0.15835684221558205,0.8378989073567032,6,2,2
0.14728389666219185,0.17275714676467224,0.6918808767874444,6,2,2
3.6841193983281695,1.7572049439774955,0.8072387935773454,3,2,1
0.1669012078430903,0.08323936034115413,0.6590467273499507,2,1,2
0.1459332868808706,0.13340746895210448,0.21978587419121676,8,0,2
0.1099529847786735,0.0448764049500924,0.3529510448768749,1,0,0
0.44015163132303603,0.1267535787412935,0.6336666807892626,10,0,2
5.709976465626265,4.293875558336381,1.6328023710510966,7,4,3
4.200972322703966,2.9226998406251896,1.606069844022139,2,3,1
0.3427851671102578,0.07903693596673798,0.5263670371086115,5,0,2
0.23907765197364378,0.06608168934039738,0.6834972808183276,5,0,2
3.4877234664978243,1.5224588559320862,1.4798650837394667,1,4,1
0.3019071400753713,0.12234794032845778,0.8899636312463827,6,1,2
0.1594196636724042,0.035434555951867744,0.5321291470757388,0,0,0
6.467808137122478,4.4193757316474125,1.1295908180082161,8,3,3
2.6101552290588583,2.2745633377791825,1.710149118947449,1,4,1
0.34231030518391714,0.12386194309256841,1.0838605298555735,6,1,2
0.6348207185538975,0.08051577860822971,0.8205499222616031,5,1,2
0.16553978003012293,0.11823839264307509,0.46350622077986314,4,0,2
0.3829833691643413,0.12365964230441145,0.3614862281134123,9,2,2
2.933815593513221,4.121259206916059,2.7163427499050052,10,1,3
4.799025910392754,4.114466868853973,2.109334785940822,8,4,3
0.12117995327967306,0.05675915056464237,0.36878367988044825,0,0,0
0.3241556794205381,0.19969345452543627,0.8547854615192567,3,0,2
0.5131983649500618,0.16205845479893585,0.589415076107507,1,0,2
3.932850402519974,2.1182710968074314,1.5117927596230396,1,6,1
0.14472951992552374,0.12198890288674112,0.8101642046628611,5,1,2
2.484336769120174,2.163537609026654,2.043872166197625,0,7,1
0.11953479604640721,0.0770222817997343,0.4980081603700269,0,0,0
0.4604278036822457,0.07392767358037391,1.0746507738567457,11,2,2
6.241441951354833,3.1940762145932,2.0815904339711446,7,5,3
5.104934501753902,1.6276219216078056,1.3170291879152394,1,5,1
0.21105995461069532,0.06121781759056894,0.6334091963819166,6,1,2
0.031116531602145447,0.05498617191283458,0.7381713531732546,0,0,0
1.757463533117284,5.469314368071743,2.2511542128738906,8,5,3
6.356543650161209,3.592027439074201,3.2895518368512935,7,2,3
0.4132068339047842,0.0924446113920058,0.49815228127174427,8,0,2
0.2960703457330281,0.11645873365361178,0.8279548762568638,4,2,2
0.08756544369082266,0.07499009801412318,0.3654664512584759,0,0,0
0.2636104416365744,0.1476725649112931,0.871724041361505,6,0,2
0.16846739149481113,0.11597311480317032,0.7237383798394719,3,2,2
0.12934285469001353,0.05819525591918995,0.5689164457074336,0,0,0
0.3652697520157137,0.11422989400070782,0.43297633157857607,3,1,2
4.462210578581098,1.2701066640410006,2.362224809402974,2,3,1
0.44604151779364853,0.011876366462066995,0.7978713799481251,4,0,2
0.1426216667398112,0.06707951953104448,0.583783053522948,0,0,0
0.07654121739476477,0.12852475412872655,0.5803154742614022,0,0,0
7.868257201153288,5.135345951754132,2.1262329645913822,8,4,3
5.3491816619061785,4.12069848213551,2.214028076227995,6,7,3
7.049734481417105,4.384231110590407,1.8082320396879565,9,5,3
0.34337161698763635,0.0,0.904363484403809,3,0,2
0.4693137491564056,0.16431595064869017,0.5589235841395876,6,0,2
5.635321123975958,3.1538441138677253,1.1287938929882495,2,3,1
0.3883024557866187,0.03911036456023686,0.7363859388576278,7,0,2
4.5279590022577985,2.150965842559352,1.6633837512552112,3,2,1
0.15605153336622357,0.0616862833287062,0.444489077207165,0,0,0
0.0988565968850559,0.06587636934287631,0.40759371926589344,0,0,0
1.8811774280135596,1.4560812261431901,1.0835122705545444,1,3,1
2.4171594711316566,1.5819064427308376,1.7535840913820544,2,4,1
0.3066640002168424,0.1640583108805589,0.73013889692446,8,0,2
8.220303091537934,2.0136604456060936,2.620990582835165,5,2,3
5.679460815994526,5.01816921542696,2.131086673295189,4,1,3
5.033012542249183,1.968125039160411,1.702830484094974,3,1,1
0.1613466611942154,0.05786614100010647,0.5581781770628362,0,0,0
0.022205217689818632,0.020517357359157887,0.6006606541032629,0,0,0
3.057443054401296,3.9211531989725117,2.240303206371059,7,2,3
2.4612899480820163,5.3885952213396555,1.5724258643901114,9,3,3
0.4261250581399549,0.12129576212810372,0.7889251351592446,8,1,2
0.19907032069941127,0.04031726069371408,0.578731348686963,6,1,2
0.16194731764697187,0.06527720703266846,0.38727362074458527,0,0,0
4.796256709748002,1.6087293568367775,2.001896910853486,1,3,1
1.6809489846974524,2.350941126029647,1.4833228430402186,2,0,1
0.3496985719623779,0.11539075067781686,0.6503203452106039,6,0,2
0.08203539546064703,0.05156286125939295,0.41658151512673763,0,0,0
2.6736347147341313,1.4165886152329668,1.6848077126243015,1,2,1
5.266362309966311,3.5877381220398554,2.165110824821131,7,10,3
0.41312871063587264,0.027925126474814904,0.7653658258469903,6,0,2
0.014870819788107975,0.08822838174279447,0.48095538140707833,0,0,0
0.17964037846068676,0.19227827126896382,0.7905592958496921,4,2,2
0.15516509410082607,0.0856359781754212,0.45742443953484097,0,0,0
0.15527629664789921,0.022542810970378725,0.48855276282011373,0,0,0
0.2554122209357538,0.05870118179459211,0.7301714765737521,5,1,2
5.863862176843984,3.9493808492810554,1.1654119302488284,10,3,3
4.367394492997976,1.6859510824601083,1.325950883362644,0,4,1
0.14775711602506192,0.06554814705529023,0.5110886382828418,0,0,0
2.834954081996888,1.2726926257114195,1.2675947827008465,0,4,1
0.058575148760987704,0.049308987520920736,0.23481719369550508,1,0,0
0.08944348805861528,0.053089873311905025,0.49976310838671917,0,0,0
0.32627495501508763,0.0763237184858847,0.8427205409713928,11,0,2
0.03306971001383756,0.05779209048183976,0.6918606333876208,0,0,0
4.326145616040516,2.6041373703260695,1.4079017862349794,1,1,1
2.162325813912316,1.5478524066742052,1.0797990435340357,1,1,1
3.2375568097794307,3.3463436847621955,2.7515399333825434,5,3,3
0.08453954614750683,0.0408473350132477,0.5976431377198068,0,0,0
5.65451289227242,7.135307299211201,2.8811633520479782,6,2,3
0.09135269700382885,0.02219556149693075,0.47410612034216093,0,0,0
3.8290104616236222,3.0988703026883053,2.828575095901187,12,3,3
4.782172358415296,4.790073565287897,2.2015881098526955,7,0,3
0.3944322443120109,0.06767098900963353,0.7366186006094891,4,1,2
6.03036966864169,2.130433087360988,1.1787736870984493,1,2,1
0.2597909740582507,0.07997772869284463,0.5380306416057808,4,2,2
0.19894091726062135,0.05913681734207913,0.7672338339321616,2,1,2
5.201708656877968,3.770238559405392,1.7714675311317039,12,3,3
0.4675202424087777,0.04563292825377627,0.5193024277759897,1,0,2
3.4398455005948723,2.573901395879876,1.5709940738018549,2,4,1
0.12373491164399765,0.0662159729118342,0.5028775564080998,0,0,0
0.1658697032817163,0.07441642597626096,0.4941279572895371,0,0,0
0.10092091895947759,0.02461339006906602,0.49972138893330986,0,0,0
2.560064696355525,5.670993781425843,0.5203295542699065,15,3,3
3.356000022298339,1.3436697196003609,1.4627614875546888,3,3,1
0.1088850500466627,0.03276593859487484,0.37674596887797196,0,0,0
4.255184973803943,2.2689918360754704,1.361250254040009,0,1,1
0.023882040689105447,0.03625971800601006,0.6059565572623398,0,0,0
0.44151127269680546,0.053663033026035895,0.8665093619913624,6,1,2
0.26407012754809694,0.06070907993376102,0.6766473242153501,7,0,2
6.3001026752140135,4.851299589718516,0.8461920445981832,8,2,3
5.112868370707128,1.3362462547312846,1.4597540019022783,2,1,1
0.002016493806011224,0.06836908887884828,0.4313284656996705,0,0,0
3.8232471875335623,2.3846076386145247,1.6520434192989146,3,0,1
0.12539178781448118,0.04881169637455012,0.47709189690782905,0,0,0
0.4205344969426681,0.07164058506936186,1.0639384715851776,1,1,2
0.16843157787661744,0.05504480792853355,0.5655892137787583,0,0,0
2.813395468151799,1.5310232955775538,1.6763505365597369,1,3,1
1.5574294285625936,2.779314008535043,1.0305436725133619,0,5,1
4.698248109385839,2.7387029219362926,2.1590619765642134,10,7,3
2.2022716243187674,2.119283063071038,0.6431173759976528,0,2,1
4.025169313262168,1.950984464360106,1.9557058717592943,1,2,1
0.40668655876415893,0.021180114364528643,0.5486668722765283,5,1,2
3.333514415718454,2.450555890531086,1.8992411746919586,0,2,1
0.3195228132940331,0.14910563148655562,0.5871174294665139,10,1,2
2.9818659433331427,2.1901683251579414,1.6875868537626206,3,2,1
6.509096495246305,5.303716336735821,1.5140393609625882,9,6,3
3.3839291898795167,1.9088790879107305,1.6372829225821117,3,2,1
5.85887464753115,3.3757052786034607,1.2377245648034816,9,5,3
0.15159222697343175,0.04277074466612029,0.25646876682171116,0,0,0
0.08522992949304853,0.04565737850107595,0.6816755629575104,1,0,0
5.805636837367189,2.6475742720976716,0.8789179366459815,1,0,1
3.535295390745216,1.1321330315261864,1.551211644826352,1,0,1
7.004407723687397,4.502982689250151,1.388187960886893,6,7,3
0.16884490987176448,0.1149244053432071,0.554712447070094,7,0,2
4.344793793065635,3.540002213720106,2.228282951178324,6,1,3
3.402654031107267,1.5871064373727466,1.1268980657433474,1,2,1
5.572627429292309,4.700614447033512,1.2770826773354786,11,4,3
4.36408258611686,4.829699761639792,2.1364704320335433,4,5,3
3.7174058527270035,1.8701565682794656,1.402506166721602,2,4,1
5.715215850816192,4.140941118055753,2.1979416307614614,7,7,3
0.10035315793140882,0.07701704661398011,0.5018047252468224,0,0,0
0.17503798953171557,0.03369248743367758,0.36634314996850803,0,0,0
1.990006829420793,2.04057191592481,1.786758181957494,1,2,1
4.170599137842662,2.412252357876854,1.7932420967843359,8,4,3
3.9133720291303957,2.7190977926043742,1.7847498210714483,0,5,1
0.16076292176897028,0.04859840677684324,0.8741276597290785,8,1,2
5.344328087700572,4.928879785298254,1.7713348031388498,8,3,3
2.1074194637332213,3.209337640942017,2.8668311874443604,4,2,3
3.318266462384094,3.3126527901344556,1.9447332086263909,1,3,1
0.13816234343325376,0.09576818063846221,0.9060415213742696,5,0,2
0.2811314951781221,0.030651684848881575,0.5953736050435948,4,1,2
0.26664375227961634,0.07658494286713144,1.062323024428578,4,2,2
3.830613261090406,2.1158363420975306,1.551311847791144,3,4,1
0.07222614404198727,0.043181842453078406,0.4529796661214689,0,0,0
2.3770853225524293,2.121145592901159,2.129652369105732,2,1,1
0.11885501969510934,0.03243473494353067,0.31614813767279293,0,0,0
2.6676105550305573,2.5218884782008777,1.7195016979862734,1,1,1
0.36516022549488547,0.17005661182013665,0.6890134567993652,3,1,2
0.10480603884704917,0.05433249950809238,0.45894815172702697,0,0,0
0.15743828501860518,0.006201565900428939,0.46347191417961153,0,0,0
0.1854977762242443,0.045866522601767185,0.751087960239398,6,1,2
0.2859760050535256,0.08785898140528894,0.7162685883287306,6,0,2
0.20377003993227194,0.04334279191234978,0.4973739206730148,0,0,0
2.0439535066535663,1.9061530342891173,1.788408107945644,2,0,1
5.761032434024842,4.983218004487216,1.798318457610141,7,8,3
6.365396327421353,4.049824597670701,1.6183571268094297,5,6,3
0.13958313469814682,0.04875991981267937,0.5217802339748726,0,0,0
3.8128305828206406,3.9047532063395365,2.3022160808882695,1,6,3
0.3451046542162149,0.13270467244256418,0.47787642942163294,5,0,2
3.663427820386131,2.6161419147554157,2.001028170174927,2,1,1
2.124850607959697,2.2459072005439813,1.6475634451736665,1,6,1
0.1528028404533026,0.01896975501882142,0.7666905222320008,0,0,0
4.204822725022113,3.648993032911682,1.1364385012517713,6,1,3
0.43303164260362165,0.027558278043362,0.9478959149472741,7,0,2
0.07772487392996141,0.07207754686632516,0.44031052152680283,1,0,0
3.822379166217935,5.624458260790668,2.152583416969643,6,3,3
0.40108276976651236,0.06447635849395039,0.9574696841699694,4,1,2
1.4734222234005645,2.7084170410694015,1.4714548463829662,2,4,1
0.30236575121903236,0.07380907181654867,0.5307810702558753,2,0,2
0.2796477602281915,0.12349685402060771,0.9673863459056045,10,0,2
0.01692399688655201,0.03683503175332303,0.42508282733967584,0,0,0
0.3028188283437192,0.25013262424558436,0.8510031531936804,5,1,2
0.125751763360433,0.05289775666193783,0.6159839966388344,0,0,0
3.5748875843715577,2.0108327058517816,1.727326434062455,1,0,1
0.379344329549431,0.027815319564968286,0.7036662750327015,4,0,2
3.4599627924789007,1.8293843894882895,1.5033997135103203,1,1,1
0.07371224891596195,0.059153731721071044,0.6684524834603451,0,0,0
0.263123245469482,0.2632144755434505,0.9484820277536927,6,0,2
0.191375671321038,0.1056813680618773,0.6074285789532922,2,0,2
0.16843091095365267,0.2103964608897093,0.9496982015590432,4,0,2
3.935238015289231,3.952667840513957,2.4895905154645663,12,2,3
1.3244512230124301,1.7659377331019048,1.404271189724693,1,2,1
0.16405081808675565,0.08597450036702625,0.6455434483915325,0,0,0
0.29618868580699564,0.18237775151969104,0.7702582199562721,5,0,2
0.06240153341305905,0.01945664286820705,0.6399227950071159,0,0,0
3.6661887299171974,3.653877031150951,3.1504502964082595,7,4,3
0.26059527146028527,0.12212184564403575,0.7460533632586648,10,0,2
4.340864522796054,2.4248124650261964,2.07777780567518,9,2,3
7.579749774050837,4.382598269404487,1.811019655737784,9,3,3
0.2818277505487627,0.13761966905634468,0.9246240196639375,6,0,2
3.947696266395012,1.8194564183065651,1.606018139237687,1,0,1
0.16727100230774888,0.04283941240506028,0.5476651040800558,0,0,0
0.11081894632917991,0.06390261418276391,0.7050709605229685,6,0,2
2.671819436126492,1.6716448001117667,1.8851218301104224,2,2,1
0.5332469312592694,1.9775402309227834,1.1728823403577684,1,1,1
2.810723376847612,1.9039993648692901,1.521259499116541,2,0,1
4.8438359196364775,4.545253758335613,1.2586956454200613,10,5,3
0.09230264776056193,0.13859540436554388,0.5843550911618453,7,1,2
0.24819993172578875,0.06884947963115284,0.9519376500036355,5,0,2
0.41881190566564996,0.10633152997121763,1.0244735890602252,7,2,2
0.07188562353795137,0.05655759048318715,0.44882364420576965,0,0,0
0.15846477952228366,0.0484866879134834,0.34797132077593906,0,0,0
2.68783052827367,1.917742734101915,1.201041475014432,1,3,1
4.415653804258344,3.0588650015042824,1.4253829727752403,0,1,1
3.6796953811062068,2.281908279693252,1.250735200843461,2,4,1
6.8777682412893615,1.9256352060913031,1.4337437159611346,1,3,1
4.452368967663266,2.602234328058218,2.0192620069808744,8,2,3
4.112171618618584,2.3953088594199885,1.3544669942087815,1,2,1
4.05736910790613,3.4066124321769085,1.8434342882870975,3,5,3
0.15149804087905808,0.07543784843877313,0.42375820493970856,0,0,0
0.1435648648728622,0.07568191587896235,0.476219296257406,0,0,0
3.836601427562167,1.496018882543181,1.4390105266269586,4,1,1
4.186774070503355,0.8154878442093743,1.72070422912792,2,3,1
4.144388453538182,1.4211435380293653,1.4538644504561424,1,2,1
3.455248221860822,4.9906703404654635,2.056721370960635,8,4,3
6.279175774539862,3.5784952051622296,2.3687233089450643,3,5,3
5.894224804879145,2.7851076051419277,3.3022804556205423,12,5,3
0.10733568432166615,0.0797822621665658,0.6081514086299742,0,0,0
3.2313783760619357,2.267351974818099,1.3174224583292165,2,1,1
3.4977537982428792,0.6914434412843946,1.8051443023137936,0,0,1
0.31073963556239503,0.10147328593230097,0.8701643534045841,8,1,2
2.397202559006078,5.007053554473715,0.8241856714475204,7,2,3
3.2407781869959074,1.8381586229794062,0.9917882156323785,1,0,1
0.4335960556120605,0.0881550423006287,0.8543714758445868,5,1,2
0.1902330225077783,0.06722536436081808,0.5258894094478599,5,0,2
0.1978016464985674,0.10978062593192311,0.8614806186683772,12,0,2
3.7178378082433783,4.754199387586277,1.511631960989667,11,5,3
0.08419635719864751,0.04556926804832524,0.625451870238119,0,0,0
0.44299611867896777,0.08854234320496229,1.1970538409531084,5,0,2
0.11055087336013092,0.07366987333779856,0.5087016480392387,0,0,0
6.823611482378023,5.879071867342835,1.7160140269779283,7,2,3
4.149590818453014,5.7111514685975315,2.7019512110110346,12,2,3
0.45809464319541704,0.10373345230467301,0.9451625178197053,4,1,2
0.12987000349249292,0.04752534639800487,0.5043828799460428,0,0,0
3.382018905392622,2.1252571018777986,1.7090791904888274,0,3,1
6.614910927781264,4.74889907880007,2.288196511319353,9,5,3
5.650261439475959,3.6059545415638734,1.8114747212902933,8,5,3
0.36039089756095427,0.14796654781129,0.8315235614245898,7,1,2
1.6668295483012725,2.427218875570278,1.732387690582545,2,0,1
7.883300590889599,2.932777295854681,1.6467383410245868,6,1,3
0.1181815941312484,0.05589942911417643,0.6819771787312597,0,0,0
0.14066025933739887,0.049020699382831,0.44997389834133245,0,0,0
2.0499836438324675,1.8174724835975147,1.4431501270823612,0,2,1
0.38065438637417565,0.02008738202504698,0.6650205856210382,3,0,2
7.316717486401,3.263466642218546,2.1562407219968867,5,9,3
0.21448818431332897,0.13950162837701613,0.8645715916702346,3,1,2
0.26089431430670706,0.04339884057243684,0.33246568714172914,5,1,2
0.06951085478403089,0.027954605190882893,0.46853091712119077,1,0,0
0.5426472289241268,0.15086206755946396,0.5949340898463898,3,0,2
0.38353938659852993,0.07550008151693281,0.6370616465803282,7,0,2
0.33982128784264837,0.13248358753843809,0.6524876211661335,6,0,2
0.22585287967574386,0.13336311736324685,0.85094052072922,4,1,2
3.8999965529436063,1.8922160282905252,1.86349188769475,2,4,1
0.17225946113700824,0.15123228210536052,0.6946863758564861,4,0,2
0.36152452623203696,0.15959640499617742,0.6006360223486881,6,1,2
0.16874382095740925,0.0344232591435913,0.505844948070565,0,0,0
2.37271447629307,2.179149907466384,1.434093886492848,2,6,1
0.2948730385265662,0.038656153939274455,0.8026543504782722,5,0,2
0.1319296229388687,0.0002334529317402148,0.6292060334326522,0,0,0
0.3396338161660125,0.1625001608925854,0.6901515493413974,6,0,2
3.5439005331233884,2.4129263349138546,1.2721044717499868,1,0,1
0.32101795573558595,0.1510789766659716,0.9483676503186025,7,0,2
0.13674388930249087,0.034548625024875185,0.5527839349915588,1,0,0
0.1545753425961231,0.04168066144105283,0.6333885745500573,0,0,0
0.08185807197801705,0.05515951962442362,0.6196910948761353,0,0,0
4.524482605544093,3.350033424631297,2.1974813541930893,4,3,3
0.1941012248237517,0.059824153308239925,0.4060032170849933,0,0,0
4.311816041499145,5.488008583910283,2.280384397523277,5,1,3
4.634639699821057,1.7265807724026088,1.5087455736975037,2,3,1
5.176423417844074,2.3401435828588784,1.411439624069191,0,0,1
0.4614772635562226,0.08512679126713704,0.5589283369593971,11,0,2
0.116337238230116,0.037728247892744114,0.4523123539356164,0,0,0
3.7448973017127294,2.2833039164175446,1.939893540875358,1,4,1
2.885961838450589,1.40331059377809,1.4005218663205363,1,3,1
2.66871210451811,1.666108802855855,1.7628617975014982,2,2,1
0.1618908155986731,0.05574657808806019,0.5311490858797789,0,0,0
0.05057044464245413,0.0738341499421413,0.6591400367762804,0,0,0
4.314684437294069,1.5391410817590425,1.3467668424286583,2,1,1
0.29403459896955025,0.023243129078780428,0.9235081741413199,6,0,2
4.34104127696162,2.5700066432003927,1.5427214599884398,1,3,1
6.461128858494658,2.982420368315223,2.0836546318318363,8,4,3
0.31802363854593146,0.15081784158015032,0.9073070602652785,7,1,2
4.559870270763987,3.0613688291689036,1.5171685090963611,9,3,3
4.601485973981083,4.192529311915129,1.3973994831566712,9,5,3
7.007582016974927,4.313969451185062,1.6425729006141632,11,6,3
0.416109269999174,0.16450479063416917,0.86585386508163,7,0,2
0.5510743470547672,0.03711481670703794,1.1226315001917768,4,1,2
0.13296228342162025,0.06315526352300747,0.6346571662610296,2,0,0
0.26737067755952093,0.023195508369004608,0.7404277615606021,5,1,2
2.4296794513481625,2.58364535869189,1.8302399416268151,2,1,1
0.07534995326705836,0.03885153893783358,0.5456688010730399,0,0,0
5.6218698440134816,2.8837355531156543,2.1679633783046652,6,3,3
5.6351566676027804,3.998120821538284,2.6589922981217593,10,1,3
0.08152365355833208,0.06086781655743619,0.5293949387943162,0,0,0
0.14035612983186552,0.05336030681065057,0.36358940061816414,0,0,0
0.1335670038225233,0.045830635789191845,0.43927385859139156,0,0,0
0.045384361766371055,0.03435993014977926,0.4908031533796953,0,0,0
0.33043625584676617,0.1630553139472256,1.0544232379482943,7,1,2
3.0091935335035798,2.7928395865503797,2.318549923588982,1,2,1
0.25678060965046945,0.0,0.3687035732144692,9,2,2
0.4100960948362629,0.1134819743769167,0.5134435921928415,0,2,2
5.845522269043137,3.4599133308122125,2.18330275023123,11,3,3
0.1617891095911077,0.06343889215628995,0.5386586229905193,0,0,0
0.44209578654605897,0.08495840497643538,0.7022337523712245,6,1,2
5.463552833543816,2.174913956340044,1.2292755837767624,1,2,1
0.0814692833956947,0.02401567273108352,0.5598099155047467,0,0,0
0.18195584027220338,0.04755885735757446,0.5969369302408054,0,0,0
0.07282876144331175,0.03610799261673711,0.3521453063001201,1,0,0
0.040303749680047234,0.0608181703712198,0.41403864861215456,0,0,0
0.36302361987253823,0.1075073330669051,0.9458430365861574,5,1,2
0.06612176738321725,0.05583127353363946,0.6368094236814899,0,0,0
0.39159352471487496,0.10460870841196088,0.95227323790241,5,2,2
3.0906797854133146,2.8766875993621577,1.8459983290190667,1,1,1
0.09264989991857557,0.071395429099677,0.5393873218164743,0,0,0
4.689966390302285,3.2271137602999813,2.5646658923146246,6,2,3
5.517016035628422,2.208191169443956,1.8743590454316257,9,3,3
6.187002264315247,4.525821743141239,2.57687962634568,15,9,3
3.2574884929225396,2.6314076822937094,1.937553829444175,6,3,3
0.08853896375039783,0.029595537638680322,0.6786610169565389,6,0,2
5.020640096017044,1.7844994470835305,1.5466974893015224,2,3,1
0.2879777566465221,0.060069299492819694,0.7983562198041559,0,1,2
0.1487598814891215,0.05328589530741138,0.404538189804994,0,0,0
0.12973771708326431,0.04715706926118908,0.48380451830586724,1,0,0
0.30366250321513905,0.1698013775081786,0.9102283803705702,9,0,2
0.1579055436750034,0.0749378343106944,0.44822425527777804,0,0,0
4.758886205742821,1.9678012296876461,1.8327298396430156,1,3,1
0.1738270174862948,0.02776839500972898,0.3654985516069331,0,0,0
0.11855729366856545,0.05850979866480461,0.45080430951305167,0,0,0
0.4533845105036295,0.184062406953075,0.7765087885324481,5,1,2
0.30273429942708935,0.043519381909563205,0.903753608926225,5,1,2
2.4248969518832446,1.456260915943816,1.496516965663487,2,3,1
6.156869878399208,3.88224683079949,2.014799116215027,5,8,3
3.768413273694562,2.103926619068823,1.7013078034166547,3,2,1
0.1805410352978129,0.06450793172728465,0.7613715446383857,7,0,2
3.582864841868996,2.186397079264603,1.8081574680121242,2,3,1
0.7595735779650687,1.276309333268455,1.3538337174995334,3,2,1
6.859973977166596,4.89394831788103,1.9701436573922806,8,4,3
0.22538275933281998,0.008061698379361229,0.7736036949368572,5,2,2
4.93304943900104,4.353550369673915,1.4079585353874586,5,4,3
3.2838719515916255,3.745600717698845,2.6468802871846746,9,3,3
0.06287647071509758,0.009564027200761056,0.3903124920616014,0,0,0
0.18435708175362825,0.027395925506521524,0.4288537805916295,0,0,0
0.11345634706225538,0.06103771943644308,0.6299987372262135,0,0,0
4.295863812341226,2.301958520741687,1.4551244054047872,3,0,1
0.19483964913269738,0.02534953370462982,0.4849385985370067,0,0,0
0.10546973973024465,0.04611461736042961,0.48316150775271477,0,0,0
0.12021473774808489,0.06337680261092436,0.5011880434517791,1,0,0
0.16179058100034693,0.03955736859960016,0.44945102445554885,0,0,0
2.540645039351877,1.73141786880584,1.3321037457524514,0,3,1
6.863915139946393,3.3933154668496655,1.8639099142193611,4,4,3
4.9938273635012145,5.359686096456921,2.649503887691864,9,1,3
4.58253700868291,2.8245956616672308,2.227825684155916,3,3,1
4.852759030614763,1.987651178457504,1.5088686860616305,3,6,1
0.24043137738902176,0.0740232801817721,0.8149150381876249,10,0,2
0.14386811452878356,0.06329854324603482,0.5040924748728923,0,0,0
0.06551361129679131,0.06366446029577616,0.42257961816470996,0,0,0
5.200068617357416,3.935459669687883,2.0313839736174373,6,6,3
1.501655032855374,2.4596305458406458,1.871145292643615,2,1,1
4.026359158360407,3.6151568622366677,2.16984305078682,5,2,3
0.19309754141456031,0.12699587999425768,1.2327511004701608,3,0,2
0.1724249614946463,0.029710405465851724,0.69723444790822,0,0,0
3.9414197598929506,2.3627950877411608,1.6868584454884488,1,2,1
3.435128558946639,3.1965061473833933,1.3415007332668727,2,4,1
5.218462613815395,4.279304984854921,1.772354933478262,11,2,3
5.008918894266904,2.5193635297210912,1.3797403994970894,3,1,1
0.37638905541384804,0.060229655483476856,0.6542327492743547,5,1,2
0.11065983141188446,0.07413216309727831,0.479979874569963,1,0,0
0.08593362214408934,0.037342394502304165,0.5707231373804277,0,0,0
3.1188195470240982,4.122555816011472,2.779544681725159,4,4,3
1.983866887234758,5.239577851558416,1.787700260853841,5,2,3
0.41649367837267903,0.021360858352025114,0.8878518978761352,5,0,2
0.13168884404660494,0.017239418851279664,0.491291527385685,0,0,0
2.1498591083502228,5.574061177929333,1.6951078986061558,8,4,3
0.03440818838249203,0.014137870949308469,0.5716340080540411,0,0,0
0.11219765989542502,0.07778048725925524,0.3319129540761879,0,0,0
2.6406333817602214,4.034060620928941,1.5212296935807894,7,3,3
0.4091813533654456,0.0021201853094728884,0.7810001407178498,6,1,2
5.142401576391756,4.330914208020316,1.9329258654307258,8,5,3
3.665859026798673,2.134083474910987,1.1902071905633826,1,1,1
3.80124248009139,1.5958680874665376,1.3826465509092838,2,6,1
3.197650433668249,2.387468053554237,1.062848190473713,1,2,1
2.738260469395269,1.9952848685632434,2.27390201784591,8,5,3
5.128424637886371,3.9688198340632224,2.1737788917051963,12,2,3
0.09054398046114834,0.032634780768033354,0.30826511139897006,0,0,0
0.24296594875660146,0.09138720526125568,0.5071260949722711,7,0,2
0.08762406822242477,0.05268592994495586,0.4644025915614167,0,0,0
0.41461704509257485,0.16740280938243657,0.5636600433870835,4,1,2
0.1271649014518194,0.033261585924074404,0.6867462004161351,0,0,0
3.3395499567343663,2.984225644680145,1.6461259677346782,1,3,1
0.07205390763642058,0.055051376919932477,0.5672389337611382,0,0,0
1.8275954741876475,2.0847988381974676,1.4532221707551276,0,3,1
0.27511066803447703,0.09425290572023608,1.1487671802581838,6,0,2
0.2271395684643881,0.04768714003377368,0.6895861837880908,5,1,2
4.281175336287599,1.2133935302191463,1.028553243727118,2,0,1
6.915014020374647,4.142530963185484,3.0454288015709436,5,5,3
2.3007956749043568,1.658532446842407,1.7666820016779112,1,6,1
0.22441406132455755,0.0920781542298504,0.851934203186354,1,0,2
0.05303323030906229,0.02647653326890439,0.4483153116826171,0,0,0
0.04376789540810654,0.05716907236419241,0.44764240115934173,0,0,0
0.13095771305025988,0.06190981795278515,0.4495701984187377,0,0,0
0.36856818462013824,0.1427991336307443,0.5975316432667772,7,0,2
4.307739555984151,1.522122821088678,1.25497862044053,1,3,1
3.2158121178452213,1.814743321703065,1.6779316198073218,3,4,1
5.335200677466453,4.654972243077375,1.5507746919598142,6,3,3
3.7839278876047215,1.8372432935025318,1.2502178340783456,3,3,1
4.966089991780824,3.8801419317411034,2.2009401785389637,6,10,3
0.297765204943531,0.13759302336584073,1.2161090663190426,2,0,2
0.11882047630487584,0.04568078959299536,0.4779981972340326,0,0,0
0.10923401529324543,0.0700326365041712,0.5809264698241986,0,0,0
4.049574316064444,2.2467686471018835,1.6519909364727008,0,4,1
0.2485872821854054,0.09831551641477687,1.1867256452085293,2,0,2
0.12735595575876052,0.07523038505071032,0.30659122545404227,0,0,0
6.3496263062266225,3.6230039971801618,1.240347022808073,10,2,3
3.170738368340501,3.5778234754091507,2.28995956026277,7,2,3
3.0643045235984436,3.2248261601384445,0.6457924294080879,4,2,3
4.831108085821171,4.364096528351936,2.5861177034545797,5,10,3
3.232071520626487,4.000907577289698,2.1795225156691775,13,3,3
3.171110503329191,1.4811022634909081,1.5239082202148138,1,2,1
3.15283851758155,2.169764393702108,1.9696363979877336,0,2,1
4.434654707336623,2.3785280009097085,1.3354809636566451,3,3,1
4.460400744073068,4.582173189315608,2.468809052685736,15,3,3
0.14093888218774303,0.039634947222775954,0.6052211155957059,0,0,0
0.4739140145749103,0.09319786848142603,0.41359260998276826,2,0,2
0.34515051087113935,0.12851958276005382,0.7069935320959715,7,0,2
5.155098533349009,3.8882083753285888,3.3828136212811577,4,2,3
0.27099614561108176,0.10890407833303373,0.4215749414354164,2,1,2
4.589272246931099,2.174824878573737,0.9878322016288342,4,3,1
3.9288111804330055,2.0503814114507994,1.8204483104627953,1,4,1
0.08064346751052427,0.04557915072925899,0.622885655020056,1,0,0
4.073558836877425,2.435030108453742,1.1463011481129313,1,2,1
4.600392892278729,2.51359739412143,1.6032000318915107,1,1,1
0.09277406646422412,0.022949826211185555,0.32223190376297983,0,0,0
3.27532009837013,1.6780639944458238,1.2342793198098736,0,4,1
6.433891387882014,4.219172472179271,1.6060381141727489,6,4,3
0.06034505176280219,0.10604310838013659,0.7856651684171844,3,0,2
2.1193478298898603,2.3530334749277153,1.266136657392187,2,1,1
0.18835604684997465,0.09839708692570262,0.809236264751578,4,2,2
0.10971921507886681,0.05172221736517956,0.42505840130430267,0,0,0
0.16781200142854114,0.04183798321679559,0.4795123336135283,0,0,0
2.3324991761192857,3.0498762739979943,1.1145166014135515,3,1,1
4.507117823412373,1.8137188597145426,0.8940221478173175,1,2,1
0.3086094371795859,0.08585137698159034,0.8944546428693066,4,0,2
0.3022223463700592,0.11516889043500553,0.8678970094245213,4,0,2
0.051651192843539355,0.04277378876065419,0.6991370418416905,0,0,0
4.690947294047941,5.458719494668237,1.52134835830054,5,4,3
3.213278305179937,2.7961125368243875,1.4458349127342782,0,4,1
0.07199094799015153,0.10386067327960993,0.46873315542676425,0,0,0
0.13169595111590057,0.039380582043760715,0.7068226041505824,1,0,0
5.171262460303635,2.591447469438963,1.3652143956192575,3,6,1
5.727750759646193,4.721623183729791,2.0079248784660737,7,3,3
6.010470857933235,3.5253588493284527,0.7918991288859107,12,3,3
0.1117305324921681,0.14878130297491937,0.8779971723267038,2,0,2
4.816176081530022,1.3199882118447026,1.55382885638848,0,3,1
6.203660649829533,5.2464862550499785,2.600480830629305,14,3,3
2.0490870714059874,1.5636194646057309,1.3966962285198874,2,2,1
0.1112225909279986,0.04901941318323927,0.5820232398305984,0,0,0
0.1536253668654901,0.054484694890705836,0.4178185171578654,0,0,0
4.021215791188725,2.39298704943273,1.8521702794722623,0,2,1
0.09923450754135023,0.04096101256176245,0.5898359568346986,0,0,0
0.5266938287074425,1.8045558664138057,1.0749029580957028,2,0,1
0.09308678494144078,0.06936369321065722,0.4546585891616146,0,0,0
0.012573401338090956,0.07390961301650958,0.5256750798661788,0,0,0
4.588323686986905,4.245073831130972,2.2707503489341714,6,3,3
7.337992314468404,5.631863176600231,2.2755030073102516,9,4,3
0.20482211827359034,0.1220912613464657,0.8844767801166307,5,0,2
4.41486779809785,1.1463285231752,0.86819813958506,2,2,1
5.135205568770358,2.7808424571906256,1.166198339190374,9,3,3
0.42127758617035704,0.2265262344560137,0.6598272692343595,2,1,2
0.05914556844659047,0.055312339863450674,0.6353453647621203,0,0,0
0.007690606888095308,0.03355847976344145,0.6282794968838981,0,0,0
5.278115141317406,2.4659944008213746,2.3354874436485966,9,5,3
2.7657351400666133,3.981334683215793,2.4527766102098676,7,5,3
4.464668794260956,5.523092155293964,1.6123711157994345,6,2,3
4.3439514005189315,1.791842371327986,1.4566239698020655,2,3,1
1.8391996553550065,2.481071686431642,2.4782701610790014,3,5,3
4.543332519944685,3.9633360594256164,1.1017484766771464,7,6,3
0.3936680944444022,0.197845208774293,0.808210873686209,4,3,2
0.27920379921067956,0.13404705216168988,0.6578219642668426,5,0,2
0.4412667803259167,0.09453119151233477,0.8430806218667892,3,1,2
0.4550798615055691,0.12972445649418246,0.7253580734496088,3,0,2
0.053838337694454785,0.06206495001142788,0.49547456980356636,0,0,0
0.08028130589919608,0.08534996983343643,0.4676931860198681,6,0,2
0.27958784151863925,0.12746207392143727,0.7669968378732531,11,2,2
0.3625691371108812,0.05962816142790443,0.6778352088791423,6,1,2
0.3785548669136401,0.10680246170957206,0.7247066945836275,5,1,2
0.1412443252321725,0.05088538783812849,0.8680888353566343,5,0,2
2.021997744695816,1.3441316538774377,0.7794159168148362,0,3,1
0.2547497152308949,0.13948526204093986,0.8165280895963194,5,0,2
3.7900878996354326,1.7280449732433711,1.6926363011629753,1,1,1
0.07769082833926103,0.03565967701744128,0.5446981717009852,0,0,0
0.3910667087786442,0.19691001212655124,0.7804932092462402,4,1,2
4.356905695872771,2.8607055318217,1.5557390621922134,5,3,3
3.705257449914595,4.189492525569777,2.5152760891390846,8,4,3
4.713837996826111,4.213791265836519,2.507675620093024,6,4,3
3.675673712491779,2.0299814288478535,1.504396772961038,2,2,1
0.2929905454634376,0.15510414676179662,0.7017779704361292,3,1,2
0.10384109455301277,0.05641571451865368,0.5184970575073157,0,0,0
7.270446381961061,3.4865875590907747,1.8080903152143077,9,4,3
0.1525327198003806,0.06789294375147745,0.4655901971737667,0,0,0
5.311555773193913,2.0603852327756806,1.5285910197460852,0,2,1
0.008783997535423582,0.11808475496848408,1.0654357016244425,5,0,2
0.19859751058416641,0.09095128677509243,1.0179204934691972,6,0,2
4.813473161325237,2.1550344119375753,1.4011810632112371,1,3,1
2.0374575623730666,4.213960613835583,2.848380090108757,2,4,3
0.45430008652573894,0.0,1.0258789770526406,7,2,2
3.99576557301551,1.9076945027814751,1.2347672576910236,1,3,1
3.9547043964167745,2.6103575977477207,1.314120005968893,1,3,1
4.824817937663604,4.107882452159495,2.5926286233652402,9,7,3
0.07144105051086017,0.04633699057893411,0.5467950422131852,0,0,0
4.640603273661152,4.5321478301228595,1.4483960149105055,10,4,3
0.36826527175642254,0.08250465668556373,1.0447415780717086,4,1,2
0.07268777758737587,0.0220842159561503,0.7145824925076488,0,0,0
0.23819849276277794,0.10564467685039405,0.9955623082836456,5,3,2
4.273900293611016,4.79077791138018,1.9943860150451658,10,0,3
0.32370032019887496,0.2255114073763856,0.9896785625976408,7,0,2
4.951446480960129,3.0582537051823304,2.1050301647048304,8,5,3
0.16907270393452434,0.04588744292713505,0.7792208867909962,0,0,0
5.402086780257195,3.7885710174193563,2.7803190739716226,5,8,3
4.32257292120048,1.5806711812397076,1.6541025647379919,0,4,1
0.37431973449249334,0.0012896636133653827,1.0305106537318944,6,1,2
0.4147716246947817,0.04016032330418943,1.250876478807188,5,1,2
2.9083428758266905,4.416015312619446,2.9467884213564686,12,3,3
5.418412566738452,4.252596485895629,1.86123028996004,8,2,3
0.35554887750628045,0.11707376329774226,1.2165690527138227,4,1,2
0.3659538525591422,0.10922427242225337,0.7091909785557526,5,0,2
7.504044502599156,4.496918157446868,1.5389595214327918,11,2,3
4.336234152436505,5.149291627122402,2.178172703739777,7,3,3
0.1282754822815772,0.038387033948920984,0.34934747419608847,0,0,0
0.06988939698191098,0.06864869741909335,0.5082441766634842,0,0,0
0.34374789892811247,0.0699419471413657,0.9453241644682249,7,0,2
4.57886657150813,3.24500369374856,0.9998770664884091,9,1,3
0.24547554306980934,0.12675668117558098,0.726131941720263,0,0,2
0.07053176215278943,0.04174004355713132,0.35038411868353503,0,0,0
5.56977193817848,2.580328431360078,1.6239537530280734,4,4,3
3.8918812622455845,2.4373698107901287,1.4830481626022376,0,5,1
5.377007942765729,4.234489113819862,1.879303613608766,4,4,3
4.40785238490987,1.5649184211100489,1.129399806208956,1,10,1
3.4299535562720354,2.1669725239995197,1.4759588796360572,2,2,1
0.10982605848507351,0.053133874564930496,0.5034887947089408,0,0,0
3.254004661644299,2.165431765533456,1.3930569094111367,2,1,1
3.9508123363317997,1.8856078280403092,1.3496286127499766,1,4,1
2.7320848234772623,3.4996545574857567,1.9533750877931293,10,3,3
5.502737566688612,3.7098373671476432,2.5728668351733224,14,5,3
0.49743263875527033,0.03655380787670641,0.8016388865215669,2,1,2
0.43023067107847296,0.0022538679438224574,0.9350775212172142,4,0,2
4.612379804148793,3.113985642076683,1.4732519062213887,5,4,3
6.703798202972758,3.9851025132506313,0.8887008233677798,11,5,3
4.662940883885341,2.42502953312222,1.6749841351790682,9,4,3
0.3876706834761246,0.1772643670156846,0.980790822574227,3,0,2
5.4687573094339585,2.3506278197216846,1.531240016406402,1,0,1
7.711483865948989,7.020742291660198,1.4958244248050412,9,4,3
7.770435393598275,4.959884516467433,1.8131018152419598,6,2,3
0.10646105909876138,0.05502947217881025,0.24464504039441015,0,0,0
9.772004602995754,2.5747730418048267,2.3372478222822086,8,5,3
2.471257912994044,4.111996473552338,2.6004198867612067,8,6,3
0.2738862664579372,0.14709120147373503,0.4754549289642282,0,0,2
3.043831652519941,2.4990420863018277,1.4144713452514985,3,2,1
5.4884969504451,4.950389558309721,3.013025457343895,6,8,3
3.30192636985064,2.1599639309223866,1.7262257415115494,4,1,1
0.12068995487257492,0.014272490692906273,0.6879874549421008,0,0,0
2.7859582562225453,1.7527510130925112,1.6760554616354604,1,0,1
3.265492464854109,1.9190676173211347,1.4886255965601691,2,2,1
3.7068846380390243,3.3158621804030295,0.9379132832981179,6,6,3
0.053108748004243866,0.07090176948169508,0.5827236107657423,0,0,0
5.47757481837234,2.8060966329679733,2.234507023220303,11,4,3
6.10264561752863,4.746930246462575,1.4090639060275836,6,5,3
0.5057028248971257,0.11837334266675094,0.8065166140999172,1,1,2
0.16093809258486586,0.03943405906674042,0.3641825078522406,0,0,0
3.1072737615741826,1.932063475818102,1.5029441221189213,3,3,1
6.258508461478405,3.7659530103780368,2.291874862652085,10,7,3
3.9572248119493434,1.5388903614326426,1.4663208698426107,1,2,1
3.452014205149419,1.8200472314083758,1.3937370715003654,1,3,1
3.512575769600314,1.9502246584075158,1.3829197407205145,0,2,1
3.0042940534251,2.588172028085727,1.2560931443493533,0,1,1
3.6806229839755824,4.52056716206884,2.351583100360778,7,2,3
6.481367574821456,3.492298207370926,1.4261180834941738,8,2,3
3.074161025653782,3.951441223503939,0.7966330112450017,9,4,3
2.68531434676233,2.0715424685139974,1.3007196405124253,0,1,1
3.5018035063564144,2.2087235172054,1.27056951304424,3,2,1
0.2812907487070776,0.0743558215219106,0.6459887395591529,5,1,2
0.3241452425040288,0.14270737353733576,0.7894215349949179,5,1,2
0.20542618796277812,0.11821544545083708,0.9403898343478893,9,1,2
3.4506702694267006,4.7591345254821364,1.6648241523754796,9,5,3
0.080734320156912,0.05958883036172128,0.5078964045668084,0,0,0
0.3965225708866663,0.0680234255418169,0.8010174716230468,6,3,2
0.08591076955697464,0.06669502652649764,0.6362132403685079,0,0,0
0.05008072804058543,0.06401401224241168,0.3420563701282401,0,0,0
0.0,0.07469503828089591,0.31597336152044314,0,0,0
0.11886059375322605,0.07769064095187812,0.5166655817359844,0,0,0
3.7541276870714353,1.78776204120411,1.6509267760009987,1,0,1
5.044841462418258,2.0015989953076443,1.7052314972804223,1,0,1
0.27833783579178323,0.0947095177989568,1.0586333163876585,4,0,2
0.31792815794507145,0.11935843133134022,0.6281655284247034,3,1,2
3.9637230575571145,0.933407786185928,1.8602402458285354,2,7,1
2.649434610496566,1.1507747157998747,1.4668850458061895,3,10,1
0.1310336048775339,0.061081155422318144,0.5697974030130097,0,0,0
3.422006814936199,4.439842927022207,2.231601649392964,7,6,3
5.267022368690362,5.51020515968772,1.988706254169156,9,2,3
4.577754040120184,2.4373294988755942,2.357705403722131,8,4,3
0.34647909391090365,0.09052659584736347,0.5430303473174722,8,0,2
0.3685706026481484,0.1332627847477216,1.108657546590254,3,1,2
2.9893160618043493,1.5673954730738766,1.7351194190258632,0,2,1
6.468926734103458,3.3305700304091013,2.0663270920956136,8,3,3
3.4876340617576354,1.5867543121448826,1.3647880322468224,3,0,1
0.07131499980307106,0.00013458359339844905,0.5399228192939327,0,0,0
0.3773155162357627,0.0009835606523813795,0.795018936422149,7,0,2
0.13076837420065268,0.07357025379596846,0.25071895006046463,0,0,0
3.323865802289222,2.474850192138935,1.9070185472136363,2,1,1
4.461093457232083,3.367980079691744,1.5096346366296962,4,3,1
0.09969645442300534,0.05514397940711855,0.5505557853215007,0,0,0
4.179381373011906,2.639242603725836,1.2604581609601102,1,3,1
0.34589389549645805,0.13413518155446558,0.8101221694344429,5,0,2
0.0854094365542228,0.0729206028828413,0.5681743408815142,0,0,0
3.8861664979983885,1.8394602852703765,1.7384322115381008,1,1,1
0.12750260495122762,0.07550781475998031,0.4976949443914534,0,0,0
4.737369793563599,3.110160929002441,1.6386756987879145,1,4,1
4.081241176803076,4.20687947653547,1.8335244630941747,4,5,3
0.13802073280721489,0.07772698794525687,0.5486309993350221,0,0,0
0.10586636916543911,0.014475073330670968,0.6082112312993141,0,0,0
0.0506410236424408,0.043268948202436534,0.4456393103906947,1,0,0
0.17389470223707582,0.04893758693964909,0.5084466786389947,0,0,0
0.10242608139724135,0.07165382107774147,0.4772893992219074,0,0,0
3.264835121748903,2.63276146070927,1.9112375501417331,1,4,1
6.117512363366283,3.1991584025617494,2.2335000743562015,9,3,3
0.10909331275292476,0.046283084956145054,0.6167509822986446,0,0,0
2.160482076434963,1.322456967112497,1.5057777927093636,1,3,1
0.14147374209658742,0.04644164248391204,0.469093376326174,0,0,0
0.09669601006763417,0.05907017425108935,0.6315508290940104,0,0,0
0.3394314143770797,0.1551313154191396,0.6601466688260116,10,0,2
7.259970129877878,3.969739329635928,2.010244342042672,6,2,3
4.832505254393705,5.763427963883899,0.42083526885004874,9,1,3
4.471344284541481,1.739084729255926,1.1472567058982406,2,2,1
0.3627073507064109,0.14813098102140015,0.946097140564885,4,0,2
2.7815160148388838,1.9313941484778998,1.139539381578214,1,3,1
5.87837011548958,2.974938642682249,2.1086855249221097,9,3,3
0.07531217084193438,0.05573911708603418,0.42291811972713106,1,0,0
0.268728762276704,0.0553744487385948,0.5765996181776407,4,0,2
6.6346595141039515,1.6203110484858874,2.549800488510873,9,5,3
6.716546862370997,3.9805240919469576,2.2494192598518428,12,2,3
0.26233158465692347,0.08754346625507285,0.3240443556649732,7,0,2
0.00975589496677405,0.04222958449633982,0.4388366263305441,1,0,0
3.2733377962760004,2.3371241542123826,1.5425135370952525,1,4,1
0.30842165889464424,0.08372620120617538,0.6725343288781837,10,3,2
0.05322806489777024,0.02253194222060502,0.4500861048529634,0,0,0
0.07827518862838423,0.0720164279684521,0.6177184963184339,0,0,0
2.618181501014581,2.5290680562837107,1.0586364767162542,1,2,1
0.09464848200227212,0.0686438312852077,0.437134569492543,1,0,0
3.265297353243997,4.273625487482792,1.4482674000063138,7,1,3
0.07099733793149786,0.04608602937706197,0.40903102115916656,0,0,0
0.11738382417691683,0.05030365885080867,0.3282327851636604,0,0,0
0.31836121706202836,0.28639166723815934,0.6578393034977059,2,2,2
0.14345780321946366,0.036886245610771126,0.7111296334099584,0,0,0
0.0795358780943448,0.08890390148553867,0.4586105057725143,0,0,0
0.08644381994787156,0.04525976059974745,0.6402009325919122,0,0,0
0.2556280797069955,0.1163910472160121,0.6377888151937182,5,0,2
0.27360157030827886,0.002709411496921138,0.7108780567455499,5,1,2
0.1328276804316915,0.061065024399695675,0.3869821270515317,0,0,0
0.006673169146346997,0.05397360019094814,0.46939860456425914,0,0,0
3.96900911409592,3.879933728463897,2.2465294502105935,12,4,3
0.4275927952778863,0.14062973488742864,0.9240834967249034,2,1,2
0.4693957939617988,0.12062517974320697,0.5709771394166068,8,1,2
5.396123276254347,2.086598821354374,1.7687552640308417,0,5,1
4.433422954475864,2.0426698878974467,2.0177994006283013,2,4,1
2.9026189389548573,1.6207680385345675,1.5192884635762745,1,1,1
0.3401408625984562,0.05787631032317033,0.6142674645750067,6,0,2
0.4823382952760297,0.10569334468648958,0.8809524866862656,5,0,2
0.07377398668601132,0.027926603429392616,0.3993072639054856,0,0,0
0.1243936142435537,0.040617382915791825,0.3520803981642233,0,0,0
0.14290869460187652,0.08903633573430579,0.8666093592318825,4,1,2
4.845117173611788,2.081042846323388,1.7120926393411797,0,2,1
0.15066428111182245,0.09402609119636259,0.5552642059401909,5,0,2
0.41290829682869185,0.08159251665054154,0.6157628738098542,7,1,2
5.705427724891941,5.424377758942442,1.6843397959038806,1,2,3
3.8360754125053464,2.617741884751535,1.5538569904612385,2,2,1
0.06423481453700158,0.035150315349232325,0.5600212965744278,0,0,0
4.772483330848759,2.5375517269044696,1.706054093119116,4,6,1
3.41142893273121,1.1071293590268685,1.666757537795222,1,1,1
4.698339920569589,2.5172114388747415,1.8628315259864938,4,5,3
0.1737678108474776,0.06666667823560615,0.5375455857627253,0,0,0
0.040837074366711246,0.06738309184993793,0.431395024296482,0,0,0
0.15620563599930068,0.040776605359307626,0.5320997563686023,0,0,0
0.04285148510846885,0.07657866639070819,0.5925672209502721,0,0,0
0.14519674205430977,0.05443116947248421,0.4377729777106004,0,0,0
1.5088598510453335,2.1115101514810815,1.3945459869723305,2,2,1
0.36775278269003675,0.09065957285534905,0.6430541065277885,8,0,2
0.0962783285449977,0.051591957247520734,0.5029190503935568,0,0,0
5.869870167615717,4.456835378987319,1.3879628192833995,7,3,3
0.4018231833203474,0.15575839470130254,0.8187465159546159,4,0,2
0.10134429194972655,0.018048016608091362,0.46060133187568797,0,0,0
5.327907383168908,6.428783989637315,2.042835104760826,12,0,3
0.09686604513634141,0.07411989033093633,0.4558151072759176,0,0,0
4.179373170574121,2.0450207919334793,1.728429187218268,0,1,1
0.3733203672240365,0.05083241547083067,0.9011830776001122,7,0,2
0.11912048730920254,0.074600011454383,0.2876052417299335,0,0,0
0.3978559728789257,0.033813251467551375,0.6439011156258931,7,0,2
0.055625391109895,0.06136206410257292,0.47559716478288655,0,0,0
6.385783831726829,3.9760869907298213,2.9167078896713328,10,3,3
4.842599274204873,3.391287535315329,2.7943505465618594,10,0,3
5.009523992698854,2.381972681857733,1.5681941386476954,1,1,1
2.6422668233949804,1.7518970621292462,1.4499480996918237,3,2,1
3.4178327669861543,3.652901509501837,2.690786040158961,3,7,3
0.2932347223401218,0.025778771913552462,0.8088068653461498,2,0,2
5.029862107758686,4.516851070613845,2.031253140305011,9,4,3
0.11967426927108749,0.022550689042317985,0.5837154486331384,0,0,0
1.877025037996436,3.0349738695348396,1.3944977271468686,2,3,1
0.12202373689801996,0.04369826537611783,0.4850544306835011,0,0,0
0.12366188122867725,0.05938535179617053,0.4631060560968538,0,0,0
1.8896947403619446,3.869893909407515,2.018053527949472,13,1,3
1.6210190552461727,2.008534412599863,1.5546404613033529,0,2,1
0.2511686787526657,0.14909360420180817,0.9097024562101621,5,0,2
0.2599571939491393,0.10829094713319777,1.213709516784453,6,0,2
1.9924470553665792,1.333391473024502,1.6358287763544197,1,1,1
3.069003799780187,1.539755606130211,1.560247286902342,2,3,1
5.609206706350613,4.044228849210463,1.3372840144824711,9,4,3
0.13576906577206221,0.07192139814954797,0.5193448574991796,0,0,0
5.678066899808526,5.208800520599057,2.251220351640021,5,6,3
0.12181618348370161,0.026522400711820552,0.5116578512012464,1,0,0
0.4312123209175662,0.08812613317282128,0.6444374423678393,4,0,2
0.22198762031696365,0.024842636881822245,0.4388240360495415,0,0,0
0.3223371194719892,0.07643984801100495,1.1094066127750706,7,0,2
4.449263174282309,1.6881419825418036,1.641324121229066,4,1,1
0.07896773386173206,0.062394228919322725,0.5501685045168788,0,0,0
4.203305938402298,3.975557818352047,1.9001785396576127,9,6,3
3.1955419788517707,1.0224569430409252,1.6082581828697042,1,1,1
0.17234889421768665,0.09172094099074228,0.5218963915855975,0,0,0
0.3303182254283306,0.120446367044909,0.6797775705900824,5,1,2
0.27569284487849954,0.0902280405469238,0.9068974973029142,3,0,2
0.2437778173454256,0.09541846078178888,0.7541975854764061,6,0,2
3.611223334840858,1.8723969327801877,1.823654869952689,2,4,1
0.27307047741317053,0.11230532078911512,0.9722831682202402,7,0,2
0.3157410807552965,0.05637832794055488,0.7798730726153786,5,0,2
4.339944539742028,2.4701848443116488,2.3012026124589195,1,1,1
0.14819395583974548,0.02600604943269384,0.5829323772582863,0,0,0
0.3062369480204655,0.06396666879353276,0.5615932179245775,4,1,2
0.3507083362830431,0.06005243949234696,0.6214835728907571,9,0,2
0.34565331732460514,0.0014563143494888409,0.7296395048930633,1,1,2
4.005261343174202,2.0576199334860092,1.2269403881316268,0,5,1
0.1442022698180525,0.056370420095977494,0.6471585082569894,0,0,0
0.22806814324154906,0.1726320638306943,1.2434266749126768,3,1,2
2.7581568389915248,2.7766773495279473,1.5025612845537506,0,2,1
3.7013945587152812,1.3063567432845669,1.7274847158353763,0,3,1
4.828294068522669,2.129059498949608,1.531908784516979,9,6,3
0.34913518941635463,0.12126543847443895,0.6152063978731543,6,0,2
0.13501549397044957,0.07872670811411958,0.5853201545051554,0,0,0
4.394458843105129,2.891557259996253,1.1707069909264167,1,4,1
5.578022909236802,2.0748731089226746,2.298453409905772,9,5,3
5.877179127476798,4.4406888603185495,1.3405938582187624,12,6,3
1.438594575977095,1.5192640932447468,1.3014930387101042,4,1,1
6.2148169394863215,2.281046131041309,2.046010443830232,3,1,1
0.10948530838051979,0.04618255560893641,0.5747444971427056,1,0,0
0.3029436690742387,0.0767984391872353,0.8589015325966615,3,1,2
0.0976539710560408,0.044050355982523,0.5576451345122423,0,0,0
3.7426028130549414,2.4641943395680856,1.8276166234316404,1,5,1
3.700033787312328,2.2481908232644225,0.8796544870568096,1,3,1
4.001090009308772,1.6823473151891677,1.2697957542185507,3,2,1
5.428255086833829,6.444101355587458,2.531860159871614,3,4,3
0.36934575067844044,0.023410998045379272,0.4147608548682955,7,0,2
3.695604946009702,3.2780682076031105,1.6492464299414205,5,7,3
3.5697609831319648,6.023302088973574,3.0285966562929687,9,4,3
0.10443287954807187,0.0661783853878544,0.3627920812730386,1,0,0
6.115575393711243,4.395227880769144,2.65427260997633,7,6,3
3.8155891523840815,5.544460772783372,1.6915545320842291,7,4,3
1.9277694559218703,1.845378046183635,2.013692318510077,0,4,1
0.0640777889373782,0.037842494786483646,0.30011110931387497,0,0,0
2.4925529129772337,5.304246806725875,2.480787704144761,11,3,3
5.019120861442586,5.844155765873975,1.660686927740443,9,2,3
0.20254688985381092,0.025488691216989545,0.8982346115765093,10,0,2
0.14251108710567464,0.0286753013620155,0.6336657357758984,0,0,0
5.68231259589898,1.5337732137196984,3.0430941404461027,11,5,3
0.1129861250860741,0.03980386613618235,0.4820748974643088,0,0,0
0.1349111656806795,0.039964316143769364,0.47858496892888114,0,0,0
0.2041733383969887,0.004132249559662765,0.7744719861042111,8,0,2
0.3790680758277959,0.03918362770864695,1.0509007719681427,4,0,2
0.32230742732371315,0.10759238286164466,0.8019402583263138,9,1,2
0.218968584280273,0.06890522625205708,0.962158256608081,7,0,2
4.586480122890382,0.8716374473552906,0.8101926911288816,0,2,1
6.37848958358097,4.469597548389566,2.763054165037853,13,2,3
0.1732824384460777,0.053504228378170246,0.49420922501230913,0,0,0
6.816074612928865,3.3630959600324264,1.5172302744960433,8,8,3
6.758709737332864,4.294601867295061,1.9832610660871524,6,6,3
3.4929370954491703,2.192080088983739,1.1846874149139919,2,2,1
0.10823804206182584,0.06627961720395482,0.17789836440142864,0,0,0
7.924638567079597,3.500104376110432,2.237385468740361,5,5,3
6.895215066237586,4.60706456599823,1.9384886977513687,4,9,3
0.0756437308117652,0.023290368618002176,0.5841780774784013,0,0,0
0.5151541063695005,0.15416355995182432,0.73438188699846,1,0,2
5.086383911251239,5.495464836590527,1.3571331670450302,7,5,3
3.312298394125963,2.2776898280748843,1.1907524619841654,2,2,1
0.12572194170293746,0.07514298433725146,0.6118549944255326,0,0,0
0.3763423812984203,0.0932671520109629,0.615075391133954,6,1,2
0.12520232577589224,0.0804201245431876,0.3891887541741131,0,0,0
3.1172215982904414,1.6398607117060342,1.4671035452647623,3,1,1
2.1680868896089143,3.345157503644347,1.7110480568133515,1,1,1
0.06659547731784757,0.022229148923375783,0.47784003056149604,0,0,0
4.317992099257337,1.959360225993207,1.938597849260496,1,2,1
0.270794596975011,0.06772614111756858,0.7974908110167389,6,1,2
0.06134951080722668,0.07457961004978124,0.6588940328444083,0,0,0
0.31266161121352043,0.01908664054748513,0.9098797667334503,9,2,2
3.869052048589968,1.7341121495191814,1.4078130483975846,3,3,1
3.7262380886674213,2.15469522122991,1.3414647006298828,3,2,1
5.215292945492722,3.544283775858144,1.6465487521288014,9,4,3
4.725443858250946,4.769356697608065,1.6434496090639354,4,5,3
0.0510813611192484,0.009483842537772465,0.5043040870850387,0,0,0
2.839158803247419,1.7326138719710982,1.805152264251047,0,3,1
0.26590466571314636,0.13367720811544087,0.8020016693617078,7,0,2
5.94125584526534,1.7123313159784606,1.4434749459273821,3,1,1
0.35591381878793416,0.07713624242608395,0.4368308042360215,6,2,2
5.5196854620681455,4.152791528538556,1.413268675236548,8,5,3
4.758827775706589,4.746475660136256,2.0386955325977936,9,5,3
0.18386178527457553,0.009382135866394706,0.59302780291711,3,0,2
0.17715412214489673,0.007313362758291073,0.6332027467082129,7,0,2
5.387234672561309,2.6160180726654945,1.958421616254727,11,4,3
0.09164391431067943,0.05120171989230327,0.5135190340987386,0,0,0
0.3679706796632087,0.0842480456283641,0.9084075739721748,8,1,2
0.13431300951872568,0.028821848258867994,0.4775146944205148,0,0,0
0.029576935181822014,0.07557731626626787,0.43961410687630453,0,0,0
4.452469492951583,3.348990850646015,2.209220553204452,8,1,3
2.9119095029849467,3.5588453603829464,1.6580330519667972,4,3,3
4.173133692232969,2.0100069025008054,1.471156713622653,1,3,1
5.764523514271851,2.1587695411782093,1.786756822606176,8,5,3
0.22232637917528514,0.026674420762705528,1.0382966715373012,5,1,2
0.09687034360502389,0.0664031637351097,0.3679506556594968,0,0,0
3.709686063574488,2.083845767429781,1.5605661582874448,0,2,1
0.11753150496367797,0.054873144474054295,0.6191090683146192,1,0,0
3.3905300417322732,2.5407736441590503,2.4736433438410437,7,5,3
0.1533337344794577,0.048520542728112445,0.3600921571815524,0,0,0
4.019876863137476,6.671836076476917,1.5561855778038807,9,3,3
5.368369735400792,5.366848847369059,1.7917649785199594,4,1,3
0.05181205368946946,0.06987564429060879,0.5931665966868095,1,0,0
3.5159086583996313,2.2695207483763795,1.234166204595705,1,1,1
0.3355048606596156,0.032495185888269065,0.6989004603479579,8,1,2
0.3808576405990583,0.07958674450021916,0.6495740227518597,8,0,2
4.315974371010645,4.293868316184279,1.454165915490883,7,4,3
2.993027556815529,1.6382680818507303,2.5542826973811765,10,5,3
3.9080960585699445,2.239755281470652,1.367557258406127,0,3,1
0.09184665180281182,0.006606451645485963,0.4994893367972775,0,0,0
2.334025814319539,2.1736949208542775,1.378779164924258,2,2,1
0.1760658025961226,0.05613962145372476,0.4102746993838743,0,0,0
2.5675975835362133,6.2751782338804265,2.6655874081830238,10,3,3
2.843965241759345,2.2966682998156815,1.2817605580637161,1,1,1
0.1435562351715846,0.04813226282200104,0.4375489544911423,0,0,0
2.281784586499411,4.397625911943488,2.2298904644918123,8,3,3
5.16891704832992,5.818471301876308,2.2325708914026867,6,6,3
2.6656263877048785,1.6420163884080288,1.65827043483361,3,1,1
0.12488715445456972,0.03392103170545038,0.30534747136411355,0,0,0
0.1295907066870689,0.06675528443093179,0.509931381495135,1,0,0
0.19030165563669957,0.05099638915432026,1.3049940793613293,4,0,2
5.058294956772448,2.1578597111482622,1.688842949134343,0,4,1
0.02138523122194652,0.12309056025976993,0.9391444093740331,7,1,2
7.234145868783946,2.4744819961722797,2.666891434930009,5,6,3
7.23703649086727,4.132819501306827,1.6745138150836043,9,3,3
4.627471680002737,4.969227988769511,1.9356379262758683,6,4,3
0.04482053413921146,0.04832564080301576,0.5876714186386116,0,0,0
3.615596738679908,2.3749691964724193,1.776652036952126,2,2,1
0.23033806749542324,0.05106812556951643,0.8340808770043437,10,0,2
3.5477761127261163,4.5978548685010825,2.546786505725847,8,6,3
0.33562800497416073,0.16587005848286593,0.6420934678681793,5,0,2
4.737464591733539,1.7632383092229014,1.1225110844247284,5,2,1
0.4680499960177274,0.1402940044503439,0.7960159995044345,3,0,2
4.074408696448845,2.844752228348082,1.3771240903143376,11,3,3
5.55048999355057,4.313778791632755,1.2736815055732107,10,3,3
0.14676289985579075,0.14044461226850694,0.7514570823102467,5,0,2
0.23729528327460392,0.08818291884394808,0.7509177033906319,8,0,2
2.655297001297017,2.838842045449905,1.4775544738948243,1,2,1
0.11549103551135138,0.08406345219836076,0.4967723105897382,0,0,0
4.615990804436837,4.097634075063606,1.3960216312833342,7,7,3
1.9041606053001563,2.9843903347284293,1.6146418514553456,7,3,3
0.15002911590214893,0.058084257305546644,0.5022339239318608,1,0,0
0.18553066862909628,0.04843538681882965,0.39720762349892613,0,0,0
2.9787451931438707,2.2011311723321887,1.8454545437799004,2,2,1
4.439951185695013,4.071944040059096,2.1007504088233837,9,6,3
0.11765035667851984,0.07394142868095573,0.6383007201599209,3,0,2
1.7395239463570675,2.580226024134541,1.4197553425326488,8,4,3
0.10799281959987002,0.03692203223348847,0.7441221722471913,0,0,0
3.234075805927567,1.4574292284188335,1.8467198136362677,1,2,1
0.46777885630885263,0.0797526055326259,0.8671634239908735,4,0,2
4.830616421122251,5.301786683940332,1.6042588553233776,10,1,3
0.3396533079279509,0.060132757513224416,0.809335067931172,3,0,2
0.3398830731204509,0.0933085858400161,0.8338190544398687,2,0,2
0.26910385291653593,0.11212370128172033,0.7870728907292264,5,1,2
0.3239358932367647,0.0881568566590376,0.7637735820041149,2,0,2
0.43507701305538726,0.09560069662943027,0.928656174275651,4,0,2
0.16328539204323506,0.049052585949111285,0.5092055137311992,0,0,0
0.42341167999418716,0.03222688347421741,0.6859487229952795,0,0,2
0.3804134641916254,0.14716101907378165,0.6097020386815736,4,1,2
0.5052557533176101,0.07507810094133632,0.5475133813610862,7,2,2
0.0906514348507277,0.026319388835548813,0.48939093646585796,0,0,0
4.609254536733002,4.985663755335348,1.9542448881989152,6,5,3
5.697655127817222,3.785886998729981,2.5853473702171654,8,5,3
3.102451303454222,2.0002696813144394,1.2921170309558796,2,1,1
4.788002051377505,4.443102402562207,1.5797440979962643,10,4,3
4.696627120827243,2.469454416019779,1.681927418517349,1,5,1
5.616012056830995,2.0190390096982296,1.6628324021737686,2,2,1
3.6860930208759353,2.0624338050977395,1.140850022192931,4,1,1
3.856412583534376,1.9138036500953843,1.5241155116290965,2,5,1
1.8866317637950603,1.3525340573298699,0.9940289270755693,0,2,1
0.03259072889471436,0.07741072287993428,0.42329325445996996,0,0,0
0.2646792104480548,0.0820910451609087,0.8376562777319889,6,0,2
3.1483398161657847,1.3339371173616763,1.5062412071317632,2,4,1
1.626852370492073,5.097204872666325,1.822770510331014,6,1,3
4.642009784737886,3.235560181456241,2.512342491245894,9,5,3
6.35757961862632,5.04930086992929,2.55090374520693,7,6,3
4.778080849199919,5.254105306313423,2.238584164147808,6,5,3
2.191315869010861,1.8664042171723558,1.5293479475556802,4,2,1
0.08530165261679089,0.06737545001181543,0.7943048335268621,0,0,0
4.379682634061624,4.232433842389284,2.4858930243429245,5,6,3
6.461719234722394,5.004574498890694,1.7659371227993073,7,5,3
0.06435771086614178,0.026912746635340313,0.45123665790450374,0,0,0
3.680305051337503,2.563216858373015,1.5057610262896641,1,4,1
0.3289853204876838,0.1425554186146461,0.8090259679976626,7,1,2
0.029081713353348415,0.06106298312758419,0.4771994273190282,0,0,0
0.422745903115485,0.11489573025828143,0.7962790588695527,6,0,2
4.828038602329699,3.229771516363368,1.6064161242661383,9,2,3
0.06061081240458806,0.05524133618173451,0.3911588764327154,1,0,0
1.2231819340243408,3.310277537212808,2.419636275152984,7,2,3
0.15247763576596676,0.0600048093887314,0.6140067846495161,0,0,0
5.467725987796334,3.4101540475195584,1.8363579698836516,15,6,3
5.363748212460503,3.4432578215941163,1.8225287427755374,7,4,3
8.419797625278004,4.197878826129603,2.7483125161776174,6,6,3
0.09180459604484381,0.06123154941214475,0.9986201641223256,9,0,2
0.07563857179432239,0.030503868481543163,0.5236142409879101,0,0,0
3.2681314933742103,1.9893338091844563,1.0477244595708188,0,2,1
2.2650860155121113,3.8369808909955503,2.019297191939029,6,5,3
0.13684219485462168,0.03016606673119379,0.4978143252557876,0,0,0
2.8280826895350093,1.5060709631838796,1.19253153018574,5,2,1
0.1905566648651197,0.10431993183745568,0.7082046439503038,10,2,2
3.3667212847708443,1.8063091274926426,2.03037860005186,3,2,1
0.03811687888363511,0.056180948860653085,0.3848318890965656,2,0,0
4.855937038961407,3.5274332241525532,2.077501522248032,12,5,3
0.2919015885549769,0.0928614175526795,0.6610811186017426,7,0,2
0.06996806550405976,0.09113087129659084,0.6288075724852378,1,0,0
0.07639547111514364,0.00563304479897838,0.49684814866718957,0,0,0
2.826460352102757,1.8265680060376948,1.0448780889283102,1,2,1
0.1244208998223999,1.1524911035123462,1.4989568370894193,0,7,1
2.4028561302295364,2.6723425866153074,1.3975438754984084,1,1,1
0.10743569754416657,0.07187046541596875,0.9520983247011388,6,0,2
0.13814523351916308,0.04553056212693132,0.7259824834395492,2,0,2
3.4897943996090675,2.2109136430804384,2.3094121370452276,2,4,1
2.283560235061173,5.778620687391501,1.9053108945881745,8,5,3
0.0867671583381022,0.05190688398882617,0.48751131146499327,1,0,0
5.221439823593085,4.310778601065955,1.8745047057396231,7,5,3
1.427864883903513,2.2758401161279846,1.2811281200338829,0,3,1
0.15245046129184447,0.05850889728368345,0.4782841192863143,0,0,0
0.03761084090175753,0.06640688025224913,0.41813949733399214,0,0,0
3.131941717856319,2.0064071522832476,1.306227548021311,2,3,1
4.222996934624323,2.8816494001497848,0.8970799899393848,1,1,1
0.14311967361913794,0.06106777966148854,0.43282792107419227,0,0,0
5.032299112309161,3.0695059013349355,0.6297928726638109,8,3,3
0.48150636689731424,0.12967942431711138,0.9774619088045102,2,1,2
3.1629736253186236,2.220409899452858,1.5644953608998255,2,4,1
4.639849889149545,4.75257384934603,2.15691519191026,8,5,3
0.22149657232874786,0.07775348502167836,0.6418729793108504,8,0,2
0.327866845619766,0.10570370835469715,0.6817844980788124,4,2,2
0.3183239095799,0.0897232044168731,0.773593901496589,5,1,2
3.5225003882454398,1.9259107332508854,1.1800910773845543,1,3,1
3.8673603491474866,1.0081188952734776,1.302968892494485,1,2,1
4.567859683432648,5.213497385818715,2.014630238004088,7,5,3
3.138283012182735,2.704717212025455,1.6738496212801934,1,3,1
6.256547555593443,5.080642653711993,1.8746132763495904,8,5,3
4.5556942488831496,2.8073916271236636,1.5064879891780694,3,2,1
0.14630887737658207,0.011843848842452182,0.5703142542220004,0,0,0
3.628376138336737,5.112072931768734,1.8160302263133343,12,3,3
5.422041144277011,4.052492803412385,1.6673881692831616,6,4,3
0.43094397974459575,0.14493336958945535,0.7399039177084924,7,0,2
0.14981334097235702,0.02459877822575936,0.6707329809559223,0,0,0
0.4406069279769642,0.1034338912896881,0.941613757062366,1,1,2
0.10248868435904801,0.034824694841292504,0.32621953841535,0,0,0
0.3332889229363741,0.1045861511813491,0.5566138986079716,4,0,2
0.2696734289422991,0.10105438178163384,0.9632549176465678,3,0,2
0.14359198110883487,0.13109568501042274,0.6813200862835924,5,0,2
0.10073440973645986,0.05173395398828794,0.2619260894476503,0,0,0
6.971977031207839,3.4560674664419717,2.5589626738477484,13,3,3
5.396472799909829,3.593421520323153,2.5722712763494266,1,3,3
0.299413649667869,0.10765411276115112,0.5985399030958517,3,1,2
2.8719426615857984,2.416589336129599,2.3953991344498786,10,2,3
0.11171073662682604,0.0231574450302977,0.45799722727058373,0,0,0
0.11357894185976868,0.07553930772176376,0.5297462053117816,0,0,0
3.181698985895666,2.0467292458831765,1.5660969875072754,3,2,1
3.088076765614047,2.0058258538426226,1.7385064377807518,0,2,1
0.22077013164300163,0.08681280818856936,1.0463450347420993,6,0,2
3.4916392127285434,0.8430702521965625,1.9903816535283605,1,3,1
0.3655485324714104,0.0,0.3289153624728828,5,1,2
0.35322623999156977,0.060642687224781666,0.8684769799742594,4,1,2
1.8387955948160775,1.3358241042435663,1.7715357549508168,1,3,1
4.338014054536311,3.1587581155984275,2.1390312798962876,0,3,1
2.9626374106866002,1.7832440893982333,1.0732099592356787,1,1,1
0.3335233573373082,0.10674301090889597,0.8932848468329926,8,1,2
0.2890967324600476,0.06152156427976575,1.032414148865755,6,0,2
4.273547615107018,2.4103037379543357,1.412221575027717,4,3,1
2.3634888252297785,2.781926407002932,2.5211172003101225,9,6,3
0.13663200386077898,0.07518466479573599,0.5072153236821761,1,0,0
3.960070987371899,3.283763858582051,2.227567091083903,7,3,3
0.059487378149280956,0.043887617778633745,0.320692360208761,0,0,0
4.807964192549344,1.7153194039545658,1.798323084365289,1,1,1
0.16535713771412142,0.045639082092152526,0.5536413899891344,0,0,0
9.47330308399306,4.717193054932165,2.9021205975323507,8,5,3
2.839852132663524,2.4304550522707316,1.3416684372163723,1,1,1
3.4249729996031992,1.388818596497873,1.3451920404834814,2,2,1
2.3465174691113564,3.07411960097882,1.5294241350839382,2,1,1
0.29040793239261214,0.04509883455211403,1.2423707913570217,6,2,2
6.600456169394241,3.448646894513718,2.263273334784422,7,3,3
0.1619141535716818,0.044400133962510406,0.27472066052686606,0,0,0
1.6102965163784546,2.241424372874054,1.3923520887169352,3,4,1
0.4044291797949948,0.06251624440128177,1.1646278264049874,11,0,2
3.5395697241336483,2.558489713820064,1.842568961090403,3,3,1
0.25463459432306934,0.14028576423883413,0.5606801222576605,5,0,2
4.244499091974214,5.204463461707153,1.2203371687388915,5,3,3
0.032366485707823286,0.033477760165709164,0.5663646347032841,1,0,0
6.861646309735639,4.652243115655117,2.274243857069116,7,6,3
3.296681714582493,2.635422810537774,1.284732408239984,1,0,1
0.13771456649067873,0.030848620899695766,0.596234516926657,0,0,0
3.511369908798494,1.729618322511389,1.392092200289753,0,3,1
5.311408853131505,4.401211507123969,1.7491600570275705,5,7,3
7.287999418485157,2.765454849236131,1.4065069658293066,7,3,3
0.38585733615249257,0.11367293248406414,0.8165645782327675,4,0,2
0.1012109728336379,0.06237772596046308,0.3900960775468141,0,0,0
0.16357775474970793,0.060312561768879135,0.4501366104211548,0,0,0
1.9894539496305037,2.1412248820278004,2.1721836360522846,3,4,1
0.4037890914767743,0.08246361945271083,0.8831682711349061,0,1,2
3.3363021985239696,3.3073268219210186,2.6554074113508417,13,6,3
0.08829315215254098,0.0334917894004209,0.3725767880923205,0,0,0
3.7263042077451343,2.4539898789025667,2.0241177433660544,1,2,1
0.12454874758191257,0.043011213455660884,0.5505337147647349,0,0,0
0.0895338161424067,0.07383798668827146,0.6098484876051818,0,0,0
5.387625120626005,1.886057855809047,1.6565673702405252,2,3,1
2.4230454591220534,1.2587617423181787,1.4379736789712185,5,2,1
0.24008776072944593,0.08022581805066571,0.9547872684608547,8,1,2
6.589060975187431,3.5478055377804587,1.5784984284343189,6,4,3
0.03140494285343219,0.028052633620578672,0.611889459793067,0,0,0
4.231026520804624,2.8460765362045954,1.6653681111696803,8,5,3
0.15415256215876386,0.09024540891401531,0.5149456089663309,0,0,0
6.447275570058013,2.6826320962910337,2.1437979785494568,8,4,3
0.05714212217918588,0.04395909001020272,0.4553679484765655,0,0,0
0.5152659090361891,0.10682704757953584,0.7121139079435337,9,0,2
0.36119485672465435,0.08542399731467847,0.39573096976336547,7,1,2
5.889320584157452,2.7204988149464406,1.5624698717091885,9,7,3
0.21819362473096804,0.048379080705565125,0.4694045568468408,0,0,0
0.3983140227794587,0.1658811164654809,0.7667051155684548,6,1,2
5.617324144370953,1.8731451324668007,1.5574326142033827,2,4,1
3.5940698411915237,2.9596406500722297,1.1272139565165253,0,5,1
0.3164921437925071,0.0,0.7892327950885542,4,1,2
0.4599392136719249,0.186909055753817,0.631314946398393,2,1,2
2.584292280145661,3.919381658882554,1.5923085967052002,5,7,3
3.226847753480098,1.9852462006904643,1.5004967566865854,0,5,1
5.7926467885357855,3.153793516684012,1.9651181962580455,13,1,3
0.45177615926616166,0.028918355996167933,0.9539035959914826,2,0,2
0.05051859317148313,0.062061893698976675,0.4938902491994132,0,0,0
4.39493006156556,2.6808804566701117,1.8135622746096751,2,7,1
0.33758271045073024,0.11801921351941856,0.670635644936606,5,0,2
2.727166269111036,2.275718269087773,1.6231520374459145,1,2,1
3.944351621679167,3.218398419092665,1.7443351537150442,5,5,3
5.091147517985511,3.3347474763318528,2.2102886384306206,7,8,3
0.15269010260174515,0.07047419092213963,0.5770750209618787,0,0,0
4.178938469455822,4.216857359243196,1.9996157800904755,8,5,3
0.09635855436715637,0.019288557535857887,0.5213808793941064,0,0,0
3.726292267243436,2.2153699669909255,1.5129695068934672,1,3,1
0.11082292947909875,0.0837002855741702,0.5506157655460713,0,0,0
0.18761352217118116,0.03997195706228727,0.6345147620452415,0,0,0
0.1355479984101746,0.0678590774021754,0.3731863195024687,0,0,0
0.331727494026409,0.06136774049348459,0.8919089883800847,5,3,2
4.721394839473974,2.748736281000836,2.3041925466454236,7,7,3
7.169071291254669,4.12397543771972,1.4167050002231316,9,4,3
4.746373236381537,1.8570003615649129,1.617719703326549,10,4,3
3.2154896956607777,1.4589209320860026,1.5728707622133755,1,1,1
8.564394119170332,3.5326100498161743,0.8352616698154591,6,7,3
4.679559072319869,6.06786291188859,2.16967742072693,7,2,3
0.3226229547615516,0.12539715392725131,0.9744811493516294,6,0,2
0.2860734003625055,0.025917071837188596,0.7540841638855565,5,0,2
0.06740819460989204,0.05117968443179195,0.48395806180246526,0,0,0
5.13691339196474,4.409069588207426,2.1765077144191167,6,1,3
0.792434306327892,1.9103986728404296,1.6635422638531623,0,5,1
0.33052090420845176,0.14809793312695094,0.7419593245838965,4,0,2
0.08104361295062565,0.035706386460191364,0.47834768024638263,1,0,0
3.4824334999790945,5.467106067200925,1.7828983064826687,3,2,3
0.40679930445034895,0.07578170331827298,0.6508768884470255,6,0,2
0.09220509110316663,0.11153720740361008,0.5208853542534332,0,0,0
4.597459572833218,2.6787054964527597,2.5518868760044136,10,2,3
4.085521532856868,2.3578045339865454,1.2362540402719362,1,1,1
0.10986578537027979,0.03831089416299124,0.6179942130038464,0,0,0
0.20776153709383127,0.02731983650733953,0.9390257143090668,4,0,2
0.0415041582144856,0.04955399432563894,0.4483385801239892,0,0,0
0.06047627722773441,0.04032877032306926,0.4679614940563206,0,0,0
3.397943609371152,1.8334801121305406,2.1276295714853726,4,2,1
0.2711669726846488,0.1282677093642978,0.7695081886248769,8,0,2
3.5599097740795034,1.6115689506893038,1.8312525469631027,2,4,1
2.506079070824607,2.3930086454071042,1.504986294408724,2,1,1
5.363517264859325,6.297604202695471,1.890484422652831,7,4,3
0.4579717467448222,0.0,0.6276371984961429,2,0,2
0.1375966516343387,0.07911644644293533,0.5816837011430981,0,0,0
3.7284245927008577,3.5525364638934485,2.2809253464442305,4,1,3
0.08827064333124265,0.040161951049875896,0.5068072269248621,0,0,0
0.10532151138459485,0.014963423864965616,0.35637461350718824,0,0,0
5.990713640699147,4.908444775981009,2.0807646610349657,4,3,3
4.14914772107042,2.7581737328995986,1.7804153237485476,1,2,1
0.30238650182244936,0.15447163991110127,1.029106559983193,3,0,2
4.751024350403259,3.301090112605774,2.4584727839436433,7,3,3
0.16059719926932003,0.07363135432838293,0.6311162296603616,0,0,0
2.350258544632107,1.2832180385172798,1.031436428482671,3,5,1
0.3463641629535848,0.0937441695014352,0.620250115088618,4,1,2
2.1875113096636873,2.1399107979721386,1.4126003981625161,1,1,1
0.12462256320040746,0.08256937109544643,0.4454813755273678,0,0,0
3.918514559157055,3.1508374260253875,1.6290267468515256,3,0,1
0.2966039378098748,0.16627061177051744,0.9096351288108497,5,0,2
4.997405440948923,4.7731115455178985,1.3604007364599227,7,4,3
5.735450569642849,3.0590919550737286,2.066750126899487,3,2,3
3.73801878604027,2.3157948261254004,1.5046660558962328,6,6,3
0.2051894655877335,0.0849798020740613,0.9244290037021232,5,0,2
0.08925394848556324,0.039079164023665576,0.5666627883456891,0,0,0
6.3384977945545495,5.124157870301989,1.8671926557203646,10,4,3
0.2641385399841246,0.07539662549825141,0.8794572045449495,9,0,2
0.3189671543989336,0.13114115072809032,0.9924758813819512,8,0,2
1.8346153617590004,2.6532770338672504,1.6157464459296669,2,2,1
3.4821378451122666,2.0154247463784696,1.7383923610720977,1,2,1
0.1448419657932766,0.05766870062807289,0.2893110885373919,0,0,0
4.722191929754478,5.664974922041409,2.175711912172769,12,6,3
0.15928520773314986,0.08338139051652663,0.463432291746948,1,0,0
3.370702542964492,1.7634462933197388,1.72928777442613,3,3,1
4.422729012031835,4.464299290873459,2.2035601672985425,9,11,3
3.858848072678919,2.019677877497098,1.0471345132590135,0,2,1
6.437081510710484,3.3496567926807628,2.062641096101841,6,2,3
0.3673679596445942,0.10101481421131386,0.818679280091009,6,1,2
0.21222547072198034,0.16564127252595057,1.0636291272679332,3,2,2
3.7792401012209997,1.4414291193976936,1.8792150511521495,1,1,1
3.662223216898832,2.224856303748254,1.5062524446413317,0,1,1
0.1467619601030076,0.1727477841186126,0.8951133587453489,3,0,2
3.6243847669077143,1.8667263478596263,1.2459842016220481,2,2,1
6.166136422007783,4.22326508289097,1.566226338658829,3,5,3
2.1771719959758102,5.9268740751683575,2.374135731513876,5,4,3
0.38985269930814787,0.10800610338313729,1.0155645522324313,12,1,2
5.718111909152157,3.7446049637648096,1.5920484014324043,6,2,3
5.923519354468257,2.2901180898340483,2.3375257227776705,6,2,3
0.30700989589423977,0.16357779567354283,0.6604736189200933,6,1,2
0.2014080034249695,0.14997320423503632,0.8317987382510653,5,0,2
2.558618513860735,1.9156140302810452,1.781396880087402,2,3,1
0.48442006889324396,0.11222063796049989,0.682279897790513,3,0,2
3.7425919058910875,3.612583687018484,2.45177481406877,7,3,3
0.13163909330531426,0.010658605928256959,0.664354150912053,0,0,0
3.635491372316762,1.3845107515973702,1.453273407425037,2,2,1
6.882123724446408,2.5888171184481674,1.541932781731959,9,3,3
0.046618978530870284,0.04167611190229492,0.3468464684756357,0,0,0
3.1984345035456663,4.254503326318359,1.6008491875156243,6,3,3
0.38658490355174857,0.15644362463233735,0.8102438969230179,6,0,2
0.10653702886430458,0.04607066833143806,0.5724136559314498,0,0,0
3.9500546711851463,1.2633966850623666,1.9236289124032768,1,2,1
4.145598078959545,2.4049230305597136,1.3049718734074034,0,2,1
6.442137379605544,3.7745171846126393,2.294605555310075,10,10,3
0.11785077429825237,0.04937121659250447,0.6322744466885135,0,0,0
5.107584355605376,3.2569522061119196,0.8970510979970849,10,5,3
1.4606375501705022,3.7233841900378826,1.704175987404712,13,3,3
0.27500564087384305,0.04289977323434901,0.581520654860693,3,0,2
4.4963645041184,4.315437563218785,2.034094896055644,7,4,3
0.17919696118815148,0.09447429146460365,0.5319755996144628,3,0,2
0.27038548791961414,0.09965193270819694,1.0804478711226697,8,2,2
4.1368701583954035,1.204577071570652,1.7784216019982066,3,4,1
2.967846921585504,3.6348885354908536,1.3440837792013676,7,3,3
0.3390631220451271,0.13472978295347154,0.7043162666922698,4,1,2
3.231322122475043,2.0916209552293594,1.6433442458761967,2,1,1
2.0107157355597822,2.0087144764790508,1.0663800489657727,1,3,1
4.615995488802396,4.256999416313022,2.9110756903012254,10,4,3
2.070275756969629,2.3820938080677823,1.2312158989233664,1,1,1
5.317361596056087,6.684406173291925,2.0407938047614835,3,2,3
3.8884246136775062,2.1854259463554984,1.2975186429259504,1,3,1
0.25004447726296686,0.06143079842929214,0.9032174819946187,3,0,2
0.26846055865249463,0.14427916171067173,0.70599722678647,5,0,2
0.21249725784025747,0.07284904323770336,0.4770954952957218,4,0,2
0.11448874284482065,0.056349065225003506,0.3954470514325947,0,0,0
3.3174151215875582,2.0709947252877963,1.132732497493326,2,3,1
3.7989799480219673,5.34278727788855,2.194130699254595,8,2,3
0.3316104993689378,0.007022768312227673,1.1752929222609465,4,0,2
5.976023178676041,3.3717478685617186,2.2587751199597643,8,8,3
0.06230177055666619,0.048706227899349634,0.53374820747264,0,0,0
6.3926072497407285,2.083669875853465,2.032680090304647,10,5,3
2.5827383578227128,1.7550279895130187,1.5479506055724293,2,2,1
0.3706709601786037,0.1456664705973319,1.20435749815993,4,0,2
6.256982801275605,5.223110863384047,1.9805082224489925,11,4,3
0.12716800961899677,0.040736772758292024,0.4338458557484708,0,0,0
0.06037396307836497,0.058297310007238215,0.4898005283364068,0,0,0
0.1852930521073564,0.163519301406449,0.6130216947162033,3,1,2
3.5471247387524407,3.557470139019473,2.6706596435098238,3,4,3
4.431224763845387,4.7287649310818,2.609225916837942,8,3,3
0.3078612625966544,0.06254604007451905,0.8565178597779172,4,1,2
5.139980364330181,3.2758285960804163,1.4960735657714608,8,5,3
0.0,0.04804169507114192,0.26859559339998945,0,0,0
2.9494660317992984,2.1642815575937577,2.110424747445777,1,1,1
0.2919820083126747,0.07748667040342609,0.5890328779499479,7,0,2
0.3300946604859159,0.10915760193546403,0.9835746606290251,2,0,2
4.184714854049892,1.4982672871003548,1.4137247557223709,0,3,1
0.06991466938853017,0.059472641536229096,0.37638642039695375,0,0,0
5.792073748886353,4.359100095022802,1.2308556897665925,8,4,3
0.1705466189873135,0.06801066154663184,0.49877015506919425,0,0,0
5.373216425584565,5.895059093269997,1.915823777323847,9,2,3
3.897527756573154,2.2026200127745725,1.4050026705790069,1,2,1
0.09715271881394663,0.06442958647514686,0.30950555459893614,0,0,0
0.3577368298213863,0.10849742598488983,1.0522922061552449,5,0,2
2.7289578428587955,2.585096167035281,1.2460959025462022,2,3,1
5.350781142435734,2.520321221399834,1.4875446092195785,4,1,1
7.358993401471896,4.0934770611473486,2.0691003781224864,4,2,3
3.898712801790344,1.5986391418875419,1.1723640270832811,2,5,1
4.36567465116737,1.2103274189648698,1.352266766276335,2,1,1
4.072915790612896,4.296856620898694,2.434920875736599,10,4,3
0.36589847334742065,0.21531566574882435,0.5146023483884274,3,1,2
0.17003214476696338,0.11882623739697518,0.9914696521944496,11,0,2
0.4477482662191372,4.047126942625987,2.034445118558444,12,5,3
6.064822249186539,3.9080455255339195,1.9632473802303567,7,5,3
0.07859424195170438,0.03723434546943012,0.41045720390749585,0,0,0
0.10626122513239537,0.07130343931428773,0.44477387478873914,0,0,0
4.2631423007096565,2.638938260520986,1.7472457090366915,0,2,1
4.213877444090137,2.1113580313004823,1.365832692096743,2,6,1
4.088157264435865,2.3735294139120615,1.2271103481765895,1,4,1
2.7408164538324957,2.6492706648845417,1.636401822282774,1,1,1
3.596177793751928,2.748849360826307,2.5679689952087528,9,2,3
4.938000171095501,4.917913949216805,2.2089484270991933,12,3,3
0.19350802470660405,0.09349705737368069,1.1257460482572679,2,3,2
2.089502856056432,4.009912557709433,2.4551370629735976,5,6,3
3.2533093710449252,5.201631436169158,0.9824675256705129,7,3,3
0.36903606245779114,0.07130597301694906,0.6957862245517982,7,0,2
0.47343995268369565,0.11160082332018278,0.9036524819969899,2,0,2
5.10370185546693,2.378363501426714,1.543215669457949,2,4,1
4.310454415200903,6.73451524905208,1.595688190570495,5,4,3
0.10377168194507964,0.06519029774972215,0.5297227221585087,1,0,0
6.372399372804683,4.697166361312219,1.490170858080145,8,4,3
3.050349806157186,2.1836596939245982,1.651759307434847,0,3,1
0.10342814874030137,0.0592636959053517,0.5843839509641737,0,0,0
4.447870406471203,6.254987670508845,2.0675785255799535,13,6,3
5.454061033645012,4.8610294778584935,1.759451502916906,7,3,3
4.252483377074219,1.8239751719838542,1.7365496842053059,2,2,1
6.717506311779773,4.303585961170248,1.6867316886489865,11,3,3
0.08909408969791202,0.006057402442086565,0.727413778754797,5,0,2
0.33073638195104266,0.14836497830907117,0.5453514254955257,2,1,2
0.3749198816528685,0.12810514200164955,0.9527856264822345,8,1,2
2.644472312059376,2.173958039060442,2.0763712251268838,2,2,1
6.178784651795663,2.510066862995169,2.0154618178455186,3,6,3
0.3805082238437852,0.1493663564755226,0.6372885091611497,9,1,2
0.14765625226880436,0.049321495481441824,0.3745839013004396,0,0,0
6.571708340387343,3.522858297590318,2.004230265888099,6,4,3
4.989657396154613,4.815576943470343,1.1626676120113815,5,4,3
0.25965537839224306,0.04254648832096051,0.4998285846330936,0,0,0
4.1672189393045285,1.7850835884260732,1.415611904199129,1,3,1
5.514376666939456,5.183699049809885,1.7686768566147633,7,5,3
2.9306485764188626,2.462178684013003,1.6310303253331493,2,1,1
8.664450856830127,4.670477627810085,1.6799721114944344,5,3,3
0.5612817473721305,0.14059250967274933,0.7476290579676226,7,0,2
0.2600964996844397,0.05803557816637581,0.4518280621010041,2,0,2
0.08124018098380316,0.04369406689427752,0.6167741925527779,0,0,0
0.0,0.040889209479522584,0.4382787753352038,0,0,0
3.1726744249276044,2.7558367070927154,0.8522193194040697,1,3,1
4.503365892729145,2.4537661503963486,1.4433056266462128,1,1,1
4.125932095972902,2.422703278391028,0.8280625108901637,1,3,1
6.094663108792711,3.499637351924905,2.020832250298881,10,3,3
5.697200972259574,4.726680766058097,2.556062016974135,7,4,3
5.7170221081259935,6.1157548522504595,1.7229087860726144,12,1,3
0.04245032112888486,0.05840188980903683,0.39680337161528206,0,0,0
4.797916505660762,1.2970701570672674,1.3773311475031513,1,7,1
0.3261632564618969,0.16557856934139714,0.8711766717353515,6,0,2
0.2505649880050561,0.11028444586880547,0.8593301523315735,3,2,2
2.1061823521257947,1.551833333514002,1.271352461092134,1,6,1
0.17009109650745302,0.0331581172668866,0.9617605519404637,2,1,2
4.552250332640351,3.7880895793478886,2.519656625574526,7,3,3
6.4350891275696975,4.299226461879729,2.3228933152663624,6,5,3
4.058970352034816,5.319846490945967,0.9365116341802215,11,5,3
3.6243761223009296,1.6375429231172516,1.2552881855701967,1,1,1
3.423134592996338,0.9744737960730725,1.6831319997950547,2,2,1
0.14318814101192073,0.1027042706385757,1.2312170415812915,5,0,2
0.28225191984985853,0.12431704988327802,0.9885788471138737,6,2,2
0.150707757368489,0.09893285246635382,0.8312471497874769,5,2,2
0.10923702894478624,0.07211666132589425,0.40352102623703145,0,0,0
0.4416674840723918,0.13144585304370876,0.8760324082323502,1,1,2
0.37998134003257217,0.07067343547828545,0.8612394849531813,8,0,2
6.845519824054131,4.5716386591018106,2.5877118432312676,4,4,3
0.08953890631277361,0.09084139305855761,0.42665179333217207,0,0,0
3.7846642748956842,3.5919994197295795,1.3688774079550523,3,1,3
4.56687250396741,4.4803463313208995,1.7783214533079383,9,6,3
0.29194563269611246,0.04110168585178057,0.6738238669734058,2,0,2
0.12505470849699227,0.09392446284305599,0.5518218950445412,0,0,0
5.286340928106044,4.458735642583168,1.3950471125661004,12,7,3
4.989465900201264,3.0586254584097405,1.878946430481063,8,4,3
4.551425661838986,4.171293407746183,2.308050253795704,4,3,3
5.504041531759273,3.9282544815110354,3.6008939191858254,10,5,3
2.8024580575248854,1.8529384098119153,1.217706821615185,3,5,1
3.577663306168817,3.1497714383878597,2.1781474087075186,6,6,3
6.015997546182803,5.107121818617013,1.8751819948685748,8,3,3
4.746000321110051,4.548374419099294,2.4735858758653237,3,3,3
0.1536815874929886,0.03785291133575577,0.625228366195664,0,0,0
6.606309453774382,4.240667005783124,1.8166612206249233,5,7,3
3.5875744053301193,3.169621302474273,1.9258894933102895,3,2,3
4.376189425449352,4.074200577379223,1.838551393422881,7,4,3
4.37835978828122,4.226662849444096,2.2539191617389953,8,3,3
2.645375358244934,1.316894204548887,1.4693200949347223,2,2,1
0.10412198764672517,0.03441814521246599,0.5684450477636428,0,0,0
3.8160801627088383,3.4758643649094196,2.2144926335648663,9,3,3
5.714231011734923,3.9325768770325746,2.551317866683271,7,4,3
2.3936558429228914,2.5024108458789565,1.3394262888178814,1,3,1
0.0848765156755936,0.05759535272081792,0.45551931618295094,0,0,0
2.9998473187852706,1.814651042391909,1.5326354717582389,1,0,1
0.22452821630578929,0.19429456402143197,0.7621467155841025,3,1,2
5.462404737152297,2.504929400804782,1.8418516383660442,3,3,3
0.3012983828902916,0.06989735498179811,0.8900154346334781,7,0,2
2.6962763391053146,1.798975349862605,1.4483905913652992,1,3,1
0.31901362449020587,0.04088254145469542,0.993740504141175,6,0,2
3.69821732772082,2.556023421051603,0.8517262191699834,2,0,1
0.07981757683790017,0.042235138929569226,0.460638841796699,0,0,0
6.176138908504797,5.044315385066434,1.7906025408060877,5,3,3
6.310799746882804,3.525303362586975,2.3026771589345345,10,5,3
0.3026280842587408,0.10255108054413045,0.7110176101668975,4,0,2
0.014491580367168716,0.06514990298674972,0.6722155097808195,0,0,0
8.717438969650367,3.4364224884346326,2.3689677751534783,3,2,3
0.09395061799288312,0.1196078902791273,0.6417073714324636,5,0,2
0.12733667841006896,0.03576053545482155,0.5702659998499305,0,0,0
2.8832698900435982,1.8870092273279688,1.7464692373873842,1,3,1
1.9457390860083592,3.319085105543435,1.8279152663952571,10,6,3
0.10112329464060232,0.05712505577412168,0.6342180131244854,0,0,0
7.710370311749502,4.386663154023136,2.325608029729897,6,5,3
0.0751869133936679,0.13465068598423566,0.7569400829102778,4,1,2
3.9164074895550343,3.600030284940023,1.6007266121862076,9,4,3
4.0080122910546,1.3203993656683384,1.5104223700617072,4,3,1
0.11168929558953739,0.07857715415627135,0.3305744104004922,0,0,0
0.07115481721687986,0.05765977969481857,0.2822032267805312,0,0,0
3.7176593470592207,4.7569003630320195,0.8286779988734039,4,6,3
2.9262968557073483,2.1704322996241108,1.7571966575718532,2,5,1
4.105404504762746,2.770053911872016,1.3246519701616803,1,3,1
0.1773752600665031,0.014122150042642195,0.4665197012555498,0,0,0
0.1739972069445013,0.06204236640784967,0.6021622984073038,0,0,0
0.42133791325991093,0.0,0.8620322572884548,6,2,2
0.18475255202153767,0.03952537394457157,0.5033524702388588,0,0,0
0.02431428036935865,0.06406855833574618,0.667286820189853,0,0,0
0.08805259765667951,0.024256728628315002,0.5637605812231209,0,0,0
3.1170007855165425,2.2981498927306063,1.5050718586770337,0,0,1
0.07084612807155308,0.06521693308622956,0.36605302250422433,0,0,0
0.10882207776386127,0.06719169744687113,0.6431152117761741,0,0,0
0.21307796213481525,0.034490688032706315,0.8608267456902989,3,0,2
0.4650735309999851,0.037321840390486236,0.7708113299975228,8,0,2
0.14408198784747253,0.09823353351156842,0.4615543121022908,0,0,0
7.092071087308954,2.4410115507191357,1.7735401401441508,9,8,3
0.06186376107168929,0.07115628361641593,0.503218508703684,0,0,0
4.179631350650362,4.743740562199559,1.996504367577324,13,4,3
0.011961862042209115,0.03777229505222744,0.39957094365057466,1,0,0
0.11246918418553777,0.08983106604409469,0.625761905635936,0,0,0
0.4106979097967701,0.0773873614645548,0.8864066954916019,7,0,2
3.1174161572775665,1.957068049601119,2.1532662566042315,1,2,1
3.755977146418771,1.7267258518817623,1.8903389556535717,0,5,1
0.098673937037547,0.03389656496514248,0.5769031655442276,0,0,0
3.3052103787167644,1.7098224985736343,1.1465616313949836,0,1,1
0.06428242909868162,0.06709050454133232,0.4989132862965028,0,0,0
0.5067069687386114,0.05776204261920222,0.5784373048100854,2,1,2
0.23644427026329462,0.12020038933758126,0.7557145014473098,4,0,2
4.18871274455477,2.1087195403629213,1.3681151540948981,3,2,1
0.3094393907496078,0.1773928034396005,0.44340890855058207,4,1,2
5.048938794607018,3.0182912452715835,1.3488635937208986,10,4,3
3.9324760870762123,2.9315186624110736,2.386666010783912,10,4,3
5.094920208086014,2.658049725925241,1.4098671573517345,0,3,1
0.05526963488902481,0.04999372654776451,0.4769338333360292,0,0,0
0.3942101316419575,0.03792885862461451,1.1578532121534164,7,0,2
0.22583060011108858,0.10137669048393298,0.7394840190651943,5,0,2
0.05513728142570842,0.03151068023740891,0.47450530295964105,0,0,0
0.21825903883936165,0.1461018950702186,0.7529334722551027,4,0,2
0.3425864577638899,0.04590363173518507,0.9806043600779312,3,0,2
0.40638003508787185,0.13128283807227484,0.7779327783246575,12,0,2
0.4381719724131138,0.10423498183564517,0.9723350088985362,8,0,2
3.6696931579712837,1.6889362598218054,1.2746929825828428,0,3,1
3.5146940955443666,1.8948211981115441,1.5217126546844677,2,0,1
2.9723462238216625,3.42129686400523,1.5586921584936948,1,1,1
3.9248963708415485,3.286740123600043,2.0477666484534356,4,5,3
0.4041696557520979,0.09997805056700454,0.6710773387915903,4,0,2
0.4399271375233304,0.12204506817462496,0.8273940081577145,6,1,2
0.20179915865809012,0.10472030034758513,0.751112010379803,1,1,2
2.4490588338110397,1.512916285913889,0.9032897411486113,0,2,1
3.510021151740569,3.642059100643942,2.3102599408648783,3,3,1
2.4190489913620112,2.749167914804278,1.6617417573204976,7,3,3
0.1009808328846995,0.03921389971073459,0.4815448557814055,0,0,0
0.15107557489010912,0.07771036422540287,0.6655963241896141,8,0,2
1.4156683786571995,2.2944159757709737,1.1945886984231555,3,2,1
1.7623138017546567,2.2293002269388156,1.4259788158339575,3,3,1
0.16273209002889302,0.12335428071250072,0.7737003530523253,5,0,2
0.16702305258951738,0.0685649138268865,0.6665603213686527,0,0,0
0.5180820118766777,0.13495682972834896,0.8106094063222946,1,2,2
0.2732932301852214,0.07192799466222367,0.8440490157063374,3,0,2
0.26785139876322933,0.1142241231498253,0.5942327596903099,7,0,2
3.519290880373943,2.542835954591819,1.565037383281348,2,0,1
4.142914605192366,3.5516524853866858,0.7186958282140363,5,4,3
4.631712577980061,5.630742159158059,2.3089537643226543,11,4,3
0.07853777898506692,0.021127914756604704,0.4716848115120124,0,0,0
0.06729621584362881,0.05419068460525589,0.4735454101295278,0,0,0
0.07433932167642074,0.04380700572023878,0.4566610433313847,0,0,0
0.34727684683865756,0.16147428409033499,0.8119144956859454,2,1,2
0.37981077130844104,0.10434903851688788,0.579414102278771,8,0,2
3.501267585409522,3.9944706658027562,2.327395314846979,8,1,3
0.1348477202255368,0.0597461047408999,0.594680756651187,0,0,0
5.328542425016636,5.238223373000835,2.178919382083237,10,1,3
4.4330666057209855,1.697640566682261,1.5500380993592977,2,1,1
0.08327493820795259,0.04406785081860404,0.49866953646213646,2,0,0
2.6997067183926236,1.9364219852716347,1.5602777119695739,1,4,1
0.06166717061083261,0.047055894426288054,0.46879280679472674,1,0,0
0.08615933500555398,0.05344508772822075,0.45334259287972234,0,0,0
0.3696482967916783,0.18941691767313729,0.7389030047846717,9,1,2
4.303458601272293,1.9859029275904905,1.3669560783753205,5,5,3
0.07682911535937689,0.059637321234369836,0.6598321807641033,0,0,0
5.099123240836734,1.6016937151860107,1.8543664902661803,0,1,1
0.10234902968823711,0.05659017471146019,0.5091093606255913,0,0,0
2.996836480953643,1.4349416838155258,1.573622922531402,1,2,1
7.57863016079283,6.062127007007538,1.9408248783495214,8,9,3
3.3313938760120116,4.262299362447657,2.375922044905093,10,3,3
0.1900470216455408,0.05263855933543914,0.6223855918542593,0,0,0
2.810344495099056,1.5730355427143212,1.61648227647793,2,1,1
0.09537345686535287,0.09689725741036377,0.3888907473605828,6,0,2
5.192313019104875,1.6880798756563697,1.9146413984540023,1,0,1
0.2128996821477566,0.1419714459598847,0.7882875898909892,7,0,2
0.2688202216607145,0.039472367713222815,1.023132994249364,4,0,2
2.931915019641838,2.721407601613521,2.2517212241934086,8,3,3
3.1096055328828576,2.432635578647273,1.2732074126054964,1,5,1
4.735943202228103,1.52759275487914,1.838578220243574,1,4,1
0.16019422185844082,0.08641087815883632,0.7059845001737401,0,0,0
5.153729388401236,4.7944631678137295,2.4673221263183542,5,1,3
3.8511117009583273,3.6532754283978273,2.2880745654266548,7,1,3
4.155078017630526,2.2600882108001357,1.642119498230597,1,1,1
3.338356205521389,1.6784247949386724,1.8493427541150018,2,3,1
0.30950333319300327,0.12306162389443737,0.535888352120256,9,0,2
0.12381788846781097,0.06001663182008424,0.5500917329085857,0,0,0
0.31813236712369086,0.06438264738729363,0.8441853324228329,7,1,2
3.4441035333864045,1.4385494219615835,1.401583064796972,1,1,1
0.24683820635384546,0.08507002348400391,0.8678129962837658,5,0,2
2.1731224406329774,1.1930492722605042,1.6698812124176066,1,3,1
0.2668179947509225,0.15641545272813356,0.9894115483316626,3,2,2
0.278321218210464,0.0984304832086315,0.6795712754918545,4,0,2
4.0259372802546505,1.5398206918465374,1.0704810910425775,0,1,1
4.095131185913768,1.921903049951402,1.6571054224137494,1,10,1
0.23039132733334905,0.06277048075332128,0.722948797897449,7,1,2
3.165396145469704,1.658309481739935,1.4674998350266233,2,3,1
4.449296498375316,2.1205380394016475,1.236097855975609,0,5,1
0.07606256891682614,0.05723322122494033,0.46389907767474303,0,0,0
2.883972456282044,1.7253249543993348,1.3890849945722121,2,0,1
6.448729418462431,3.900282125176046,2.1046445437170234,9,5,3
0.39292832177172526,0.17856273679260048,0.6093871341582009,3,0,2
5.431937005884353,1.9683219657677342,2.111692853318453,7,4,3
3.736779092571547,4.3261246068335355,1.6181579035157427,8,4,3
4.024584683047615,1.490578765312674,1.1137864220593965,0,5,1
0.06611275147375742,0.018687039367888077,0.6127350089355486,0,0,0
0.042081765540372865,0.039695632123835145,0.4430851801327466,1,0,0
6.528251574277478,3.6322008140989914,1.8105071575551237,7,3,3
2.9369189229476262,2.402619928952203,1.4690615812945873,1,0,1
4.73910199287399,2.038973268805722,2.4429610296657094,9,4,3
5.404831174012488,5.835830063252678,1.2070319413838306,8,6,3
0.09772943910338809,0.051387396053161394,0.5461078032296435,0,0,0
2.104697459128178,4.813853383854531,1.5586147539358193,6,2,3
0.4457858839660601,0.09181030854871691,0.7047741303993188,4,0,2
0.21494490618096251,0.0190207894989305,0.38851778126475855,0,0,0
0.2711652732242335,0.1414743794928371,0.8972637924659564,4,0,2
4.6792631585792295,2.6431260432274293,1.4151620369672027,1,7,1
0.33434546420280764,0.09787298557871092,0.3138867752310076,4,0,2
6.821773819848602,3.6278463708329376,1.643798619310667,10,7,3
3.5035826018327834,1.8607076381216427,1.2588238967281737,1,2,1
0.03270101598766258,0.0014721585892958355,0.5466431287412317,0,0,0
0.12693779962231846,0.03373971255479741,0.484216249015974,0,0,0
4.109737723336705,2.0330705575745007,1.5599946599591061,1,3,1
5.639514142950857,5.426953115627675,1.9213937009311224,12,3,3
0.12332149912167632,0.0410811257227768,0.5158756050937543,0,0,0
2.272171433943008,1.9021375104580585,1.7596076127150209,0,1,1
4.455388571179851,1.1211062880289637,1.5086546684379556,0,5,1
3.234171634353008,2.0647108384076502,0.8456474287002967,0,2,1
0.026824252593394077,0.005062213320307894,0.46540806709528293,0,0,0
3.077504104567566,1.6402638078310314,1.303697438683469,3,3,1
0.1814307772785646,0.03792038748061541,0.4942958833147058,0,0,0
0.1618065360903109,0.04401636455145131,0.4063204765040617,0,0,0
3.5094263605637734,2.1881942809446,1.6840608387555565,2,2,1
0.1356499215086194,0.07661149808078081,0.3505962206710249,1,0,0
2.703218767330825,2.1148215277838984,1.4157392262607025,1,5,1
0.1686424237338265,0.03601009559664714,0.40689982883675585,0,0,0
0.3775414363493875,0.07981209722606278,1.0228959851740322,3,1,2
0.05693578993358682,0.04575582060197697,0.7082660322109797,0,0,0
0.09836233648920009,0.04081819379562017,0.5007362681423567,0,0,0
3.3583274289572334,3.019127135295842,2.068184242805461,8,4,3
0.1117807279054283,0.06550310988069566,0.43318569516722333,0,0,0
6.520197395626837,4.454518575685002,1.8330394330406508,11,4,3
4.30481030302791,5.781917556485835,1.654616568986699,10,5,3
0.12757381376197618,0.07125314581575054,0.5782027387574128,0,0,0
0.49555414172892076,0.140542402848143,0.7499082792008145,3,1,2
0.33578254156223775,0.15536775220837418,0.7104987545274304,6,1,2
0.2546058452778473,0.18021737168968865,0.7516011575156124,8,2,2
0.18988432634247615,0.06631002044888526,0.6152648103261693,0,0,0
0.1922659663693488,0.053713413806825525,1.0126402640103023,8,0,2
4.291140004355883,2.060591075950339,1.6964065479024433,3,4,1
4.572863717775143,3.30677402131642,2.184890064416238,5,4,3
4.384442437381738,1.6603890313909497,0.7762347546240568,1,6,1
4.87147483235791,5.166884998398743,1.3809466977594576,8,7,3
4.367805459542446,1.9022033815753874,2.060409877487733,5,7,1
0.04010610537055758,0.02787412975176732,0.4796538858919695,0,0,0
5.17427076607113,1.889605425103973,1.2120082442567877,2,2,1
0.072522143204571,0.061296847172002455,0.4662184905808597,0,0,0
0.10160020745328834,0.05286097539757905,0.5842513896455004,1,0,0
5.266990027974795,3.0577005088829394,1.8160707394557871,11,6,3
0.11643812051517402,0.03734489940229922,0.3544945394909448,0,0,0
6.381787098147893,3.423855479103806,3.064006134738169,8,4,3
0.37123109326704706,0.09944597369328481,0.7383307721012323,3,0,2
0.2968238676709812,0.10012520306831593,0.5822933294365819,6,0,2
0.32105120584438857,0.10016859961049304,1.0851071354305615,7,0,2
0.049699130925014906,0.048951910988450614,0.5198393517177486,0,0,0
0.36930110164251834,0.06904857496345973,0.900092811471872,5,0,2
0.5005593063618397,0.17846829728443134,0.6939685293895652,4,1,2
0.2512271980960739,0.0748053154784241,1.0401992667252669,3,0,2
0.13729282847545404,0.12954458629380367,0.837442003696827,2,0,2
0.1226185898124867,0.05623305712009557,0.43305630863665096,0,0,0
0.04998343376972127,0.07194600375087418,0.5997059356453641,0,0,0
3.527122506771505,2.8806357600302,1.7581045509397524,8,1,3
0.26164344355938923,0.030359360683477776,0.5159573453960942,6,0,2
2.4089532828059257,1.9844198175992611,1.7731383307355524,1,1,1
0.47522731900835546,0.025983544008835457,0.6221400301710684,8,0,2
0.10947908082993718,0.059859729170289186,0.4493810938914664,0,0,0
0.18307350828640093,0.06253227274526142,0.5741073780682286,0,0,0
0.09477753907312643,0.013162044540842854,0.3289396645563486,0,0,0
4.155834207530677,3.877584219539836,1.712821503737414,12,2,3
5.9245381900609235,1.456763400639169,1.8294993111269953,7,2,3
5.074973688199082,3.618705854733319,2.3141447785619143,8,2,3
0.1009573888707876,0.07545140325857139,0.48956415505619133,0,0,0
3.8888441817936714,1.6908629511153626,1.2544267359320638,8,5,3
0.08512182483200041,0.040061359497640434,0.451574164806917,0,0,0
0.12369164604558938,0.06780495001673018,0.7918173555060093,0,0,0
0.17061102777077147,0.08276719464541882,0.6796665201675017,0,0,0
7.291564854963969,7.131051784615204,0.6243726718530205,4,4,3
4.511071490996229,3.0359186744914126,2.31782036040823,7,3,3
3.3501219664778317,2.1656113799299384,0.937783349180634,1,2,1
4.982832866385907,1.0441788945404786,1.0609490690086782,4,4,1
3.3848116712235212,1.6107064765941441,0.9784807264434642,2,4,1
3.1925390999848577,1.8793425481276356,1.461434689684461,1,1,1
0.20052662011014238,0.1257902193906908,0.41007792169125695,2,0,2
0.3710510354732298,0.12226881834981687,1.366507936234787,4,1,2
6.903140578289548,4.0053331096619,1.8426232604474104,6,5,3
0.5601834187838161,0.13939019963919183,0.32789170185790506,7,1,2
0.2667355553554221,0.19155034902385662,0.8333058346204956,6,0,2
0.21425273483748536,0.0,0.7583192984324498,3,0,2
4.701033600916931,4.728623024311474,1.724706558222784,9,3,3
4.235568484368393,3.4796224314584085,2.073201553057052,7,5,3
0.04442710215314841,0.07963921536873073,0.5272236725327388,0,0,0
4.466147012409296,2.611789829879637,1.348690439885818,4,3,1
0.08080143640238242,0.022091029904898564,0.45433023849767534,0,0,0
0.4097694260942334,0.057022211302387854,0.7878681836401621,2,0,2
3.418125822809161,2.660940496079901,1.13475020213524,2,3,1
0.40291254449563685,0.08555691219151079,0.6375163185998376,3,0,2
0.013754108374348359,0.047490914799942,0.507660907045166,0,0,0
2.735150771691897,1.536142853857816,1.7487821059699402,1,3,1
0.186045930226031,0.007701277262836981,0.9505821907451562,5,1,2
4.9528445488352775,4.12480147685834,2.1870908471215795,7,4,3
0.36487882058302695,0.0,0.8827176580804006,5,0,2
4.387003024527926,5.825959930035639,2.25172927517871,8,2,3
0.12020254284072693,0.04630949284688301,0.5201652905129255,0,0,0
6.589632196897588,3.706594657211494,1.9580809083237307,12,2,3
5.869224422491512,2.7406649352026244,1.3234930435231638,9,7,3
5.110580488855506,5.048436315729601,0.6684291761834735,10,3,3
5.651612038495614,3.3351699864138777,1.8038538958141959,7,4,3
3.5726904047076657,4.353734926009833,1.8159710949351608,10,5,3
0.0936225439811233,0.07207867093403815,0.5336277889247563,1,0,0
3.5151232615845536,2.657524029762101,1.0565658856836933,2,2,1
3.894079779563506,2.4320258669999237,2.2025290572506697,7,4,3
0.05009696863427936,0.048852092698519284,0.4485061293566728,0,0,0
5.1711434579326845,3.757885543339503,2.093639739269136,11,5,3
0.43268267347702843,0.06338638451906992,0.9129110277608844,4,2,2
2.4543050291220876,1.794413302223342,1.4548954901141198,2,2,1
3.3364087149757693,3.444877311134031,1.6965648134146223,19,8,3
0.0708620671194209,0.03858719139599775,0.40608444302293184,0,0,0
4.015660630083394,1.8593937688558557,1.6869033087893246,3,1,1
0.23007871525058815,0.08799607694105452,0.9922986580396824,6,1,2
0.03200719295100404,0.06364138980125263,0.4823866496449022,0,0,0
2.9229955602727973,2.6606055630387884,1.7645089280873227,0,1,1
5.718747311908818,3.1728679348198634,1.3273142188076783,5,2,3
0.20958686260080697,0.14432295510682264,0.6937753954402192,3,1,2
4.261174039051639,2.127664085872522,2.068672431968568,0,3,1
0.16805169598599098,0.07372143242732368,0.9133191468979994,3,0,2
4.074386351133876,2.4853168363057216,1.3493676525510907,1,1,1
2.075028828184588,1.3961125887878016,1.7094250394753003,1,2,1
7.700859359886666,4.369422916451649,1.2132508617790427,13,2,3
4.898561912928886,5.364316153018331,2.470346947499334,11,4,3
3.816443833529128,2.550618144282959,1.942251498109418,7,8,3
4.638137776940912,3.412388595617756,1.3845731949007454,9,5,3
3.9224330580413733,4.347121641718232,2.2637313654309095,5,3,3
4.418688117911951,3.497221908385371,2.1023238994638405,10,5,3
3.794016399306631,2.10215994199416,1.772170398017286,0,1,1
0.059090055828884644,0.050360337440888935,0.5438579290921005,0,0,0
3.041601636787206,1.3408618539850292,1.9496875388002595,4,2,1
0.25524228211104466,0.14864338209041517,1.1718488295677338,4,2,2
4.845118813455678,2.691969773686971,1.5488673263927435,10,3,3
2.0451078347106897,2.1279721885391734,0.703475394636153,1,1,1
0.31384057248073083,0.052185554366782044,0.7327649289599442,5,0,2
0.2036329707552444,0.17813424752854679,0.9314786375087689,8,0,2
0.1355807439044445,0.03929329825967554,0.4473468312903957,0,0,0
0.40668702466081963,0.05992790756733771,0.24619422368972688,5,2,2
3.254151682556017,1.9641468268575157,1.4201949913318959,0,1,1
4.207168071062266,5.467404236461925,1.206620430178391,11,4,3
3.0514031268908797,1.7077951126558806,1.8166059202413132,1,1,1
0.130300497567282,0.03646009723082938,0.2914207561094996,0,0,0
0.09395259256961093,0.06012481978611853,0.603718140564905,0,0,0
0.08953430902103193,0.07905511090252366,0.5621346739969102,0,0,0
0.2281452964850107,0.0950804086445989,0.8184733122890369,6,0,2
0.37537689306975563,0.045275945946051145,0.7738881542178271,5,1,2
0.3839443217156346,0.11762208269998406,1.037764662827646,6,0,2
3.4542856544530562,5.051250416154755,1.883945712156724,8,6,3
0.1104829707637313,0.04893786396606179,0.3843058602770529,0,0,0
0.08685545853958662,0.06543592354471323,0.49553934678169986,1,0,0
0.1807687844734721,0.04649243088202619,0.5936056167936017,0,0,0
0.2671347312047332,0.08069973887094248,0.8160168293052102,6,0,2
0.38928231165569593,0.039723836043000144,0.8221855555037015,7,1,2
5.041325703953786,4.413859537344047,1.7745517096445742,11,2,3
4.4499589746224,5.083561009706388,2.1890190000801386,9,2,3
0.06960890064527839,0.013272804324592054,0.22924561446188224,0,0,0
4.315039813860829,4.284045437365351,2.4462111488158076,9,2,3
0.31908950976162276,0.09750631507657116,0.8077060555312889,4,1,2
4.652348638961926,1.8668935247967542,1.1865224896133246,1,3,1
0.061356116608819546,0.02211009862281477,0.6560255529530931,0,0,0
0.021456192396575036,0.04769551534895605,0.38359493675941747,0,0,0
0.0,0.08636123845115651,0.304266141086601,0,0,0
0.13070833500217127,0.05705009936713759,0.529353752996864,0,0,0
0.1257523843153024,0.042971715285725354,0.39741318940305237,0,0,0
0.18776704212216022,0.06490010625754562,0.380959226432551,0,0,0
0.18976056779561612,0.011718798588250659,0.4243995980543395,1,0,0
5.000155316402894,3.872211734957659,1.334274359186402,9,5,3
0.31696646210019747,0.10874291481294525,0.7618216630826664,8,0,2
5.256812009518354,2.6889188255572796,2.112633266154269,8,6,3
0.267020881875453,0.03857563410738114,0.6994112326119293,6,1,2
0.11692419217308456,0.06980332477918579,0.44549127700044094,0,0,0
0.10610049073226807,0.050920054945065484,0.5516644445935968,0,0,0
3.9048398494095684,4.123613425694381,2.4908184590928997,10,1,3
4.475836891623818,2.0102950886173394,1.440956663070712,2,4,1
5.833016418252688,1.2543860843047687,1.785415495050231,2,1,1
0.22180079283721404,0.15074486269690093,0.5394847372847908,5,0,2
0.4590464272289736,0.015955135717788643,0.667912441217583,9,0,2
2.8462579701930326,2.2770714632563744,1.3136522269664312,3,5,1
4.543279042612519,3.28703791448277,1.8146008495185868,7,7,3
0.09820869804450243,0.04400646703986426,0.5609526045208602,0,0,0
0.40083694338346115,0.10574680271969376,1.0876878072773728,6,0,2
5.880690208107104,3.6927148292239176,2.0045486178741996,11,3,3
0.09902901970561337,0.037782847203898684,0.5147298000389084,0,0,0
0.1738791744386325,0.125353527063324,1.0620082413313607,2,1,2
4.542569343124392,3.3403110924200514,1.5977362523791856,11,3,3
0.0,0.04462708493380515,0.5864248384698636,0,0,0
4.994141897266825,1.9397494708883376,1.3066476894372985,1,4,1
0.12539956634562718,0.03229502627751556,0.5698815670280476,0,0,0
0.21239766955431338,0.14690788036949487,0.647511163612216,4,1,2
0.043863898921885074,0.02947261584668216,0.35064902217468563,0,0,0
0.27900310937418354,0.1390378001194052,0.7938854431315011,5,1,2
5.5604226984446985,2.631769505398254,1.4842551953067857,1,3,1
0.2592963953037298,0.16730069114631746,1.1295781283398607,6,0,2
0.21596647699908472,0.013377102433233,0.5910215783664745,0,0,0
4.142122160863668,3.2935358960533594,2.2139448175381364,7,7,3
0.1297578512718457,0.06690315942368644,0.3801607875047955,0,0,0
0.3686838133265138,0.0,0.5790051968605662,3,1,2
0.13795775801513235,0.02785686366395097,0.5734476745001218,0,0,0
0.18250217077276681,0.17130664097975007,0.5013045680760491,4,0,2
0.27312865539293896,0.08823491613672294,1.0718853835373807,5,1,2
7.293795550147429,3.4449853825095107,1.6831846929704235,6,5,3
4.459569457903995,1.9007136006517387,1.5472734721668022,16,4,3
6.360280780304338,3.826629069010869,2.7893843874974484,9,1,3
0.30225452670580416,0.16585447021110256,0.667038822804016,5,1,2
8.206146402369303,4.690534903704677,1.839539229522761,9,5,3
5.64023202175747,2.5948216769864247,3.192766025282541,10,7,3
0.2477351111859991,0.14666309521169638,1.0168518573605478,3,1,2
5.367722295567195,6.9834061353385195,0.9456759767522542,10,0,3
4.557427287114136,2.592149715578363,1.0690044623462263,0,4,1
5.0804215953735765,2.3769723796438154,1.2157089545650224,7,2,3
0.07247315752542083,0.04623477329827387,0.46910399854020923,0,0,0
2.9970903499619808,1.4713742689899483,1.5246089788164348,3,0,1
4.085064907189216,5.367100590871679,2.138843227539982,7,2,3
3.4422890782935065,3.677299400480993,1.7680184598124782,5,7,3
0.13292721363364152,0.05800962773012658,0.43465371042751927,0,0,0
2.7712098036226167,2.6130522926670343,1.3333798801672985,0,2,1
0.12571273780089176,0.03997531784419575,0.5539764512828342,0,0,0
7.346728956874228,4.924330111280773,1.5699849062429043,9,3,3
0.34383254294766435,0.20086852361978358,0.7742311021164313,4,0,2
0.354508575641121,0.17556629928917014,0.9103819700693256,1,0,2
0.12919640926629822,0.03367565510916071,0.4262620096502041,0,0,0
0.13465528036315721,0.04551362058243791,0.5103538153949175,0,0,0
0.09953498394306928,0.04885218593996916,0.49071254986069474,0,0,0
0.12209703247847045,0.0707260578414496,0.44025211419755966,0,0,0
5.0500138201849385,2.933617879489665,1.8528488418690598,8,4,3
0.14661352582057938,0.20374612507451328,0.7824862579432106,7,0,2
5.36419952588735,2.8344040406503526,1.5576576748376088,1,3,1
0.37233175788890194,0.029282612992999044,1.0603617754909467,5,1,2
0.36109833490487264,0.1628140617931828,0.5732128765727832,9,0,2
3.269213847897278,2.353839122013621,1.668084268103686,0,1,1
6.144161900957289,2.8290997227660193,1.978593341775878,11,5,3
4.934001003730461,1.3673939820009018,1.078705074991149,0,1,1
3.8132416936936164,1.4041404331913285,2.036831613323212,0,0,1
2.6143318159935838,2.279677704857718,1.7699488488398871,1,2,1
4.2032538280959475,1.5573367838909697,0.7992139143595692,1,2,1
0.4680785652864204,0.1845586605640168,0.4779697668022582,8,2,2
3.835434706466425,3.82545173384275,1.8861967925021637,9,2,3
3.420603618614506,3.116173016592869,1.328478425332443,2,1,1
0.13252250462680698,0.008992850854315997,0.4284487014514771,0,0,0
0.05847777967217174,0.046997660974923874,0.5122243004547066,0,0,0
0.1234387128037512,0.041697994220732615,0.4630681229841811,1,0,0
3.258936777534219,2.095461865877553,1.6608870187696405,4,1,1
0.12590217420234506,0.17933259999217904,0.7511183427476223,4,0,2
0.06478281547286205,0.05444579711601708,0.5058370290817895,0,0,0
0.4810526087567177,0.08145802373770898,0.4351033354185088,5,0,2
0.28026862466139346,0.0576368946272026,0.746925283774232,5,1,2
0.18965952140217412,0.13692225830905955,0.8798718625793311,7,0,2
5.686209857430304,6.3539734348317225,1.6944947558809407,10,6,3
0.29934174185968704,0.12135927352555712,0.7494788025525323,4,0,2
0.32790625086852926,0.15543519985343565,1.0160896653658376,8,0,2
2.4293335938098215,1.2314869994360356,1.688681732908942,5,1,1
0.11119570670323307,0.0686625614468214,0.4701179910970796,0,0,0
5.653926895586277,4.04663472196354,1.981925033885974,5,4,3
4.403520683803501,2.2160601219918847,1.497275161771294,1,2,1
5.240005315289136,5.69252293986397,1.9991995280831367,10,3,3
0.03616257120898453,0.05676046962203417,0.5139497796147459,0,0,0
0.15281261571600832,0.1587743710323618,0.6964138875358022,4,1,2
0.10664848370734381,0.05851687317259659,0.5644123767850109,0,0,0
3.680496056078081,1.8389940146912978,1.0140930403450121,2,4,1
0.008468355157177157,0.02816749655681795,0.5365759986092915,0,0,0
0.28787819492788214,0.19288629144741906,1.0803856506205465,8,0,2
0.033438352322111106,0.03898896136583025,0.43838565419510567,0,0,0
4.49006123071636,1.7082197260519631,2.0029952408284077,1,1,1
3.8574386454811607,4.151829078936399,2.1091874522428493,10,4,3
5.983399021269074,3.0806164717282822,2.2346209778638912,9,4,3
0.11554537827990023,0.03903462410149846,0.5613770855789909,0,0,0
0.1319800107678632,0.05600150302348689,1.1459861428330758,4,0,2
6.328393224498796,3.0688681906639816,2.303727661004169,4,4,3
0.06083733538318815,0.05381271182530049,0.5479507548001609,0,0,0
0.05106181421088463,0.06167088606023775,0.4723328228280855,0,0,0
6.25513985802995,3.5418755050144783,2.2610313405043168,6,4,3
5.362869121400177,3.2403254587560717,1.6596348402559145,3,4,1
3.132977385278358,2.6489700967675662,1.4430055729508766,3,5,1
2.531664136746441,1.2473604119192796,1.5199766480708765,0,3,1
0.32164853564878454,0.018794966101098085,0.7427127827764658,3,0,2
0.24787334026764132,0.062172337297640615,0.8380324987314364,7,0,2
6.868368019717797,2.738088282600371,1.8309172462102175,10,5,3
2.7262085109265017,3.39432059066008,2.1437199149948523,7,3,3
0.05719580870455664,0.052871758730103205,0.6540323979819886,0,0,0
2.9431021793811336,2.7132660211784243,1.517614164676827,7,4,3
0.14221133769736982,0.17139083096362184,0.9597649617126561,6,1,2
0.14593302743085815,0.057415463682954956,0.8241362072915854,5,1,2
6.132386204677498,2.3943770219427236,1.4503263082297218,1,6,1
0.10244300351628523,0.047192498821893275,0.3837934179743717,0,0,0
4.429242651290826,4.547786797402778,2.804499434797722,7,3,3
0.21827963963372787,0.056962809767572106,0.8689437895033841,5,3,2
4.3229885920033215,1.921381803985724,1.7459920927040358,3,1,1
4.693698552431007,2.5748884429283017,1.5693570536581445,7,2,3
5.351964488007388,4.4342242807720815,2.382647986465336,6,6,3
2.1923574189065596,1.8043500550508111,1.4791634586446942,1,1,1
3.914931669357881,3.593761364641813,2.850679019713744,7,6,3
0.04541495619303429,0.051690102913857255,0.6178252847548003,1,0,0
5.671473184449927,2.566950019492938,1.9190615803026707,7,4,3
5.144392453470342,4.572282037270906,2.0901566153119404,9,2,3
3.7424501806358195,2.062779261236789,1.4229798589559841,3,3,1
2.9722985880793944,2.197322041678333,1.391788649865128,1,2,1
2.8070429954687848,2.4110554236414066,1.577843646925943,1,2,1
0.08853046279659862,0.061747833996120244,0.38658288547222097,0,0,0
0.3829116284256811,0.10299847396580016,0.7008240552521363,3,0,2
0.17516991508835755,0.08060390397726702,0.42028864337750194,0,0,0
0.4241907530654725,0.02589362002725097,0.8682616794787735,4,0,2
4.421936378007617,1.6097976970356862,1.4009841794267999,0,4,1
0.07661493993440543,0.05448679313556166,0.5867187412827739,0,0,0
3.9528051144068677,3.3194110272671766,2.5828469466365016,13,4,3
6.276460183486262,5.907799698129477,1.6206744682533487,8,3,3
0.2047907097622491,0.016742142396286047,0.7955245331779655,1,0,2
4.646017187115418,3.821034740451551,1.8131478385732904,5,0,3
2.9775852716224906,1.848453640154137,1.44111191467627,1,2,1
0.08330902551219951,0.07143859730423595,0.5055002936033375,0,0,0
3.11350510967721,2.4692855335299697,1.198863655360909,0,0,1
4.4948686937879385,1.2462505416991247,2.0714039646244915,1,6,1
0.1033495358612436,0.05378656614584749,0.6475112364309856,0,0,0
2.3958510137632754,5.27565557191786,2.2509712645275783,2,5,3
1.0224938813709832,1.8846445137575885,1.7724270894786418,0,2,1
2.3848737373365125,2.039601464344822,1.10447958525796,0,4,1
0.07896191031594735,0.07561879153333456,0.5648881925903839,0,0,0
0.14826987422955853,0.03807177184062241,0.6205818420716043,0,0,0
0.227334220274035,0.18256558802479192,0.7604336217779045,6,1,2
0.03744432118073486,0.012336995838828323,0.42548322296826496,0,0,0
1.9870478382388495,2.466516271079847,1.4558745797561317,9,6,3
4.016163022926469,2.229580657989279,1.5119592622474758,3,1,1
0.42827139581702195,0.07163274241463549,0.8112258907394545,11,1,2
4.051302891891775,4.372826024658402,1.7569904129516511,6,3,3
2.130536225343942,2.247261246024386,1.4290400243711627,1,1,1
2.7525707467507954,1.7509040396492805,1.2543142665078837,1,5,1
4.236254960182128,4.553222790473183,2.9950719590975425,9,3,3
4.77103009943114,1.659324196782395,1.827308372757443,0,4,1
0.3529373569715235,0.17269295522232037,0.8858283039323214,8,0,2
0.10865904629255911,0.0566771993313707,0.31534269521955827,0,0,0
2.7413347984572276,1.4142584350145069,1.8153365243273996,1,0,1
0.37827480712298533,0.14585828319930427,0.8055915322230728,7,0,2
3.1979029589753942,2.096899356883546,1.799386296642765,3,1,1
0.07714518717068641,0.05599295375674697,0.48225081162257166,0,0,0
0.08061492200320079,0.08906518275053137,0.44001786060829384,1,0,0
0.297723332878077,0.10912565688374107,0.8259452982996386,2,0,2
0.40997000379703225,0.09520074520098931,0.3791608400136497,6,0,2
2.809987400185415,1.825786024854203,1.6667962301070416,1,5,1
5.874081848818577,4.731338092987067,1.2578467332367231,5,5,3
0.2178175541372229,0.06300160800505447,0.9527719270361936,4,1,2
5.380391744267151,4.760391290245337,1.3938463355665156,4,5,3
2.012625553596023,1.9609454949436051,2.0832052950001323,0,4,1
4.384627957712656,5.134334514326263,1.8297320019954912,4,6,3
3.5746858426368857,1.5400509147769232,1.8903290080396864,1,3,1
7.266319469952339,2.88147256235142,1.0684107427815301,5,5,3
0.2565628386284272,0.12430318896948439,0.8749833668702655,3,0,2
0.324107999919922,0.1770897663828265,1.1865591710665995,5,1,2
0.128195456002618,0.06180844122502927,0.48460023348021686,0,0,0
4.562960562863784,3.4699683648681883,2.4149461794666216,7,2,3
3.959637318074816,3.025754732042791,1.3963039030182993,2,3,1
0.241860997872001,0.004495974279259088,0.7882971804989048,12,1,2
3.8805203053163027,2.143841021837861,1.7786553738150672,2,0,1
0.2568915523508666,0.08757027961409646,0.7646879457947788,5,0,2
5.749214819042802,3.1220076796264027,1.0143813810751552,5,3,3
0.12804597239706195,0.0716011211827862,0.49587086382153384,0,0,0
7.673832800307871,4.26827261932346,1.9191804416248022,8,2,3
0.10984306179345618,0.05109868221999698,0.53831681897589,0,0,0
6.3243223372966995,4.534367961527596,1.6505245046439743,6,6,3
0.11628981582910833,0.07255560501267798,0.4655522791247547,0,0,0
6.434547116219061,1.7012841281130684,2.0905263049000427,7,3,3
0.11329391148260243,0.049242138365663386,0.5563787875006915,0,0,0
0.30883670821036513,0.06965771143532576,0.738408586372033,3,0,2
0.4464089350668802,0.14850835265973222,1.0304946967854158,6,0,2
0.07677182895842385,0.08766270622028546,0.7786521582889363,6,0,2
0.24501463934725828,0.1625614555232084,0.9218390725702705,6,0,2
0.03323278206449494,0.050600629583281646,0.43155082693872027,0,0,0
4.514077278976174,3.6249344879723235,1.8145756136927544,9,4,3
4.434506866414987,4.243449311726809,1.631347309054946,7,6,3
0.4115706621760084,0.16975836967464084,0.6237498111655704,4,1,2
6.591607403630292,4.871140614564402,1.9305104399930295,4,1,3
2.6235295351885837,4.377821269712548,1.6388087232256554,10,6,3
2.2417353706327123,2.0519146175163487,1.8398868494418412,3,1,1
0.0,0.10839794480774409,0.7310769428369102,7,1,2
0.13409457448131556,0.07211800848714618,0.35212228761537145,0,0,0
0.07993897640570818,0.04384383057722232,0.35025533313942514,0,0,0
2.953735990822535,2.182590520151323,2.058574463445052,1,4,1
0.1908359952197768,0.2195147252475348,0.6962328141068002,3,3,2
6.26687764095836,2.5481939858062956,2.3491759517241544,4,7,3
7.238964554073183,4.379811477619158,1.5529903621090497,5,4,3
2.2212641451807436,1.8423609062739281,1.8349292246346622,0,0,1
3.8120621317267385,2.154639192563347,1.561840613886781,1,2,1
0.7705956150762661,2.8414441944739157,1.1533511873613707,1,3,1
0.3207244661800877,0.0811542491757717,0.9920644438131394,5,0,2
2.58436770364154,2.513941945716705,1.4358968488235353,2,3,1
0.05507660091044814,0.06027228928462193,0.597845780566655,0,0,0
0.2983564641168858,0.19839847233996344,1.1836222656585722,6,1,2
6.449479738294329,4.883827901978622,1.2974037549478892,13,2,3
2.8361668971743095,1.8072205100187575,1.7161458324762864,1,4,1
0.1574636663142838,0.06330833647383557,0.5107207962040133,0,0,0
2.996153685948917,5.076610345004054,1.4686305300619105,4,2,3
6.649608825684394,3.3695467573520066,2.6652048738157657,15,2,3
4.984641861876508,1.83510087147708,2.0672521260117493,0,3,1
5.006156944231484,1.6582814635183567,1.430909084223725,5,9,3
0.043514657267119096,0.05313945921936869,0.6669922781404639,0,0,0
0.08142795670021043,0.0655205582768695,0.7824330591003046,0,0,0
0.12757426880202338,0.06858819969581631,0.4370787850470558,0,0,0
3.624423993398337,4.145665554425743,2.503731234837568,6,5,3
0.29675587711206697,0.09711237513743361,0.5523205878125501,3,0,2
0.0680519126155249,0.0588954761566319,0.4226970290397297,0,0,0
4.492628102979429,2.293847450933906,1.907915463900269,0,3,1
0.09930811269528814,0.008012874711619489,0.4735644166796533,0,0,0
0.15823696772285858,0.009850862785099807,0.399213208677787,0,0,0
4.329758093428008,3.969083917766925,1.7046053192218062,8,2,3
3.3170984325760733,2.0536429330482893,1.4087804225802727,1,7,1
2.4243495164251128,3.1841672712002187,1.509284426480349,2,6,1
3.2448128284857165,2.666605280690022,1.7221000267669437,0,2,1
0.25567264934744366,0.09020003284149279,1.0000092286263376,2,1,2
0.4214143636061097,0.19031172691732556,0.8364330832718385,3,1,2
0.30129854148595947,0.05714167289350222,0.9192592213883071,9,2,2
3.4818657564919184,1.2859664119472773,1.8609638346876856,3,3,1
3.8871483160609066,1.7376656097173178,1.0357406753176661,3,1,1
3.1532501089917573,1.9741510303123841,1.6805808711309727,1,2,1
2.4736463776101036,1.0063448851367858,1.3783237929756964,1,4,1
2.9560165866273165,0.5230882572996878,1.6061038127673144,0,2,1
5.793892864674985,4.472798239315727,2.546051012852303,9,4,3
2.369012611514414,2.4779690300891555,1.0909787257987458,0,3,1
7.476698995232859,3.947032089211261,1.844331362027652,6,3,3
0.24777991518683046,0.10381914948436372,0.8700354430627744,5,0,2
3.3312152625840508,1.9724492751338396,1.3466684363013646,1,3,1
0.3754235278564284,0.09968624637676893,0.8503558043677675,4,0,2
3.2520839742569914,1.5280074923260558,1.7358894692700835,0,0,1
0.07323359070230387,0.05090982952661504,0.30367108521610253,0,0,0
2.8981028390673864,2.4311952879588437,1.574917646116079,2,1,1
0.019622006781551293,0.02626013223388511,0.5291378984815946,0,0,0
0.2681797542172557,0.058552962959857596,0.7813080288516296,11,0,2
3.564857966756165,5.0328851851695235,2.438732742764222,10,5,3
0.03399887443896471,0.04797438562596935,0.5822066078032527,0,0,0
0.23595500242706197,0.12328933910531603,0.8825029161541894,6,0,2
2.9532584366705583,5.053915903230566,2.1801493198017394,13,4,3
6.650226320025086,3.2319966571325396,1.5166698308090438,6,7,3
5.001879133796319,2.1950860964400425,1.4935912882675568,3,2,1
2.987025756032188,2.737727065521147,1.5146545179628454,1,2,1
0.09879021968045419,0.039815732748017314,0.5268050427589753,0,0,0
0.10087530199693781,0.10766267496590577,1.00577366294317,4,0,2
0.30294911945985287,0.13285669539716155,0.6885115612306226,5,0,2
5.541181194366547,5.829514942876921,1.8495339372639679,9,3,3
0.2085471358748907,0.055817941151800124,0.7135586730077366,0,0,0
0.43435346536084607,0.08935784184376241,0.564907523244803,8,1,2
5.059290590423881,1.381423400963551,2.1022368219079213,8,4,3
0.1151909297802438,0.02055925853946417,0.4904658908803317,0,0,0
0.05627030855882431,3.7912087445667746,0.7488011727116939,7,4,3
7.353915708111819,4.8024904249832305,1.845569503219649,6,4,3
5.484700621546293,3.761986808787243,0.8748264350648722,4,3,3
0.08454139382656803,0.07122741929746268,0.5136746647399231,0,0,0
0.20952278129049895,0.03277824179652859,0.4316365717713612,0,0,0
0.08494481522053557,0.04383034423088361,0.4187176409663435,0,0,0
0.12362031389401887,0.04742681107295889,0.5156823016098193,0,0,0
6.186326060015251,3.5432370031116287,2.1737692098118377,9,4,3
3.9138902057747,2.985414929655496,2.590634497016982,5,5,3
0.3330559893035165,0.06458829367259884,0.36581664045549583,7,0,2
0.0495956844541298,0.050368032615668766,0.5691618575121389,0,0,0
2.8095519306512813,3.2249724673499003,2.3818153432618114,9,4,3
0.11996115613026397,0.047931375514194324,0.550249969612929,0,0,0
0.18656283966804965,0.05881501124000403,0.7617236475211016,3,0,2
0.14857854754771777,0.04871623645783005,0.4908924139646973,0,0,0
3.2453920139861165,1.8963216156529976,1.8425492783208701,3,4,1
0.1239489912873196,0.048110825711159946,0.4246137886309038,0,0,0
4.003232384532496,1.9613891442007871,1.7228709916300797,0,4,1
0.12230811751729731,0.08805767716550086,0.9031368108139406,6,2,2
0.11536497604383047,0.014282670161317776,0.5758824416163609,0,0,0
0.0,0.1033835744779226,0.9081161540985919,1,0,2
0.21438186404866105,0.05502935067111336,0.7403129408705108,5,1,2
2.973609134889322,2.144915020935356,1.5321559394347248,0,1,1
0.3091439903210226,0.09492328123822415,0.3844710436638676,6,0,2
3.100743354054038,2.723411420055767,1.1518989431699547,0,3,1
0.20610780985063168,0.04068388861763675,0.45332411880485596,0,0,0
5.4126890557344,3.257430557961963,1.6265904873143222,11,2,3
3.82982306086851,2.758144225278007,1.7369196373896023,2,3,1
0.2262144870359598,0.10631606364783948,0.9460453145165392,1,0,2
5.107481784760127,4.090212076446758,1.5441083928945356,8,8,3
0.30683204130081365,0.08438380130492176,0.7930635481908014,2,1,2
3.137144372626393,1.710435581496562,0.7710734106952365,1,1,1
3.808777852647051,2.3462299791393146,1.412626191507986,10,0,3
5.874816095185697,4.620426325360401,1.7263320413033278,11,4,3
0.15162731021708287,0.039487381320292315,0.6094798502227325,0,0,0
0.35281454697040043,0.04424482739066259,0.9009128550668932,2,0,2
0.32936811899596175,0.12112598720287597,0.7009345709913322,8,0,2
0.022312061699196778,0.05843560148501742,0.4122515977844368,0,0,0
0.35868492347956116,0.10199037515739424,0.6007162675206656,5,0,2
0.02938481493323543,0.03297187131479373,0.5398147265122537,0,0,0
0.2589829809768922,0.19395253119323838,0.9033492864575199,9,0,2
0.19223810354758397,0.10927297190584728,1.115244856943428,6,1,2
0.06364314120875658,0.07340397418393207,0.5452067838259671,0,0,0
4.201389893809499,1.476690445953249,1.4211549530108822,1,3,1
0.29768664809157874,0.1333731285994515,0.8538554547593775,6,0,2
3.6317287484795004,3.252513317292295,2.3164885725386477,7,2,3
0.3701588849287009,0.1532875564498522,0.7355514624243796,9,0,2
4.601478696549444,5.3517273133391186,1.1426774149077277,13,4,3
0.4189854203828102,0.1317925772356427,0.9394818296789826,5,0,2
2.9529776455625516,5.505453950945014,2.129605038004516,12,7,3
3.810539637914204,1.9236350275099219,1.5051551551156583,1,2,1
0.0023956100238749084,0.04296157364366982,0.5415826629455343,0,0,0
2.9538338957819805,1.440304560127045,1.1123089875214647,1,1,1
0.021787919414447438,0.058295457815775824,0.43568166579729695,0,0,0
5.232604345403741,2.6147238696373494,2.6924584268662377,11,5,3
4.500820497768414,1.9974795648882357,1.8709859226428924,2,4,1
0.3812138111114473,0.05354100923286417,1.055213539387457,6,0,2
0.1296778361140431,0.05646370964916412,0.39339678283723195,0,0,0
3.1689756657919195,2.6153229020890056,1.9156313344969147,2,4,1
0.1373955128058767,0.028278908357638282,0.4369153597052811,0,0,0
3.858972230315097,4.955314507469419,1.910646999976435,9,5,3
4.163273381264478,1.6062242796856467,2.16944890056074,1,5,1
0.09939555260769728,0.04186229510991251,0.5966807104250544,0,0,0
0.2560988985725672,0.0700336448670701,1.1960578067381435,9,0,2
2.6492172513718466,2.4134730304714,1.2838834923598585,1,5,1
2.9791070960962367,1.6962395450396448,1.4147581335933097,4,1,1
0.15285611131094579,0.03870451991658116,0.49779651359957294,0,0,0
0.13450719958555563,0.058172146154035355,0.4809759155586784,0,0,0
5.293408016828887,4.019827583938708,1.924407658056439,9,4,3
4.874513194003453,3.974241894294731,2.0363402718710715,8,7,3
0.4000076557545231,0.06376038403180992,0.6048856160281928,6,1,2
0.12694550218423295,0.05154961037037725,0.37243173400042684,0,0,0
1.8204972070865966,2.1039191916820354,1.042967382559314,1,2,1
0.09504120681103086,0.08177253856087191,0.34555661517517555,0,0,0
3.894881490002578,2.4116784147385864,1.8475696478466965,1,3,1
3.7197145392029842,2.355720201348224,2.328607933106242,7,7,3
0.42478207731502376,0.014459594184101157,0.39590136589509045,4,0,2
5.281257715228556,4.987930008150061,1.8837825841569176,13,5,3
2.794462052721539,2.6746619639053697,2.230795537268773,5,2,1
4.0172892998349825,3.4788741321243464,2.6603873984312485,6,3,3
0.15632825147738788,0.04261585599105108,0.508298741881251,0,0,0
5.587070701064556,4.1719895698433955,1.7948793175273783,8,8,3
0.04649576168369238,0.027179829804945238,0.5833603204837349,0,0,0
0.15742228545983775,0.029203869379462316,0.47747373575086466,0,0,0
5.797990753680605,3.6469387492168344,2.0998997652535114,6,3,3
4.5371714725320045,2.123058853188292,1.944297721235248,1,1,1
3.7244200383822506,2.0137438166804063,1.7502301715730204,1,3,1
1.6924103508185424,1.3596939273194457,1.528421542749872,1,3,1
0.1807791411774116,0.053523796450053854,0.4955726680155351,0,0,0
0.5133126076520104,0.0755734468951506,1.164536754645237,8,0,2
2.519235156337462,3.4847547538728323,1.5589913225250736,2,2,1
0.5608465448279814,0.15254517464415418,0.7511772449303545,8,0,2
0.1539340416715648,0.06758834082274806,0.7202013924659616,1,0,0
3.9312838168862987,1.8407915731408482,1.5244934127054761,0,2,1
0.02079320284972551,0.01804255731010325,0.487346742025294,0,0,0
0.37410816654902407,0.17343235072695268,0.8153665550013236,3,1,2
0.13177090151046134,0.05696683478492254,0.629046074137635,0,0,0
0.22633312091046265,0.14608997057764503,0.7473994585422941,3,0,2
0.2845304661198334,0.12172125576890624,0.5982131308477627,7,3,2
6.404567307006897,6.200366546970888,1.5229396247868296,3,5,3
0.37355365558078885,0.20321945759254756,0.7798269780589173,6,0,2
2.2225633961546576,2.1547778233835757,0.7850663456742231,3,2,1
0.382989190002009,0.07373199981349907,0.8955152222794015,3,1,2
0.11435620826009121,0.05398847971973535,0.5109082970349832,0,0,0
0.03369761569589809,0.05864433381518508,0.5609135519053514,0,0,0
0.14510247884220712,0.023147492263855332,0.8926153693124497,4,1,2
0.21666822422957113,0.1887794016506985,0.901622973435525,6,0,2
5.1687688161444,5.2046636701361155,3.194102948464466,8,5,3
7.478512458760266,3.503287176132753,2.049778098190172,9,5,3
4.329978811140935,5.06813653804661,2.4311257831638713,7,4,3
0.008189731344835166,0.0563271664307229,0.39598012890445267,0,0,0
4.54068825592976,5.3859569126957485,2.902524931210975,8,1,3
0.07369825786662099,0.04716702827979746,0.4090319560687524,0,0,0
0.32002500931668343,0.07279202408145041,0.585673897440897,6,0,2
0.244938837361288,0.10802885189171409,0.610022448781621,2,0,2
4.854808275836834,5.316106971996621,1.9557565423598304,5,3,3
0.30371249179580373,0.09526579692527382,0.5269251970007496,5,2,2
8.686242665775861,4.503993509060023,2.5191690711720565,8,2,3
0.17604164513469003,0.12286743423804478,0.8020030680073581,9,0,2
3.9926629229304025,5.282663504495288,2.3598312901648018,13,5,3
6.908488591179786,4.375856191323031,0.9536779111996485,11,3,3
0.19590510988288218,0.12480808154444048,0.8419843144437356,2,0,2
2.108016713202924,2.874067786262142,1.7660527978465757,1,4,1
0.08793711726907288,0.037473694476339865,0.3836957349715398,0,0,0
0.37476301789743466,0.15335156783954987,0.8216240340856679,5,0,2
0.03602115166321493,0.10736806111333537,0.4007421993271177,0,0,0
4.3582704301818715,1.8936400415345402,1.499366496004553,0,4,1
0.09329914166635413,0.056951232276071045,0.5129368006703818,0,0,0
3.465427774514181,0.5440980276413672,0.9278334000933591,1,2,1
5.197561974824764,3.568462959093612,2.7949458683641986,14,7,3
0.2447219282532192,0.12090532690984555,0.979539422388513,6,2,2
3.731421800300695,3.85076910545652,1.918631471945836,7,2,3
3.016015660399447,1.9857554377448035,1.5439897762938524,0,3,1
0.12360011354596373,0.060061807372474935,0.36520042156328314,0,0,0
0.3777410115757686,0.08927841549569002,1.0367608433155366,7,0,2
0.07738468403754617,0.069556310993724,0.665330963717853,0,0,0
0.12067174516118505,0.03540795060385181,0.5418759960127497,0,0,0
3.583345350975092,1.9472375306145229,1.21038115224549,2,0,1
0.312804424301252,0.20792503029581494,0.5798754754392584,0,2,2
0.2955480552069422,0.04661772140703183,0.9214256550713408,3,0,2
0.2652194835360164,0.17984041397518247,0.649156408748691,2,1,2
0.134302572999922,0.05429426366341053,0.49799012482303484,0,0,0
0.06792565454778451,0.052526283989664004,0.6775490849240049,0,0,0
3.671187143745663,2.5417742616639347,1.7567205962582524,4,3,1
0.1315405842277389,0.06392335994318578,0.5144326471726037,0,0,0
0.1333156250454606,0.028094589623143908,0.49174074246487093,0,0,0
3.7626419878716906,2.4797480382997206,1.21030510811781,2,2,1
4.342774030099027,2.2190026292593634,1.491549927465134,3,3,1
0.089115939838639,0.04766468168409507,0.4727589983396313,0,0,0
3.2352799369426832,4.713750181074854,1.4037860139462306,12,6,3
3.8122235726576257,2.239005682133651,1.7003905883438195,4,1,3
0.3929896444629616,0.10730279241489457,0.889867010537587,5,0,2
0.3236138160925223,0.14326823501085606,0.8136852624772245,9,1,2
2.0963837889281898,2.6717732533110254,1.4033815810565005,0,2,1
7.5951333269428964,2.905846217110075,1.0080431107234866,8,1,3
0.35271195915578546,0.17365957564878792,0.8798253615910421,4,1,2
0.07584067688503131,0.09191687003618318,0.35731734232186574,0,0,0
0.2428131161245346,0.04945609288594806,0.5590423158392505,10,2,2
4.119726073601901,3.348381783573426,2.197329265028527,5,4,3
7.119874353261279,5.608776119720741,1.9342812340364481,7,3,3
0.08805339504151528,0.01914393563514201,0.5240876757200408,0,0,0
0.14130235857207532,0.07459980736877367,0.49420360003316977,0,0,0
3.457143752339662,2.3138511972759606,1.6976460734068393,0,2,1
2.4367413134687217,1.9494011863412342,1.4988754398594446,2,2,1
2.46991394509557,2.2754064175917526,1.395567796439611,2,0,1
1.5962405943554066,2.283380190558829,1.40564988199494,3,3,1
5.038032743183277,4.043074623945273,2.6187315003182787,7,5,3
0.04893835914346434,0.06147488842008827,0.6227034597048873,0,0,0
0.10322372074050602,0.03659769599091534,0.450843806098107,1,0,0
0.2694558786156362,0.07293702131344444,1.076447812724527,7,1,2
0.3479684940547613,0.17290962385905606,0.6076625519824147,5,1,2
3.8683520038409713,1.4900156406161558,1.3169337922386437,2,3,1
0.2582461771673027,0.13037887514205518,0.27821737734955587,4,0,2
0.1567398362913602,0.044506549632356784,1.2957692113866934,6,1,2
5.4913098078483245,2.8332754256698474,2.248073661795486,10,4,3
0.08713117312883276,0.07994863366359253,0.33660770409407126,0,0,0
0.39128281610861626,0.15979295784712597,0.6495630057380313,6,0,2
0.07837209060901895,0.05408778063205954,0.6048864141875362,0,0,0
0.1163066511121059,0.06425424057722663,0.46001000098906836,0,0,0
4.769613262599843,1.5697380660093805,1.4886321504615931,3,4,1
0.2649634155584195,0.1325357551220794,1.105437028836775,4,0,2
4.825004654945639,2.722425143629904,1.3943458655641239,1,2,1
0.2556585852607853,0.1798020517261512,0.7638779321931414,3,0,2
0.3144905934339768,0.10963920017942477,1.0684947703867809,7,0,2
5.056416035571766,2.578401974456736,1.9528640587837893,1,1,1
0.2896697216360591,0.006892962037732819,0.9149705158790669,8,0,2
0.14776526042852556,0.0374023089527238,0.5491412756355527,0,0,0
3.534393795307583,2.046190729499485,1.6258025617384875,3,3,1
0.3248453262952764,0.09729906285157554,0.8597854966083791,8,2,2
3.5981770058437483,5.085522002353085,1.407353712044101,13,1,3
3.573219450312465,1.5244459766287677,1.6802741347246004,2,1,1
4.048700476394901,1.6140548124070226,1.7013778998232063,1,1,1
5.117613329632168,5.219762966323904,1.904972061882913,10,6,3
0.04387275968777931,0.06654230857131536,0.47730575338620757,0,0,0
0.18210075800681846,0.05298726964542378,0.5724591778723123,0,0,0
0.10092169665326967,0.033062980677492707,0.2791719223771748,0,0,0
5.238089860590007,3.6813795426561926,2.867287599432049,9,9,3
0.38822730430340757,0.18303735090793485,0.7952735103998984,0,0,2
5.922279058809535,1.798388661370423,1.7133676724433615,5,1,3
3.5342046845380755,2.679692611615372,1.6770810933225966,1,4,1
3.1045095459548846,3.776411479137436,2.45242197906858,6,2,3
0.10409370696931614,0.05247095391911165,0.3801048602006124,0,0,0
2.89578726585252,4.435295937731324,2.579992131814262,9,5,3
6.528297036135956,4.556147221870629,2.1961701138468865,15,5,3
2.9762407089733167,2.7691328204560177,0.730164184220276,2,2,1
4.7484553474152875,2.5930918997425945,2.0181608798358606,8,4,3
5.495883590699382,2.5894474312541127,2.354345992745864,8,5,3
3.2528283877556006,1.7059234373397156,1.7395514713847007,0,4,1
0.072484742307729,0.013198445109884945,0.5341215842492033,0,0,0
0.10193686714553357,0.05608304799095132,1.183693553305953,5,0,2
2.205417530463754,3.554568054801316,1.8001460890242065,12,3,3
4.098172150334794,2.7321006362617934,0.8558603700101904,1,4,1
5.730840172131125,4.021980262507306,2.6558511094528825,5,6,3
4.590771900614005,5.238783391636352,1.3067235232561343,10,3,3
0.08876172990536582,0.021336963709505764,0.4279029891530104,1,0,0
0.24563069568876156,0.14005759809804505,0.8771350033676804,4,0,2
0.15546216629387208,0.17124060931831364,0.9160604459709955,11,1,2
2.50142961351756,2.2244713590964986,1.2810009985259772,3,1,1
7.0202958249063325,3.3386013895639315,1.6809357771583426,9,6,3
0.09702373219691,0.033913684806800154,0.4220980578480014,0,0,0
0.08253711478407856,0.07662678123976807,0.5320216577948829,0,0,0
4.800625401055958,1.9448176203540701,1.4525041162213865,2,1,1
0.22304974434815328,0.08722173448146141,0.8539927588043166,6,0,2
0.2333081669807251,0.05703903618200279,0.6974380308765338,4,1,2
5.527265657789805,2.9400235452103542,2.962938620117026,8,4,3
4.423044827226762,2.5024651470339414,1.1349643076755747,2,1,1
0.29641383466616994,0.03291473296620251,0.5147607956449769,5,1,2
3.5546117829100705,2.1671377330382606,1.1364695377531908,1,5,1
6.210026156590224,2.585011430960395,1.6587594935370222,7,2,3
2.8883068782982018,1.8276167100631717,1.8257755234520159,2,0,1
4.745041008223256,2.6352646120735717,1.554333686666829,2,3,1
5.114899258786063,3.495231049673068,2.828767579216314,7,1,3
0.2613652372839498,0.13654985863648306,1.009962238275684,2,1,2
2.783605706299254,1.8869123561596195,1.6791168299215622,1,0,1
0.24742951946980168,0.1409478878014029,0.7930893988122634,9,0,2
3.5490947313056713,1.1296496968098322,1.3179523974640803,0,2,1
0.11615396365580147,0.04599294844411672,0.42128259300130033,0,0,0
0.42714747922803775,0.04270609035148124,0.9668906824025438,2,0,2
4.116579352307271,1.7552665023290046,1.2274976244876044,0,3,1
4.737738105749225,1.8713417497053664,1.3352836706523403,3,2,1
2.9088531700743894,3.1312844041676593,1.0535225361530902,1,2,1
0.19665145327439237,0.07269927515075264,0.753859346063389,6,0,2
0.08381921361865735,0.08116045060601304,0.5585089235630857,3,0,2
0.2120603176786301,0.0634387715474419,0.7841542445446383,5,1,2
4.169377679757688,5.815606839697312,1.3257313432912028,8,4,3
3.5678423635713994,3.633882556079318,1.0324151584329264,10,3,3
0.23872979895053548,0.09020820681973296,0.943315447948263,8,2,2
0.13039482548582698,0.06681468964259099,0.5797850701382139,0,0,0
0.4015420414977007,0.08068775242507506,0.9364714025826519,7,0,2
7.855392000569795,2.383933897665246,2.648695203952737,4,5,3
0.14928649978399317,0.04810351537438256,0.4063407993756358,0,0,0
0.06415888396985975,0.0303001374836597,0.423841213496378,0,0,0
0.06070052697460253,0.059287397270931484,0.44057891276183336,0,0,0
6.7297509510325915,3.0801359373340107,2.821990137558294,13,1,3
0.041048010442009876,0.04042482856956623,0.5016124787900472,0,0,0
0.09243633581732442,0.05835361504478802,0.4922505700107012,0,0,0
3.974742104839891,2.2262482280513414,1.7999973015178834,1,1,1
0.3351252629622269,0.03383278339378869,1.0742542792606442,5,0,2
4.549741541525861,3.9847045298126313,1.5287560582333342,11,7,3
5.158270373297339,3.6924410860530217,1.9905967191012703,2,0,3
4.587094226878472,3.283738223988135,2.9034028321220027,7,6,3
2.6061835694183872,1.2713503562080843,1.4390603861029716,2,3,1
3.669831785157733,4.952831195166314,1.696472703367054,8,3,3
0.4267168637088249,0.06097405733434131,0.8856565025647939,5,1,2
0.25040938092140835,0.12630556050325992,0.9962619514885926,5,0,2
0.2639985140174514,0.11509480317207343,0.6167928871107264,6,0,2
4.123235896638818,1.6053238170487114,1.5353532978423903,3,5,1
6.619991417325817,3.32412065524847,0.6730023795439928,12,4,3
3.824345711194924,2.9646349983106415,1.3596228833000257,3,1,1
0.30840648111958524,0.1689161464616289,0.9801535952387375,4,0,2
5.392123066118886,2.617131770764603,3.407811122185997,6,3,3
3.2654209703808124,2.042522930100091,1.6812074540848658,2,4,1
3.146141037179896,2.3353435853631166,1.6429840521059442,1,3,1
0.2569153582384182,0.12324328201150725,0.943631522607611,5,0,2
0.3037780599797499,0.18349960480490093,1.016274133361192,1,0,2
3.799794874163164,2.243656581526658,1.4609958080234606,3,4,1
4.351409936762654,2.0587588095790483,1.9664888183177296,0,2,1
0.0,0.06429219581273236,0.46347590225101537,0,0,0
5.016116180355043,1.689202977414658,1.6477828460439157,1,0,1
0.09878227038695087,0.03068670392953584,0.7492183998600687,0,0,0
1.8119656748023218,1.4017424759245336,1.6345742637755543,1,1,1
3.555170637871464,1.6154188406789247,1.6988981106157799,0,3,1
0.28271035648591913,0.08511964448590391,0.7170990115067362,5,2,2
4.275947614478387,7.443925760015086,1.2376307534216768,15,1,3
0.12385204136115607,0.07623967477147893,0.3491444031787143,0,0,0
2.9454067595674482,2.628439015837461,1.0926903819397344,1,1,1
6.911057316112044,3.7875032887985287,2.3393288166780066,5,8,3
0.2695060441124645,0.09697953526237149,0.9744453760363438,9,0,2
0.3878372969688513,0.09062977326535719,0.8875327113554621,4,0,2
0.36641054995099087,0.0575341497687744,0.8838162025128097,4,0,2
0.4096481557199286,0.07521002343078548,1.0370152533116737,6,1,2
2.4811948024092865,1.5580385250858273,1.6899585536015747,3,2,1
4.584241110856163,3.395947669960348,2.146329567478901,12,6,3
2.413504728555873,2.863426019119932,1.620793368647329,10,5,3
0.3843069301059193,0.1443290282369864,0.737112024397197,6,0,2
1.2823909198479853,1.626107447817009,1.056668367674005,0,2,1
0.32533307601066175,0.05251766810607049,1.1570519617657695,2,0,2
0.3696290548455716,0.0,0.8250819345426772,7,0,2
4.712015248361429,4.052967284985888,2.508713576404768,7,0,3
1.625134344498289,2.3978435100611932,2.166361018281588,2,3,1
0.06698394302632765,0.03692641718725162,0.6210674552542197,0,0,0
6.918185717150802,2.4020977958355894,1.628172132458344,10,0,3
2.1676798217859097,4.229812706685795,1.7292227231776347,10,3,3
0.3244208594887085,0.07495175209327301,1.292940396864433,6,1,2
0.12569539248294576,0.0,0.387015014278144,0,0,0
0.04951346476450313,0.029360895158111303,0.6328166053957333,0,0,0
2.5572247597695252,1.3656244961993584,1.0633579573148053,3,4,1
0.3104186093361577,0.14620472652680364,0.7902451766820653,2,0,2
0.028887314520116295,0.03079907409441073,0.5745150864284817,0,0,0
4.222558280304997,5.387702094638609,3.338924307058294,6,4,3
2.9378376580652725,1.6519414743268492,1.1525994580433303,0,1,1
0.3540136321844865,0.08517418411773375,0.6650990715732652,5,0,2
0.4093894597620588,0.17564926557063434,0.6101195274674283,3,0,2
6.852906365710458,4.705457314449133,1.6327307040598342,7,6,3
3.959349394335934,3.0605590717793647,1.8550792368569151,8,9,3
0.47461053201173237,0.05180559053412798,0.6539356932045661,6,0,2
2.5190532729866306,1.9947217825595733,1.755402636651941,0,4,1
0.0755575289106863,0.08197076224192683,0.5019599616577628,0,0,0
0.3243320691419228,0.1742160920757342,0.9167691660165032,2,0,2
0.0339883396489679,0.06536414433263475,0.5102858577932334,1,0,0
5.281684786466851,1.9582946326267192,1.3533600604947205,1,1,1
0.09620244881787386,0.01737329779165854,0.47532755758855594,0,0,0
0.5114053325351938,0.052171048760771076,0.7520706740690813,13,0,2
4.045213258981923,3.4740224183942874,1.1146570709643244,8,3,3
0.105268775307298,0.060667184894108994,0.6082999938516869,0,0,0
0.13494142101012674,0.033872461417639006,0.4400360005178796,0,0,0
0.18419638457289345,0.05661702609231156,0.5954085102156628,0,0,0
4.56944738812419,1.9737761501754405,1.0663169397670313,0,3,1
0.16321747023827057,0.1893145161943322,0.7269136754800791,6,0,2
0.16521701214390763,0.0380674188277654,0.4988484911923355,1,0,0
0.06746787154390865,0.06113106249067517,0.4516382860444563,0,0,0
0.44926511788340046,0.07774427306745377,0.762808159765861,5,1,2
0.12295900396142184,0.045766660361376464,0.69422455947563,0,0,0
0.37018220302806754,0.18951545823139235,0.4805212111587269,6,0,2
0.4542296978044621,0.15269289843258751,0.6185000278922486,2,2,2
3.58036232596303,2.2698618398691535,1.486936298376336,2,3,1
4.012543628399402,2.034340354825269,1.633462475003137,2,2,1
0.35533517108422114,0.02483303014288331,1.0945493115022418,3,0,2
2.6391041435502833,4.224654489367539,1.4821561578708637,9,1,3
3.618330218898202,3.075155396665606,1.7579085153893297,2,1,1
6.400310746776507,3.130490611785628,1.2789941446420428,7,6,3
3.937506203473036,2.180065475638781,1.7793035564607314,3,0,1
5.277294768030454,2.4558750619861325,1.3390961919130435,0,2,1
2.724393638562397,1.3028511248977912,1.8661429173243222,1,1,1
0.12312956464269756,0.0,0.5769968731335222,0,0,0
0.014632102120352666,0.049273387839153165,0.4530653533573289,0,0,0
7.708192802777721,4.591181878277685,1.6295886104931785,10,3,3
3.2865673029120757,1.6520850268038623,1.7204894447255954,3,3,1
5.617247216768403,3.9979013563878145,2.7866945006207637,5,5,3
7.638888871967853,3.7356943987944415,2.135272623270166,8,7,3
1.6337540651504106,1.8265132734474414,1.0774729847381974,0,1,1
3.124071754528644,2.095961002518057,1.3719058885479714,1,2,1
5.445029747181557,5.13610763519331,2.5365001446158186,7,5,3
2.8715573108446537,2.8175238353097294,1.811651913594628,1,3,1
2.192901655600868,2.0835014608478692,1.509254600116052,2,1,1
2.8218940562658776,4.087898530380983,1.7377751267033452,8,3,3
1.7262248677974814,1.6136815551734498,1.2554066655635678,1,2,1
0.08895152002333885,0.04482291199260337,0.4978755220723758,0,0,0
0.4000548325701538,0.08188435846707967,1.074577705134406,1,1,2
3.420623859979688,1.7016881530082755,1.7556045104725484,2,1,1
0.0890164056081244,0.05744210945213726,0.4006410484405964,0,0,0
0.09739765515234905,0.07517054901409273,0.7956511844433936,2,0,2
0.36568110239757556,0.0680522574598614,0.7823032695817463,5,1,2
3.5052930455701117,2.6315311360624354,2.8335913509746438,11,2,3
3.217875056862265,1.0183206783672398,1.829824680537881,0,2,1
4.514838766731716,4.6091583847706135,2.1702985734621456,8,6,3
0.247175370502018,0.12129306746042162,0.8329974279548367,4,1,2
2.370935578167698,2.5980668585455535,1.6785471971654184,1,1,1
3.379356965870165,1.5758167317884546,0.925109770200688,1,5,1
4.884504962651034,2.073505416806432,1.5021459768292462,1,2,1
2.179685964771366,3.7073129363226798,2.309180570771514,11,3,3
3.0590978113891447,1.4649207682465697,1.0217471024197189,1,6,1
0.37972624384188447,0.042178210144117594,0.9024699134107941,5,0,2
6.936315991330124,3.914784745652657,2.3016140619627237,9,4,3
7.090756540316387,3.6949679248373113,2.086219691015534,7,6,3
0.4776286069327917,0.10208254600803557,1.3228740022601766,6,1,2
6.547256355767891,4.4203290050466535,2.3777189409129686,10,2,3
5.350802237647327,4.458989447007862,1.5438377665078309,7,5,3
0.18861257983348723,0.0653175655896123,0.2325432871845859,0,0,0
5.503724054718843,4.560650220019188,1.4194936395337239,5,4,3
0.16951037745086567,0.03287003525181602,0.3760411987474972,0,0,0
0.18077751510438977,0.17844182240673817,0.8682935299667773,3,0,2
3.3479810943673023,2.575068401839808,0.7552368042267484,3,1,1
0.11224832855543615,0.0795386885223655,0.32980977699816644,0,0,0
0.07767425239664895,0.02966633742847006,0.4364590119771263,0,0,0
0.10872889064159195,0.005888678858018616,0.5046079221633152,1,0,0
3.4138378959005053,2.5308923834791606,1.829226806226812,0,2,1
3.909081702108031,3.9020361033747895,2.072669452540247,8,1,3
4.973555469707685,4.559129736174166,2.73390366320429,6,7,3
0.02371718427149526,0.08846891589649908,0.5402268077201298,0,0,0
0.22911314715618614,0.1415954449994581,0.5924163394091547,5,1,2
4.309863838020217,3.6313483482194386,1.3968896624844716,7,4,3
3.76378314516786,5.549218411968573,1.0894235790273004,9,6,3
0.2974211492513237,0.058810556240730325,0.6975947201171764,6,0,2
7.041569172359395,6.8080045290770705,1.9982558708327312,5,3,3
0.09641993702929681,0.07136758667388032,0.5745360724077876,0,0,0
0.08563137710714602,0.10298522196861852,0.8472401024657656,4,0,2
0.11416439357730712,0.041667493887690754,0.324456210268929,0,0,0
0.4365870433064848,0.07160446617433944,0.5259754987685876,7,2,2
5.387008946851081,4.7277073002629875,2.3089220416714173,7,4,3
0.25339519799902843,0.06557418192739718,0.33825172025644756,6,1,2
0.09903698101328028,0.032253410822884576,0.4522160149296209,0,0,0
2.2991810001649595,2.5660484404173447,1.5158818404704404,1,0,1
5.687802982029751,4.454865905316142,2.250500334132541,10,6,3
0.3730602779112424,0.24487694950609673,0.5894027787251108,1,0,2
3.06494739976414,2.057576157220238,1.9112888280387879,3,3,1
0.28327133228488877,0.15006409650333963,0.5655424859698426,6,0,2
0.14371945903563638,0.05720328367891534,0.4972615679596256,1,0,0
4.812511836689518,4.509375784332922,2.1723797824287927,5,6,3
6.4517141779539955,2.968723276671427,1.934156749672189,4,1,3
0.23254334427484497,0.1358530076127699,0.8898441957457704,4,0,2
0.13417846616002388,0.06062052189788421,0.4497131246329044,0,0,0
0.37467647387602365,0.09629168977193914,0.709860764036162,6,0,2
5.558247856792758,4.45706723130558,2.781489408756204,10,3,3
0.056516845936265284,0.0827013278905504,0.5102645528539664,0,0,0
4.912511995005866,3.32572577272607,2.5349574909750157,6,5,3
5.482885644397481,4.13767592283588,1.7848556987708348,7,4,3
3.2143134519077363,2.164816766403896,1.3054755573123562,2,0,1
0.2054593360804829,0.1251399598405553,0.5814074417389452,5,1,2
0.11161268485805018,0.07061161171248115,0.4470798990188487,0,0,0
0.127989522396552,0.018770135551162814,0.4861917665338518,0,0,0
0.2857706556990328,0.08738550698566011,0.5660277787335563,3,0,2
0.10001035324590986,0.0479904855885659,0.5012169682282905,0,0,0
0.14115852919809574,0.06903099541148086,0.7084712921231016,0,0,0
0.090855177944758,0.019995562771061282,0.37105194127903124,0,0,0
0.3548028612087926,0.12615863824945747,0.7320017778409879,9,2,2
0.15743186747143578,0.03603600650777901,0.5245038664315406,0,0,0
0.08959388748213624,0.061900589316711295,0.6573734216555106,0,0,0
0.16960011431723,0.042129402880605425,0.4694555297558318,0,0,0
3.3305694877984156,2.4133666209683486,2.1676431291680425,7,2,3
0.3416430500405491,0.11949887050696983,1.0237207154801782,7,0,2
0.09261987068506657,0.0,0.6255349780288475,0,0,0
2.132673538715044,1.8761464007827513,1.4750458019686774,1,1,1
0.29656376283080205,0.044820052040704786,0.8170049180566056,5,0,2
4.195695156891263,5.106616584483342,1.576880597818079,9,4,3
0.15236588533107243,0.08327465664286948,0.45716817422022443,0,0,0
4.277842364314442,5.290136887329083,1.9006936781368997,6,10,3
3.762016574358476,1.823104634428843,1.062817902540164,0,1,1
0.46004017554481236,0.12044270928108397,0.9200254344702438,4,1,2
3.8420994815573817,2.1372300888069207,1.5217081169725153,0,1,1
4.187902082892398,2.0312158516637213,1.3883044939288547,3,0,1
2.274107736560054,2.115759386023231,1.7891213631519323,2,4,1
3.3070186322393105,1.5730398512396409,1.4876157679822888,3,0,1
0.18895454690005356,0.047345862756212775,0.3709727511813638,5,0,2
4.722039642615023,4.210202317595165,1.13117299290161,8,6,3
4.30954188825294,1.3217274738567304,1.5126117110991693,2,3,1
0.38201972453763017,0.1113638706339799,0.25905909591501497,1,0,2
3.1016729871183717,2.4170277259246844,1.6203174923080899,1,6,1
0.10616024033922429,0.027575125198112168,0.6650572963232848,0,0,0
0.2058314023705397,0.14766891694008386,0.9416937156003848,10,1,2
4.350267925538967,3.220908351915098,2.7450323162365864,8,2,3
3.58872894484192,4.496311787363028,2.37795084276369,7,2,3
6.241866680350659,3.4588839168763648,2.7462635533215005,6,6,3
0.08039936800404353,0.05958721906858845,0.6419455680797839,0,0,0
3.0333810318243546,2.441812274485486,1.3547941130411165,1,0,1
3.132885829927689,0.7249868542418267,2.0190350307626517,1,2,1
0.1867981901582625,0.05869540129113783,0.5479003143392759,0,0,0
0.005907547725118048,0.05383795471746072,0.44349395264488073,0,0,0
5.585697068418995,3.425062407089115,1.9055672042561689,10,4,3
0.13348362744150194,0.027046172203686655,0.4778111728707731,0,0,0
4.304042903661894,6.995808233470321,2.209307241948291,10,5,3
0.08749767427005237,0.0435186364958206,0.4707314541024723,0,0,0
4.459511113976169,3.499198365091983,1.5466011358656004,11,4,3
0.11692482037472071,0.07401063316947745,0.6900268424310965,0,0,0
0.32958119354084625,0.07857649558266924,0.6238785748917668,7,0,2
0.2566107181834042,0.07071221436163974,0.7474814199860944,5,0,2
3.429523928432636,5.203232781926264,2.278926497708544,13,4,3
4.355880439095127,2.88226411623729,2.050246759351586,4,8,3
0.1218469084873175,0.06957779117113559,0.4856340470102882,0,0,0
0.129427663488536,0.040341803210789645,0.2974960086323827,0,0,0
0.11836436567006704,0.05553163011182098,0.39551636860969286,0,0,0
0.3279841304907102,0.12096085065398846,0.7568915358162175,6,0,2
0.3731483021198599,0.047522036682069536,0.7016399977238778,7,0,2
0.23961613730771086,0.06858120120453598,0.9764573411886188,7,0,2
4.135245536603957,2.2868284816383575,1.3821468327698379,2,0,1
0.17279176456961579,0.06397020440918334,0.6542832220490401,7,0,2
3.6779083914116546,1.6466284091788235,1.730115065547813,1,2,1
0.0904830660958196,0.025164788490367514,0.43483248778435846,0,0,0
2.9488837599593714,2.3565129252164745,1.5670798363337717,2,2,1
0.09241074524822084,0.03460007867605086,0.37831032896598327,0,0,0
4.598064225729745,4.2536520310861015,1.39785813724035,8,5,3
0.2552325634043604,0.08164422575167385,0.8163821826795036,2,0,2
0.25970601508607266,0.12289165244611236,0.6596101579837386,4,1,2
0.03804464621730496,0.009653224037551776,0.44720059782343863,0,0,0
3.1801677358719207,1.839626814260577,1.916640031085873,3,6,1
0.037423028790477805,0.0474469063696362,0.42834265115758946,0,0,0
0.25048423519120744,0.09323666599125227,0.574733593182404,7,0,2
6.699261301562616,4.799905605065231,2.1145719225521233,6,3,3
3.6713540923811068,3.6588975549495784,2.09661730328669,8,6,3
0.4717947359879645,0.06944474589727512,0.8457997929358304,5,0,2
5.049463351246499,4.430817311436747,1.9027784276588924,9,2,3
0.569482233219551,0.12409824942228798,0.9206777686529628,3,0,2
0.2936979761701533,0.11677468260746952,0.5701408789914116,5,0,2
0.15633525684137917,0.05064814026680273,0.41940082689405844,0,0,0
0.0257219813481514,0.05832892076202906,0.5684163208608954,0,0,0
3.8311771986346166,4.733285155780188,1.8061569464105744,6,4,3
3.679124893043182,4.79811154544036,2.1624104223024525,5,3,3
0.1481366950996924,0.2329720129027091,0.6610663624478796,2,0,2
0.15037568449184613,0.05038688141623509,0.5662262982159619,0,0,0
6.995585211215282,4.808745537270789,2.448510221785286,11,6,3
6.056902635238819,4.592013332328891,1.8697834944874956,7,1,3
0.40446044599494296,0.08597196038398244,0.7669344561340853,4,0,2
0.34056895270580884,0.08280484694778453,0.558145791700608,2,0,2
3.7944189776840482,1.6977430697201026,1.694511833312937,2,3,1
0.01784055944229164,0.04541235336289066,0.4262263295315159,1,0,0
6.384265366857383,3.766763811650945,2.331563555474824,6,4,3
0.31333835084865846,0.09096733580077125,1.041664166907959,5,1,2
1.9004109178703317,4.429719091217137,2.2226024811717173,9,2,3
4.906242395216068,3.5351590320432806,1.8153430045272385,6,2,3
7.2862626273017455,3.0962738057863968,2.0017159354075176,11,4,3
5.184223207437171,5.468431918166625,2.1111501094367573,5,4,3
0.0845226780343005,0.012399799321844727,0.5523960512076734,0,0,0
0.34439167958548267,0.07397014593176382,1.1609461226792108,3,0,2
5.116521654513749,0.9908829442844018,1.5302411611379323,1,6,1
0.31979721251528703,0.1373440046986179,0.5824794356464896,7,0,2
0.29361954422725556,0.09689558792717015,0.7667891234902263,2,0,2
0.3461155200633415,0.0,1.2163503224973347,5,0,2
0.06081171672068018,0.04228654738044304,0.623718080028901,0,0,0
3.8090544381042877,1.5488808986426168,1.703109140940242,2,5,1
4.637933835469271,5.859363183742259,2.8368395584377337,8,2,3
4.359414254759453,2.5620479473508126,1.6988035073058494,3,4,1
4.465176706684037,3.89829921947485,2.3217914723643935,5,3,3
0.33516188365547245,0.15260906313031813,0.7524272666228482,1,0,2
0.16805967804985775,0.12206612011822031,0.8878397319501838,6,0,2
0.15962537562389875,0.05499096379196154,0.4343375929200295,0,0,0
0.04644731601754756,0.057684041440117934,0.6359297599364806,1,0,0
0.0,0.037862696442856496,0.40912303291920266,0,0,0
0.331083222911616,0.06964768491368895,0.9515275779034997,1,0,2
2.2185090271311756,2.569455305740024,1.456942599173113,1,2,1
4.700488670863124,3.41719067409158,1.27171879125246,9,4,3
0.10190017390841002,0.04604124542030637,0.6071515935581039,0,0,0
0.1029104359223,0.06244139980612098,0.41535656985410213,0,0,0
2.7262194211093425,2.227587834934412,1.5335082390320025,2,0,1
0.1540390362777311,0.08006839656857999,0.5591136117923933,1,0,0
0.16408218975018846,0.054921672306328176,0.4145506537261946,0,0,0
6.616569347741729,5.039957363140607,1.9465662145446732,3,2,3
0.15195558937101344,0.049837735967764994,0.567513705640692,0,0,0
0.284827674709598,0.1460129380485053,0.8618820641431877,4,0,2
0.12962634746005916,0.0572129578287159,0.4641920553820681,0,0,0
0.3081637037719547,0.11472641625046147,0.8228067776888822,5,0,2
7.6420357399406,3.4817140852272264,2.109859924229267,6,7,3
0.2090630683289183,0.12445621808799674,0.9135914865533168,6,0,2
0.10346721685181252,0.06207581040555789,0.6365526462526265,0,0,0
2.003146495496272,3.7400975420598246,2.648374845836997,8,4,3
8.669750328082236,5.914875549226965,1.6675027729221235,5,3,3
0.38671911257613156,0.09599533032532823,1.1017011060024602,7,0,2
0.33977449654468617,0.13843683257951095,0.6377956478882059,5,0,2
3.7452917426369354,2.266813212408238,1.329388288020884,2,1,1
0.2044769360847387,0.030746979761620476,0.5359680847686321,0,0,0
5.77513848106992,2.3688731242158836,2.55993317558075,12,5,3
0.23558833395139028,0.1273464005555187,0.6613577512542208,8,0,2
3.3421381999242943,4.533527233427868,1.6458127093770598,5,3,3
5.509608479296714,2.1886842243989912,1.9459434215071523,7,0,3
0.3577044082566334,0.0,0.8633918282037528,8,1,2
6.782752457665161,3.0308747360238453,1.7865994473420024,6,4,3
0.20175160966638178,0.024029042683115967,0.8744881425621656,4,2,2
4.3416322557650755,3.009599626355632,1.451571630590155,0,0,1
0.07286631001329892,0.06217810712509264,0.3714000293483506,0,0,0
0.4271388556958694,0.06121516759493861,0.8431060683888846,7,2,2
5.200628178796818,2.824445335152461,1.844617292545875,6,7,3
0.30214602600249774,0.08195693494923326,0.6947008851789575,4,1,2
0.18447096569407867,0.06577688993753818,0.6180000794772762,4,1,2
0.07868212018972284,0.04090410565244615,0.35612798989431305,0,0,0
2.4873144366315074,2.266990398709332,1.168599493169368,3,2,1
0.07266599577063673,0.029451928969479783,0.4890135876898064,0,0,0
3.405727282769034,2.5107290520076884,1.1375422624925884,1,2,1
0.15700745192606333,0.040573685576977644,0.3660510633471341,0,0,0
5.40364641437748,4.798055528130552,1.5557135654604122,6,6,3
0.14656400595580993,0.06069258172244871,0.3878469852574973,0,0,0
5.872819395127288,3.9657376108803395,1.9342307405639618,6,6,3
7.6526243677267285,3.8774690062587696,1.1165489379327131,6,4,3
0.18162056519658176,0.04932774870592574,0.6092106783982426,0,0,0
0.19270462831670943,0.04823817511941854,0.533935581275622,0,0,0
0.4336019686758315,0.04171284735945189,0.6299212005610132,5,0,2
4.772194763391175,4.585388789374663,2.441903252087528,8,3,3
2.272465777716304,4.252379802631287,1.9257201739604404,11,6,3
0.17993235852523587,0.03071599857153511,0.3874345032199415,0,0,0
0.06811300078743421,0.06357862580118556,0.40785489765710786,0,0,0
3.7650806675373705,4.428062327111349,2.3836970161614817,9,7,3
0.4595975240149259,0.0672324549192381,0.868875772946362,8,0,2
0.028086101084131662,0.04725378068422241,0.5192651532648025,0,0,0
7.771048254051445,3.2234873136774267,1.885413232564948,6,7,3
6.365721581851503,4.21712433795294,1.9551942127302895,3,5,3
0.3253403665216267,0.06293771575096645,0.14959411346568263,5,0,2
0.37198805836570015,0.11462437397924985,0.7936167400386976,6,1,2
0.13710637455359462,0.04426411528523462,0.4804527356414026,0,0,0
4.771189871510459,3.73002904168477,2.132073186575042,10,4,3
0.12127287808924825,0.0,0.6623256690528054,1,0,0
0.11219003568855995,0.024233847650729248,0.6244565160355255,0,0,0
0.044839581713915846,0.059249672481337085,0.6500843030280379,0,0,0
0.02517353724549605,0.038611004510157795,0.3692223434852339,0,0,0
0.12682549217852018,0.032144249690162316,0.3052657525859186,0,0,0
4.460613232503485,0.8928659070577243,1.8472265837981476,2,3,1
0.3779434072024829,0.13487737674392825,0.7622135492122067,4,1,2
0.11737908526808356,0.07499237810593334,0.4769413601476387,0,0,0
3.0340490219279492,2.4190886097997186,1.8442561849896726,2,3,1
0.13859773274375906,0.16880196976990963,0.6331834736014726,7,0,2
0.32913104562857903,0.14677273506173105,0.7353713042755066,4,0,2
0.15151417270159212,0.03608610245605872,0.46896090086224346,0,0,0
2.5378587718096153,2.5392130972364733,1.8008429255865421,2,3,1
2.014171721117963,3.593141264817164,1.8438766069290038,10,6,3
5.15886969445533,1.4322838454847155,1.4024710585587223,1,4,1
0.10069646459564732,0.025251467235548553,0.6010274586836015,1,0,0
5.735221345891356,3.986089046242969,2.8541167531201395,10,1,3
0.059037107013925116,0.043990681025585926,0.3273989381333233,0,0,0
4.291497435972957,2.408767254922649,1.844843118248559,4,3,1
4.406784266675429,2.0420050954621756,1.6198640523047116,3,2,1
0.4743439820030832,0.06800360738359915,0.7014514820668636,6,0,2
0.34519549545219486,0.09546339547264301,0.9298830463651009,12,0,2
2.5498954308543507,2.742608292073559,1.3421503886819437,3,3,1
0.1702158900092667,0.13721109495634642,0.42442687872528295,6,1,2
4.884741737879851,4.990576380843674,1.7687276609051314,10,5,3
0.35112357322611426,0.1587717878298292,0.945241684341192,3,0,2
0.057507781526760414,0.07437941579587326,0.2260859793862527,0,0,0
2.6417839682283732,2.4291866159860636,1.680371036445502,1,1,1
0.3073895550103604,0.07578596350807654,0.8344011654403043,0,0,2
6.2449887559260135,4.31615501912221,1.6118932427505472,11,6,3
0.4055633756839825,0.10208505024645621,0.8672842325939789,5,0,2
0.19777014859661574,0.06508722931251099,0.7845748245091835,3,1,2
5.080339770822969,1.8006491087584053,1.7171991097205712,3,2,1
0.30461623717780206,0.12713862080860563,1.0590226611693552,10,0,2
0.11041914039737763,0.04345965364780458,0.5537768190368484,0,0,0
0.16230425962488146,0.03108507878606438,0.7497415126419854,0,0,0
0.17888544441086118,1.0000067198448543,1.3704746474906617,1,4,1
0.2810699530430494,0.08520380238133902,0.7495208261238785,9,0,2
3.7808911266011713,2.6394368823501875,1.421463697912771,1,2,1
5.601859584958444,3.5787212202953977,1.7338636185186604,5,4,3
4.974482007378255,1.6976595749362946,0.9695209471495542,2,2,1
4.231584886997211,3.337518041605799,2.062886082369552,9,3,3
5.56144199599694,4.029987001446467,2.3575574558827173,10,4,3
0.0,0.026857667625734584,0.5094527567588468,0,0,0
0.34400965134003775,0.10443517915538693,0.908419971928578,3,0,2
0.37499947052911514,0.14404387355228515,1.0722149951472968,5,0,2
0.33806965302297803,0.1325467838693255,1.0174001773559656,8,0,2
0.12478409439863024,0.057916395621918464,0.41270110331106474,0,0,0
3.7514936699419916,1.227772545458223,1.2095749232538515,0,1,1
0.15079137429094178,0.08012753506052975,0.973862949926811,3,1,2
0.10015230100767072,0.0358042201553293,0.48863333109185647,0,0,0
3.585128669860103,5.786841059104194,2.4781300397791455,7,3,3
3.0355982185900894,2.130759298362915,1.210602723331483,1,6,1
2.9887418943245008,4.394794403934254,2.0956065103642207,5,2,3
0.07301201598453193,0.06558698007810665,0.5135859424081657,1,0,0
0.31217791274605383,0.10779453141907938,0.9258996448161751,3,0,2
2.3372895606722386,2.0740287069454073,1.6875685412619306,1,5,1
3.6936617645167993,2.0211315324824897,1.805338790710788,2,2,1
3.199430609414751,2.7416294424282954,1.0199432139713522,2,2,1
5.157345676793342,3.193391052952284,2.3869179083337007,6,2,3
3.239391667666042,1.7278558534222572,1.7384778053021834,1,3,1
2.6621769388322183,1.9086407690928362,2.092711530369022,2,2,1
3.008233387343797,1.1739488341535327,1.6040347663782588,2,4,1
3.9728150699278326,1.9391313731081872,1.635464247371852,1,5,1
3.472785867622143,1.5596967701091753,1.6071487757103813,6,1,1
3.5927430657795525,2.4162002692952798,1.199958323628013,1,1,1
2.885055897483957,1.8820642677331614,0.9830861912126306,0,2,1
4.141879061477769,2.002728922140657,1.258977162062269,2,5,1
0.38059483887390205,0.15040554810037624,0.9929083146273343,5,0,2
5.241250188032749,2.9816029940293376,0.5597756629401089,7,6,3
0.2568874266829997,0.023337432904443872,0.6806089117836962,0,0,0
0.1088410436069699,0.02964471381846094,0.557404193088403,0,0,0
0.04640713834799223,0.07582547678031758,0.4936254714496034,0,0,0
0.4135874277014973,0.07351770422990914,0.7335920499259816,9,0,2
2.739399335574861,1.9230956110594823,1.6226054286826226,1,2,1
0.12120829732009583,0.00566362321291871,0.5963925423055572,0,0,0
0.25473020744085667,0.1424745302523093,0.792580206040441,6,1,2
2.363624833296143,1.8110051270073912,1.3146611179556915,1,1,1
0.4286430463061484,0.1036896084949064,0.40152159722862396,11,0,2
0.3064363826867078,0.08591218338973292,0.8879410268108807,4,1,2
0.12568000532848583,0.06033893031496742,0.40490466169055284,0,0,0
0.38962785583732784,0.12209527270179182,0.8995865531204202,3,0,2
2.984530726916141,2.0508038593450055,1.9175974728543994,0,1,1
3.6339418829520134,1.8692163883867323,1.7643040041495608,0,5,1
7.522219564785661,2.5531774391985658,2.2243243130173878,4,3,3
3.8140226024861144,2.4729704803197188,1.0601885395653383,3,3,1
3.711140597085378,5.131970031722242,1.6372299093269835,7,5,3
0.11445843219539091,0.04431230700786982,0.7927270092473331,0,0,0
0.3391015834843584,0.13593756215534153,0.626001637720232,7,3,2
0.1808606287484312,0.08208678216617193,0.5698953071717421,0,0,0
6.205412767406415,3.7604935619084743,1.4469102292454803,10,7,3
1.7109876094985588,1.0570676910678953,2.005519303599955,1,4,1
5.1853455867930744,3.6380657345128626,1.9945642855924532,11,2,3
0.3227639399246818,0.12582219952377954,1.1462504618581129,4,1,2
0.11598909670712686,0.0711473661075645,0.5957537163279767,0,0,0
3.78191802075105,1.686269416762149,1.6234080832709123,1,3,1
6.114265271561024,4.881787271425926,1.5100827362334832,5,3,3
0.11465362366493406,0.03684330892295726,0.4130713013011356,0,0,0
0.3490469894450105,0.08833807639157444,0.5192319962896008,3,0,2
3.6778297997054343,2.9944423193774266,1.2123257729982035,2,2,1
0.3470118682789568,0.05380514233683656,0.9234218462728699,6,0,2
0.019677683987121372,0.06464984205559604,0.5082772903785425,1,0,0
3.2236647049557825,2.266662515307174,1.6993657243182547,2,1,1
3.127935674668674,0.8207679288962675,1.159405115628368,3,4,1
3.2707096028976568,3.9290061201211754,2.465282505669303,13,1,3
0.1091679959889578,0.04609219297645952,0.35008187980423017,0,0,0
0.17013971554680496,0.05167653255858722,0.4742379514489006,0,0,0
0.31037682496719987,0.10633724330754077,0.7435396773007705,3,1,2
0.05803951663304968,0.017768652817943445,0.5137661940868046,0,0,0
0.10751968932381038,0.04000539647696739,0.5023195978557374,0,0,0
0.26743456748756644,2.4322923958758853,1.9635679337654457,0,5,1
1.7953780418228842,2.376023191809415,1.4356492299527341,1,2,1
3.5178322545297576,1.4324939509069656,1.022397462864405,2,3,1
5.9398744669855015,1.7798371576619048,1.2683240787350414,2,3,1
5.812163365729591,4.1250647326943,1.4453469087972337,10,4,3
0.5530957807159855,1.6478198378895592,0.9901711441177445,2,4,1
8.195354125998165,3.5348231301331614,2.345237617839623,4,7,3
0.048531424590896426,0.04048409111990198,0.42403269822474465,0,0,0
0.49765766673236167,0.043212855355246466,0.8256950796488562,7,0,2
4.845424164735412,2.6752955494689057,2.0857791802726795,6,5,3
2.4106573622878935,2.584361397115618,1.5727388915168132,0,3,1
4.655557198113947,2.8862992109043635,2.370924159411327,4,3,3
0.2642566157502655,0.06864469460206146,0.8561794874150617,9,0,2
0.31421161695657773,0.00999715941100772,0.6745939089620963,4,0,2
5.603454325161621,2.535751734319217,1.6703992197510786,5,4,3
4.05539886065174,1.705654150265363,1.1353370363846829,3,9,1
0.12882784815278833,0.07527413355309337,0.48166992904738026,0,0,0
0.022170905067012442,0.03336090165011098,0.37216473711976755,0,0,0
7.277114156951993,4.562626086708707,1.8062414703909053,8,4,3
0.21654703499081257,0.10751619432976105,0.7976243763368261,5,0,2
0.14671599556196369,0.040741209759494836,0.6272714733971265,0,0,0
7.709482832093896,4.172746716762468,2.1742264223923042,10,4,3
3.061572632784727,2.262115089976015,0.6372679717115175,4,0,1
0.5415849787083634,0.12929457156849067,0.5369740516987429,5,1,2
3.531408029071841,4.715515666115927,1.5121479677894034,13,3,3
2.660391627959328,1.114471598831409,1.5060089246473043,4,1,1
0.07168511351986141,0.06395806545078056,0.49857296470506113,1,0,0
4.998830993225843,4.278908198791063,2.1768763804885674,8,4,3
0.3488371112247357,0.1680855728112999,0.8605308861288545,5,0,2
0.10370473902098877,0.07945341351501964,0.43870167287293105,0,0,0
4.3445931716524715,3.7126567600024716,2.495917745404826,7,3,3
0.11317436076655299,0.07080123639805153,0.6502734326305588,0,0,0
0.10301151049705133,0.04597016932104964,0.4960105616248288,0,0,0
4.310758167835615,4.063433052142923,2.6580191593143225,7,9,3
0.35411596362978964,0.19362100524168827,0.5772074870349637,2,0,2
3.977083645714795,3.6726256737500007,1.3541786799197666,11,7,3
3.4137254265243047,4.128416433730568,1.938829127167703,10,3,3
0.4065965068325379,0.12374633345324546,0.5765680786364709,4,1,2
0.3975599498192838,0.03050582889639286,0.9270334074197095,5,1,2
4.640401695263023,3.507824283649286,1.396152321585063,7,8,3
4.776263987873555,1.6077165036987386,1.0655625674169396,2,3,1
3.7269319438002477,1.2296210958423188,0.8319715425128321,3,3,1
0.3551369150320208,0.023965322059760277,0.8440818430119235,8,0,2
0.1797351734863856,0.07903139065416316,0.9573684497695452,6,0,2
4.445497304659395,2.9144873781271765,1.4469299728527472,2,3,1
0.10141591880652306,0.026932989788080813,0.5510124361250075,0,0,0
3.4024061098455856,1.7746077534532674,1.5256431751044892,1,1,1
3.1729265691362136,1.6704701547427296,1.5750443148106068,1,3,1
0.3049249935919674,0.09677753605809214,0.9261061632650951,6,0,2
3.7809284969478263,1.6165652374410442,1.5968011892226035,2,1,1
3.422077264321484,2.3238029912835354,1.5377771461456367,2,1,1
0.31039799240090893,0.09544125454621157,1.0526749631193437,2,0,2
6.572186690871641,6.027972512889406,1.9296810543755423,7,7,3
0.2044187352390364,0.09099624191571853,0.3866578981707377,1,0,0
0.2960780722953096,0.10425230239142927,1.1074525548606353,6,0,2
3.53350529715315,5.7614193718475555,1.475978124523958,7,6,3
4.8461034238624805,1.3477255502079453,1.418764050906281,0,3,1
0.2366986177686236,0.05518131742966214,0.8496011076658214,8,1,2
6.170994646723708,3.461680947127942,2.6134284626768904,9,2,3
2.667523378276611,2.122638466108804,1.2689319050669574,1,2,1
0.10567586726256241,0.06749034148265046,0.43589187334616447,0,0,0
4.403192500913939,5.4315228646824005,1.9451297393075484,12,3,3
0.026070687711007928,0.05468048908706296,0.365182295457251,0,0,0
0.18484806431255668,0.12020578554932597,0.614203588235941,6,0,2
0.1337409746083302,0.04514637446375934,0.38034420713833134,0,0,0
2.869136489316591,1.7123456957991032,2.064486386807331,3,1,1
0.1157123666297637,0.0056139925450493025,0.704217791053473,0,0,0
0.36774129847324794,0.07284133917615884,0.7689266053288994,4,0,2
0.10973680973593875,0.06088440704680694,0.6164060152585937,0,0,0
0.0989316352825782,0.06499800478847421,0.4697114756201007,0,0,0
0.13873170267146684,0.062454224478005374,0.7022590230569481,0,0,0
4.851288753329868,3.8076637394975714,2.2897476096495173,5,3,3
4.091611303872803,3.2865081054103853,2.116225023406333,7,0,3
3.954875800663843,2.091293902107168,1.7139894529861897,1,3,1
3.7377317279059863,1.913686823495761,1.7970898641298572,2,0,1
0.07584694741582804,0.05088717595031214,0.544166256418606,0,0,0
0.13731267830136104,0.05252355807323934,0.21004861201315178,0,0,0
0.2766797969940818,0.073327986491814,0.680170180479475,4,1,2
0.36641932702735924,0.06652482200365871,0.5004347940676268,2,1,2
3.8001741691770747,5.353943416691179,2.1992522080154506,6,4,3
6.27358407182453,3.745099803351426,2.152901963145279,8,1,3
0.3159111966160305,0.08690076254129347,0.7278559136169482,7,1,2
2.0228355836876184,2.3271778452981087,1.2783854203372842,1,1,1
2.6783191736949776,1.492541714600458,1.0378701848627112,1,1,1
0.2687586436168888,0.0989090601565037,0.7606559149298611,7,0,2
0.16085792604127483,0.049814228768643685,0.5030476413920629,0,0,0
0.324275773589377,0.150793796919111,0.3917698108679189,7,0,2
0.06554060909552162,0.015047269803434772,0.6094179547521476,0,0,0
3.7387379252913564,1.5198234739289431,1.6688159580246238,1,3,1
0.13905858565825366,0.04691547878459841,0.7224449232897214,8,0,2
3.76697578312756,2.5835979916795475,1.5579152408874344,1,1,1
0.1766716850648163,0.0633073787006566,0.5686857911012256,0,0,0
4.202481146315311,3.7182612138107256,2.1394499105856206,13,8,3
4.922842185018253,3.739311042463817,2.150142699993936,6,8,3
0.13279503882648805,0.07589971169633912,0.6912005469052698,0,0,0
5.382185190337703,6.390019912542693,2.2474277604771657,5,3,3
4.606461770812071,1.2606632018448514,1.4534813865904566,0,2,1
0.3170106478657343,0.11147323150398311,1.0057626648076132,5,0,2
6.147290506248282,5.157526681568763,2.1757904076385115,7,3,3
0.1489429025390898,0.04200243522663257,0.43582728563478706,0,0,0
0.19062242789984646,0.06292979075451542,0.33766174700587565,1,0,0
4.3255570748695655,2.347583008809128,1.4752229023750463,1,3,1
0.4476693430745984,0.09913869086118281,0.9782596942857192,7,0,2
5.694683621775482,3.681425030756044,2.1672570538814986,8,2,3
0.27912132432620623,0.18177998650510474,1.2223564701263283,2,0,2
1.9295249546320294,1.141751211428067,2.1237470095400415,1,0,1
3.750951020712043,1.9774777607724232,1.5990449848175816,0,0,1
0.0,0.07606556074632127,0.46849180720910766,0,0,0
4.69369711814945,2.347462811322348,2.063592070670254,5,5,3
0.3361037419844762,0.09250062643236276,0.7594178715657952,5,2,2
0.10285065624485423,0.04825129342445638,0.3715612963927486,1,0,0
4.8918029685168944,3.250309440894436,1.6202679496328458,8,7,3
2.3835491448159525,2.1335681482308653,1.656965703353081,4,6,1
0.18388504070382206,0.04084303227635022,0.4368597444433442,0,0,0
3.920981349278329,1.4910159528017979,2.5829558792675504,5,6,3
0.2597126164597626,0.08958169935416573,0.9544948024054098,1,0,2
5.051459457344176,4.180132883502391,1.5380605081681893,8,3,3
1.4799435854767746,2.082512631219356,0.6726439111357897,2,1,1
1.3265769734982422,5.168871381999757,0.2599292944809397,10,3,3
3.603117582445637,3.2516189025347444,0.8568099505134018,3,2,1
7.70493040927497,3.664592420656981,2.32999067318337,9,5,3
4.526087440960004,2.0702334878674282,1.5056388575956476,0,4,1
0.39559665262067467,0.040690379213058715,0.6566547521872044,7,1,2
3.9484132494791098,2.7639907868197557,1.3935958920207725,1,2,1
0.13416644964055346,0.04411088484823932,0.4578643192229558,0,0,0
1.8277056049388323,4.619926189182829,1.980904771966485,11,5,3
4.028634815334559,2.0768245646483097,1.5147892275651476,1,2,1
3.246913158985889,1.8949221979045627,1.6562033301240222,1,3,1
0.18290691845783502,0.15117877977841268,0.4237925904265029,5,0,2
5.8011971670742986,3.0507161125318096,1.6078878927970712,8,2,3
5.057160889698659,2.6123193656075876,1.3382061229167064,3,2,1
0.1170575987408322,0.03922316287614524,0.40048260401007624,0,0,0
1.8503800815174851,5.963588906008643,1.2173881598900622,8,5,3
0.33936254146418554,0.12418531473223127,0.2085936498042238,9,0,2
2.81984763424818,1.9168789638395847,1.6283513581608131,2,1,1
4.671119064737571,2.4402432301120656,2.227623777541168,2,0,1
0.2035092744590593,0.08239492504786051,0.8644284935157969,3,2,2
0.08286427417366153,0.037292752223487415,0.5248325142515882,0,0,0
3.4185440122221205,1.4743354909883606,1.5603142992845083,2,2,1
0.12876025080532832,0.0518595849305882,0.5301407069781118,0,0,0
3.790037803053902,1.828502887198884,1.2025673146811529,2,6,1
3.013368811810731,1.8549847992669037,1.5053917738104925,1,2,1
0.42840533990474366,0.1079571839203792,0.8238744653327928,5,0,2
5.522174100087378,1.6854001965148382,1.27548504579269,2,2,1
0.06731168306755901,0.0559315387706061,0.4331545089146822,0,0,0
0.36966765747648955,0.010790261398466117,0.8852833374888605,5,1,2
7.4071773288003735,3.5695764545206523,1.8854183646245235,3,4,3
0.13365906756349794,0.05372832339488093,0.5124175684744613,0,0,0
1.5871486466521707,2.357955208064405,1.437533187116174,2,1,1
3.996248566245428,1.6759337830561112,1.2531154122412929,0,2,1
4.8434023836529505,5.524734701614229,0.9380476616074529,9,4,3
2.9507613466874245,1.9823415702025522,1.4698220683865377,1,1,1
0.1745363068424976,0.02154050149476654,0.4711424882845899,0,0,0
2.390249872111726,2.3280581009301353,1.4872654412964732,0,3,1
2.6773829227566046,4.1498925955005905,2.740242387191718,11,5,3
0.5862077893122815,0.08938477292117003,0.7204400293185503,4,1,2
0.031509851021046115,0.03343607454069531,0.4636426705084971,0,0,0
5.129318517441612,1.7255974886114158,1.131248689944505,0,0,1
0.06501202025670189,0.21778144845442368,1.149450161726103,3,0,2
0.1112342362875943,0.054857640263005505,0.570314019723605,0,0,0
0.2382503624336022,0.028189403723544657,0.8730480550036638,5,0,2
1.7968140810344977,4.552041544346947,1.5446782051430392,4,2,3
5.7999691243864735,2.0330471231494878,2.0774515086239598,2,3,1
1.8617543409054664,1.5806881632002345,1.3139207109996964,0,2,1
2.791221797278502,1.6876137086111922,1.9598934742593253,0,6,1
0.48181062078919906,0.13327093501482085,0.6018494382278711,6,0,2
3.5736166673555387,4.206522913840251,2.098644893747194,7,5,3
4.422481170233109,1.8136121027676235,1.4269556791101299,0,1,1
10.108465687416558,3.479209074405861,3.14052471869483,10,4,3
5.914295012707811,3.4173862518144684,2.4293731047724316,15,7,3
0.09237650818097282,0.04346607573627272,0.5185837628902753,0,0,0
0.5047826579655743,0.08748578046139568,0.8695200953865266,4,2,2
0.09507059338578691,0.0839887196601742,0.4827154325185889,0,0,0
1.9207161930441945,3.0303879627895403,2.1078121282922484,10,2,3
0.0343226004886002,0.05192923394090986,0.5146152392995365,6,1,2
4.602692046074378,1.8998730865936122,1.3935447805944554,2,4,1
0.268809802648075,0.005661222260375548,0.6477773062183823,6,0,2
0.30456843265603395,0.11107052986442621,0.7906865623333049,8,3,2
0.2206307710806458,0.04092727224816635,0.45642102703763643,0,0,0
1.397399308078978,1.8166411657119834,1.7752099948433544,3,3,1
3.2570047279062004,5.188736120937711,2.5550133375051987,9,5,3
3.037083620513673,1.758258045798092,1.6231380665706234,4,4,1
5.9907085037434,3.284692628157853,1.4664771130883483,7,4,3
0.20030464440795615,0.05056915162366318,0.5381425617534342,0,0,0
0.11995680571760355,0.08046477243424517,0.5398048216509262,0,0,0
0.09711906014832074,0.04431689804142406,0.4163019645560413,0,0,0
0.26864933147722564,0.022558435980360905,1.1631483849682565,5,0,2
0.07003124885231136,0.04151527333203913,0.4602676747448638,0,0,0
0.04284975436347582,0.050938698041207396,0.5210367113540887,0,0,0
5.195557986500574,4.994646864900203,1.857085996978507,5,5,3
4.920612522291365,5.576296611226175,2.5773761331878977,10,5,3
7.803720046004014,5.057612821975016,1.7108181740161212,5,5,3
0.4010532767038355,0.1566703199557835,0.9490939984777766,4,0,2
0.9765426374875301,1.4106544341018727,0.7415264699058858,0,2,1
0.3072806128862606,0.0979573830220296,0.9696325746460869,5,0,2
2.6910361070741997,2.379423882919398,1.9955743010602134,2,2,1
3.7319269524271914,3.748679774703005,2.1620071643694403,5,7,3
0.14438277129369181,0.04161130494682899,0.4027701755265165,0,0,0
0.1023405680004269,0.12915813562414016,0.4092768907981442,4,0,2
4.999969353109861,6.683650694673856,2.20662752194528,9,4,3
5.455218925855725,3.862726877303402,3.3623198570554678,8,0,3
3.489060948039914,1.8937706374828653,1.7197044238951573,0,2,1
2.7086243148189877,5.681533764234441,1.9214611991530417,7,3,3
8.538633814682367,4.478701555499377,2.192347232874684,8,4,3
0.08175236352285574,0.04307146987986201,0.6302590396786232,0,0,0
0.23800763381854192,0.010397530702829588,0.7488512571425692,7,2,2
3.0029693093340915,1.8858196036711805,1.8250176430750056,0,3,1
0.3183496512702643,0.11747734930822973,0.9861030314558845,3,0,2
0.2531194674789188,0.14926580368190645,0.7378730159714649,6,2,2
0.296210574288394,0.05560542648577072,1.1657284447486966,8,1,2
4.106942608386638,2.053036288193419,1.5643598756659247,0,1,1
0.4824889151923237,0.02643781520478901,0.6938252007775391,7,2,2
4.007611822943248,2.0116925625780904,1.011237288275984,0,4,1
0.0760412881077355,0.029722080954149247,0.46948111545192484,0,0,0
5.5772776616025626,3.72012986330645,2.0809615100448116,7,1,3
3.277425072775147,2.004033379705568,1.3740377513146926,1,0,1
3.893563521756526,4.762332876539075,1.337760062022472,9,4,3
6.008306273056563,2.1436101725876395,1.9314086165619786,1,1,1
0.09075489317785056,0.058746263740779216,0.561279074158329,0,0,0
3.791732725378309,1.908005669948518,1.7878524171069987,2,2,1
0.2971025755449748,0.06406648103305736,0.5547698073536936,4,1,2
5.844478655786295,5.751429008505866,1.6991904928868393,7,8,3
5.834573375139523,2.711298790524773,1.1266492149346803,6,6,3
0.27252347076618055,0.1409034096479368,1.1111703560113046,3,3,2
2.914028979347981,4.299552472766352,1.4103813040345319,5,3,3
0.05984105246598276,0.05897271529029055,0.6112100619221339,0,0,0
0.2982613111387157,0.12355979165161753,0.7750165064652107,5,0,2
4.987920305238281,2.689415513209375,1.3043512280505496,8,6,3
0.08522598409854198,0.06885577028280152,0.3525497312951764,0,0,0
5.8592366097346344,4.8213075410374575,2.3158478597296197,7,3,3
0.3513155276218497,0.13732486016321943,0.5123390918669792,4,0,2
4.861006704769774,1.5250021482401523,1.8934442456880884,2,0,1
2.6753318592324047,5.1110318754534525,2.72745952167102,10,3,3
0.16778189294024753,0.07141221119958373,0.5970316201788282,0,0,0
0.41956352431945554,0.1061397925625541,0.6390734008524193,4,0,2
0.12064657271378122,0.09437560466896268,0.4652813504887737,1,0,0
0.23426446583386867,0.0,1.1069311377374247,4,0,2
3.2879897301956955,3.1637432884218644,1.0672823373445501,8,7,3
5.968935625530232,3.9666320008345908,1.4629746690075098,10,6,3
5.90187877897828,3.0932806712448713,1.7472569048153148,4,2,3
4.844729500225727,5.538055527325769,1.0843559750083382,6,5,3
5.267274481380312,2.8470494053123803,3.109087497184852,4,6,3
0.0014948091144082187,0.029077578298749917,0.5245114284372618,1,0,0
2.782360862389459,1.7423031009422896,1.4302202284693541,1,3,1
0.37478658687259825,0.029691240686635256,0.6270242638274626,2,0,2
0.149215403590868,0.13830073276784766,0.7741411819702235,5,0,2
0.33920557482902297,0.03515340822493755,0.9535302609713017,4,0,2
3.10679899631781,2.6927876169707403,1.3773982962881874,1,2,1
0.0726570529379804,0.059118083903414054,0.40775870151560467,0,0,0
5.589369862272683,4.447084808940067,2.168259404524878,9,2,3
0.36199160472041114,0.09795120809460026,1.0060542344934567,4,0,2
0.10447903406276245,0.026871683665122867,0.5537478704606429,2,0,0
0.1289816586606788,0.04879192541606184,0.5257253421111502,1,0,0
3.424069795988475,5.662910315630994,1.6449370091800426,11,0,3
5.9544616161990875,3.0452639422751835,2.3549645477120733,7,4,3
4.010376360393785,4.424710671158806,2.806661203446823,7,4,3
0.13830401391923453,0.04791314414026217,0.5391209327237394,0,0,0
3.773614581165705,2.016783824034503,1.5594235851094798,4,3,1
5.859614259100104,0.9031760368705632,1.7296929319448084,1,0,1
3.727028860388945,2.0282538372146335,1.236048208169704,0,1,1
0.09221613823039604,0.03581117995144907,0.5406622034222675,0,0,0
0.39064525405197975,0.1586721457671307,0.9769925332824976,4,0,2
0.30206365403575053,0.07525522777135396,0.6359996071008689,4,0,2
0.2781461745997785,0.08625622803543809,0.4009973030656602,1,0,2
7.881093657443366,3.2526752282198856,1.6022397589654847,9,4,3
0.1021801223186227,0.047357268221969055,0.49679525058362867,0,0,0
0.26490058584005616,0.10917803099569555,0.831261869749447,2,0,2
3.8417784626653937,3.6349266411242054,2.075009187556641,9,0,3
3.9479307327729467,1.4743390928803852,1.276382000388681,1,3,1
0.18768521098678298,0.1897591381563009,0.5094342323262515,3,1,2
0.3584090180435136,0.14945650784000458,0.8426983663393871,3,0,2
4.104097426355567,1.7375702698377826,1.5403749854436741,3,3,1
0.30904788473545153,0.13072452755652708,0.5919909237135097,6,0,2
5.668823452528958,5.6506800956237635,1.6299421345922434,4,5,3
0.20281035649701612,0.06920609592562942,0.41856018125536765,0,0,0
0.08827960998418391,0.02330778786179535,0.45160665550487666,0,0,0
0.0952352233806524,0.03899769434126922,0.4765075728479025,0,0,0
2.9560316649378025,4.605741237109923,2.9631334694418294,4,4,3
3.5954620413582967,1.914913734299608,1.1967355510231197,1,4,1
6.203922685654995,2.906499293991426,2.3632085331982084,11,2,3
3.9349693758591218,4.694115618053625,1.7899383576067833,7,4,3
0.004016342190117178,0.09784219270547986,0.5808571006890116,1,0,0
1.7737860380421104,2.401993247945251,1.7206700694907715,2,2,1
3.4357962050472866,1.587115452265921,1.7361821084448668,4,3,1
0.3333122056942204,0.07571319760059878,0.8843179400271293,0,0,2
5.203184238827192,4.270413687817556,2.7426033291037957,9,2,3
0.34469353149066784,0.12317253843503394,0.8710737710941929,3,0,2
0.25587637549274644,0.07654396459429685,0.8228188238187596,6,1,2
2.686963426965954,3.7367770149016084,1.8341178302418328,7,5,3
0.3371563906356799,0.05791724666880243,0.9449900707093308,5,0,2
4.350982678506766,2.4273136552753516,1.5919859360945767,3,3,1
0.18362861934188518,0.05206876258616213,0.6389764133946356,1,0,0
0.04518624565523991,0.05517322295710776,0.5063649061496518,0,0,0
7.937640989135959,3.613052488623438,1.8859165584957567,12,4,3
6.857781383898572,4.571256869986574,2.272160701651762,12,4,3
4.374385906202146,4.822885339660452,1.7669937492514762,9,4,3
0.06884297367876178,0.03961207256347747,0.5243134655138489,0,0,0
2.4055056391651037,1.9619061943544913,1.8815090374567673,2,1,1
0.34275963194405734,0.08233070502243836,0.9926165564353269,6,0,2
5.757229511465209,3.5077437997244534,1.9422376609122205,8,8,3
0.11120462409052084,0.03322828403105538,0.636322897513225,0,0,0
0.2596967035365423,0.18032326157404716,0.7185158147076196,7,2,2
0.2300945374512669,0.1255077096520356,0.44642157880769173,12,2,2
3.339504315946371,3.8398885912179064,2.1944802023241947,9,5,3
0.15195428884800039,0.09797726170035831,0.574883652154818,4,1,2
4.458592687584811,4.586472412225017,2.433892472017789,7,5,3
0.08798373009209326,0.02606422707147377,0.6255145788374904,0,0,0
0.2837665813973786,0.10540346172805302,0.6810796306779878,4,0,2
3.298629644780822,4.025727221508662,1.3411488613176035,8,8,3
3.387873556388655,2.433578444550093,1.7817959670697365,2,0,1
3.4607879631437553,4.544651058062821,1.7734899871458734,2,3,3
0.4242674380466947,0.06528121171667224,0.632813319779248,5,2,2
2.714682079736762,2.409156868159981,1.58309829933573,0,1,1
0.2258478940296632,0.11409100430082919,1.0322615891736746,5,1,2
0.16776347439449174,0.06618270037629115,0.8789942723152799,6,1,2
0.03217090976882975,0.04710190841837138,0.4530235535662863,0,0,0
4.714603328473815,1.7263072292173378,1.9545226710804573,9,3,3
0.3640644320009854,0.13413467554353195,0.9284084246723914,7,1,2
2.7216914469934967,1.9203357112453245,1.6764710383545176,1,5,1
5.680024153654944,4.840326784278782,1.1965791471637215,7,3,3
0.38132874560169006,0.14727357409962824,0.5408744902207729,5,0,2
3.220387280095323,0.8320346514724517,1.4824178772652583,1,2,1
7.006243529196578,2.2097438090894554,1.7958484601271658,10,4,3
3.929299731926763,3.2858842214830055,1.8725483643822955,10,6,3
5.2585791623276785,3.469676248361987,0.8782411612852286,9,4,3
0.09907434320038051,0.03564162218504797,0.3367985114973583,0,0,0
0.41338473668809983,0.20061642908775848,0.8488760289726294,3,1,2
4.16586839199895,4.4962234927154565,2.1493445276430716,4,8,3
0.03861960924315038,0.05740122230537911,0.4428816025915813,0,0,0
3.168221228227878,2.2189761314898777,0.7469333576878762,2,3,1
0.21476683885658476,0.12293682239607347,0.9237096983171512,4,0,2
0.22733433677397508,0.055178980852668175,0.717198380976148,8,1,2
0.06183704217287416,0.012605166006091593,0.4143651481718796,0,0,0
3.479067547764027,2.826298875058706,2.0856231507272542,5,3,3
6.825129048357249,5.1995685107975085,2.924369446215627,9,3,3
5.111483627844323,3.2868988113786557,2.1786030656019126,10,3,3
2.275626995630099,3.58115013377879,0.7901878557966893,14,2,3
0.2099630096936057,0.077104711750278,0.7940722685985607,8,0,2
0.10571138243310199,0.01686753584644453,0.5450495723778035,1,0,0
0.10148780697478726,0.07274629084729459,0.4350635180386119,0,0,0
0.06872186492452353,0.0393709089728157,0.6377180936504562,0,0,0
5.876078949685045,4.377902501370317,1.7335741759227437,4,5,3
0.45583607791381353,0.06135732876994454,0.9121699505568793,2,0,2
0.11280148671569379,0.07014887946390397,0.5579346759756776,1,0,0
3.078869765198916,2.1573812807275816,1.7404815479179112,0,4,1
0.4439735746041452,0.05466839179523104,0.6274771638326331,4,0,2
0.18049816530111445,0.10949565182847354,0.8212726329765047,10,0,2
0.15586994079512306,0.03783987714125353,0.5470482996129107,0,0,0
6.628869303071821,5.477624550623491,1.9827337496108604,6,4,3
2.729382049874661,1.9344099228675797,1.1075240233726886,0,2,1
4.12559130250656,1.0338139562520956,1.3799273151204343,3,2,1
3.8775547328379103,2.376800554579907,2.1181024631510494,1,2,1
3.2305062442960137,1.6668683068196044,1.4498591747511491,2,2,1
8.208534578894469,4.057408734057056,2.071968858345519,10,6,3
4.112825321669321,2.7303401660645683,1.624094369484712,1,3,1
0.19430929506052652,0.03790510670923575,0.3970027725223064,0,0,0
0.0454800461278577,0.03808930129632282,0.3504458463501796,0,0,0
0.22992754222809594,0.051975772187799835,1.2515313780776918,4,1,2
0.23941914258456393,0.11468826437920415,1.4039306284676087,4,1,2
1.292452434328645,2.623164905537472,1.2869187305064276,1,3,1
0.08982098199488192,0.06042559810027629,0.4060758459317993,0,0,0
4.770473211671643,3.909597318202904,1.5447279867444537,9,6,3
3.054204686173183,1.881573975438911,1.141752403172605,2,4,1
0.18773970909921825,0.0666038362372522,0.5298797780321762,0,0,0
5.375225388483388,1.5326955437048844,1.538429665307696,4,2,1
4.410907035033749,2.3049062599373764,1.1666628700752673,4,1,1
2.314185088985055,3.2359668862159285,1.301865789597725,2,0,1
3.641114496705593,2.5945648907267334,1.3826196855277377,0,4,1
0.22017077926191375,0.03028392382664347,0.5822350470895754,0,0,0
0.38297830079490025,0.16450962749686596,0.5820659128026656,4,1,2
2.8967031512218453,2.3189491581299624,1.6899199642491682,0,1,1
0.12508913680837724,0.05465736174853797,0.3090802541022757,0,0,0
0.547247154045335,0.0869592072234534,0.8880539293697931,7,0,2
0.09834365135631015,0.016346826117546287,0.6271065326007034,0,0,0
3.9583179391254415,3.053470091131593,1.4404193533939547,1,1,1
4.170679674053486,3.6075305412337557,2.2504134921474845,5,5,3
0.12217218987449324,0.0924578779216713,0.3351218720576754,5,0,2
4.5199727263499065,5.528526055256672,1.0339926723488468,7,6,3
3.11241910874443,1.5468909369036528,1.6512957046693681,2,6,1
0.30410342600521423,0.0034607319485168986,1.127768537236182,3,2,2
3.7736601192125017,1.9516730451909297,1.510740780010752,1,6,1
0.06359985293854328,0.05144557930768578,0.6740941486596991,0,0,0
0.2599602655264219,0.057502003801309945,0.9506904201443371,3,0,2
2.05865825428463,2.8390278002262974,1.5858047422903874,2,6,1
0.132616143920671,0.06374131591717833,0.5001976844755811,1,0,0
1.5862076201127677,3.0281886262038906,2.285928808374012,6,3,3
3.8324530448121186,3.7366116554488946,1.729294166210107,3,3,3
0.06813064363467411,0.05856633384750475,0.5612332214002512,1,0,0
4.799871243530605,2.526560726261901,1.4080220775964853,3,2,1
6.920922557941699,1.9627921215784006,1.5051789245851026,7,5,3
0.29266902178858556,0.05666273033277773,0.9111257206926486,5,1,2
4.781731770275218,5.292249855839483,1.7162185367540772,7,3,3
4.93388446819627,1.430356920394866,1.696788165642412,2,4,1
1.0942184681016043,5.635828999305861,2.3122268453766166,5,5,3
4.517531423930627,2.2830287294160336,1.5491854442684432,1,1,1
3.1136670950400913,5.015855430372563,1.5957402169253534,17,4,3
0.1444014296667689,0.08621844501660542,0.962905907232703,4,0,2
2.7303335909886117,1.9332371322737558,1.597035709278117,4,1,1
0.13929000793254162,0.043956388260347576,0.40015591471232814,1,0,0
0.2807385586242399,0.09881177060486215,0.7383786457210029,3,1,2
8.545342705420058,6.492836701471067,2.433557695512328,8,4,3
6.379841320578327,3.250128719945295,0.7271737932703883,6,4,3
5.054282441611026,2.7422170192201145,1.6251241494025934,0,1,1
0.13541072116282787,0.06362724653150612,0.5442316868164485,0,0,0
4.753734786219734,2.33688441716813,1.5064816642775054,4,2,1
0.29455378172696806,0.07023313626284614,0.7641777035308082,3,0,2
0.2074235960349302,0.06562714306645184,0.7160347019697739,2,1,2
0.10601478158559495,0.04099974284008373,0.47947159805037487,0,0,0
0.17663694565012888,0.0596775330237608,0.511410149222652,0,0,0
4.573340176863545,2.51434935794495,1.71974295877143,2,5,1
0.021474969818841144,0.07458429568594101,0.6952917382489511,0,0,0
4.128102969833705,1.7930949406890515,1.292531579191868,1,2,1
0.3904688402953591,0.12801321081788447,0.9316663958646929,3,0,2
0.01657079630612053,0.08715404687075465,0.4575168652474362,0,0,0
0.37966304793356653,0.1822999279009342,1.0588662506410786,5,0,2
0.13858493553241724,0.054655734858803276,0.5049328165794844,0,0,0
3.5145927393816807,5.291560958899699,1.4074936720456441,14,5,3
4.980975141873015,3.112124302906394,1.6666076104290974,12,4,3
3.6227289077054836,1.4947046984207026,1.5758629972547,1,2,1
0.09084016906398061,0.0630466067635336,0.6436368034243753,0,0,0
3.194500536946347,1.4910252769324248,1.490203228877907,1,2,1
0.11191844913673926,0.019137635441142595,0.40778110945683727,0,0,0
3.5283202636777644,1.53441736961152,1.7012977956266773,1,3,1
0.27308306695041085,0.1103631864311253,0.9701266788034789,11,1,2
0.40860565226937173,0.02857594366766117,0.5376757245146524,3,1,2
4.585295090691296,4.218469517353644,2.003151190577918,8,3,3
0.4167030175472735,0.0915205423165423,0.8541415190891442,4,1,2
0.11718091447842308,0.07042766590858797,0.6121861504794253,0,0,0
0.4553928163634855,0.06246716697856006,0.9601305762225676,5,0,2
0.04688481431369476,0.053945845312624134,0.5392634115650968,0,0,0
0.033845510329625086,0.03348692634395716,0.4129272228356259,0,0,0
0.09409657365044607,0.059596540707336665,0.43697507049955636,0,0,0
2.665661813417337,2.2321318716178964,1.6273755288141434,0,3,1
0.10708584568199524,0.05943084760836412,0.5084526983784324,0,0,0
3.138769807085627,2.0052439913369375,1.2692564160580146,1,4,1
6.665056457336052,6.196311785672666,2.446846483643385,7,3,3
6.166065232419692,4.80041561809277,1.8945287888215094,3,6,3
2.5781763436797864,1.4866447541073669,0.9616669244733296,1,3,1
1.83128613765387,2.2737699100845266,1.42611295721736,0,2,1
2.0488960135332617,1.9447994180492059,1.8815754910267097,1,6,1
4.324527620630382,3.603209035750668,1.9573416162640622,6,6,3
5.792243281330582,5.47353826693768,3.34492116024769,10,3,3
0.2763188125210675,0.11896240033109687,0.6855301524700514,3,0,2
0.12852993342965796,0.07307801468511495,0.4385461216308905,0,0,0
7.973855823408787,4.615219421212223,1.605605418468201,5,3,3
0.1325695625652899,0.022013876503961173,0.5399317601719131,0,0,0
3.930362641506498,1.9741436047198644,1.1578264531534337,2,1,1
0.10905107793518536,0.03806051426557852,0.36166592230283895,0,0,0
0.04401912833554944,0.0660425691723624,0.4197569960135163,1,0,0
0.21477010009004022,0.1370414487914959,0.7094350739143758,9,0,2
5.192367836002737,2.293724413421853,1.1329108183523775,9,2,3
0.0535244569903795,0.025614310669556127,0.5078007418478857,0,0,0
2.8446724767992055,2.052271122774608,1.5418357398087592,2,3,1
0.4707381104754448,0.11087382570582188,0.7668874517899839,7,1,2
0.17615149282040127,0.03775526530984499,0.4669909808298563,0,0,0
0.23024863873207826,0.14552134079719664,0.5830619270423139,5,0,2
2.6113342369272035,4.353624264741597,2.5891410696555264,12,5,3
3.230887843781682,3.1575035104708307,2.554220557726981,6,1,3
0.3913868903447352,0.09954656849289198,0.9841324291323077,5,1,2
0.13547259085695199,0.05648917208705034,0.6744583870075249,0,0,0
5.777991841147943,1.961608843279325,1.7470651136855966,6,6,3
3.194690846481435,2.9736642434521414,1.2346859353913386,1,4,1
0.14350338653443773,0.04641813429967688,0.5480586758427712,0,0,0
4.115238916693627,3.334216098306008,1.780498726404936,7,1,3
3.687107100125092,3.262254638303747,1.6254274282519805,4,1,1
0.1630960750356996,0.04004855003381572,0.6171167632706147,0,0,0
0.0949706107475228,0.01128579038878677,0.9173367628424843,8,0,2
0.30959791632364314,0.011514458343735684,0.7903634146043219,3,0,2
1.8647097299284474,2.6651717537448594,1.6479762528579096,1,4,1
2.7705629511523506,2.549117901761713,1.1587199385107294,1,2,1
3.2206497529430784,1.7743123844593283,1.2469210162404862,4,4,1
5.49412374073444,2.067641254276159,1.891884142718461,1,4,1
3.190155098635927,2.461543646225065,1.435356985150698,3,1,1
0.03717465528603718,0.03685254892010552,0.3940788291627098,1,0,0
0.3403024882182738,0.1600503264381037,0.6775492276585354,5,0,2
5.806056513513318,5.918502603548031,2.255127792686798,7,6,3
2.858584209976566,1.5688465319181595,1.4677959532647111,0,1,1
4.935856464085898,1.5857983891258745,1.4904198329847569,2,4,1
3.8963196820078627,2.2509260246799454,1.8845935087130057,1,2,1
3.654578935966703,3.1477222636371645,2.1543825842640114,7,2,3
7.788045183825643,2.7650196871375634,2.28208657311005,14,7,3
6.71630675930324,3.9273250039580017,1.7390213698636254,11,2,3
5.427903750740134,5.714352695000029,1.7500798019303723,7,8,3
4.789131835437445,3.199224642794035,1.2452929703753894,3,3,1
3.1742611068173803,2.497977464113203,1.5060815676366863,4,2,1
0.3667271992198835,0.04401195457924803,0.7309968559446528,5,0,2
6.318845134805214,3.263225280352252,1.6065033459630491,5,5,3
2.696639567234306,1.3578140122454005,1.7902288257462173,1,1,1
1.6639947166431688,2.0793416618093645,1.9197292437790243,1,4,1
0.32221053692422896,0.10244533996376963,0.9724444328801573,3,0,2
7.756475910686372,4.140979091743167,1.4980254785002582,8,2,3
0.2399600610313942,0.17593875027458256,0.8054398748365819,5,0,2
0.26878874757306076,0.13144153584537405,1.057449274260636,4,0,2
8.693912400808971,3.9264703009885276,1.8878550896634496,16,5,3
0.12556012997624905,0.05467696051579197,0.30584321993797786,0,0,0
0.005522963452723448,0.024308314686000615,0.43614141748549695,1,0,0
0.5138730107268257,0.12569463588802132,0.7320845653536853,3,0,2
0.21173680836820977,0.0,0.6769884669022282,5,1,2
3.043300855306487,1.8155584485314882,1.7276268577968117,2,4,1
4.712090719322736,2.3081971452651797,1.617260972340588,2,0,1
3.784566790474526,1.6224378007757407,1.9296235811713691,2,1,1
0.1378494308322676,0.03586214864025303,0.4811797561227179,0,0,0
5.078342677497286,1.9091774305468832,1.4347153731846998,4,1,1
2.9379426711544454,4.7042901513259014,2.3729708189629015,10,2,3
2.134204071949055,1.7344704148106622,1.3449697297361132,1,2,1
0.10952498398895333,0.0403646805781305,0.49189328945645827,1,0,0
0.10743337286010558,0.03059751479240713,0.488544057252748,0,0,0
3.5341438933402123,1.6216098164895665,1.5043249687906646,1,1,1
5.3210237983717485,4.071666302290777,2.3672435063964556,12,3,3
4.188495974561566,1.5171660430763845,1.5861803787362376,1,2,1
0.06646898954616776,0.0643174548938192,0.6693547133413672,0,0,0
0.33538200746024116,0.1779083177506473,0.540313411687573,7,0,2
0.16583478795166426,0.1435042253580256,0.5940309925509601,5,0,2
0.03695580228324774,0.08510951396630981,0.40342173671360404,0,0,0
0.9080858648852965,4.089494853931422,1.4444675181010442,3,7,3
3.5462116036709173,2.2219464195214433,1.7380917882990308,1,2,1
0.09249722064837367,0.030200844148959724,0.498343159017748,0,0,0
3.683467602581878,4.643659778125512,1.6607118033931554,2,6,3
0.1641384192621556,0.11242060317772408,0.6952404806330018,3,0,2
2.025510999063747,4.297240951151084,2.016361493305206,8,2,3
1.5504098272739673,2.206320680721483,1.132680068033691,1,2,1
6.19247880129349,2.5184847750608723,2.492388901099223,12,3,3
5.598153490627726,2.8872648216108407,2.5142641427425825,4,1,3
0.17218823020366297,0.0387878472630538,0.5809594435971885,0,0,0
0.2887536710015848,0.22106710583358824,1.0012323797464973,1,0,2
0.31785872064537635,0.1406600192642195,0.8537301619670022,2,1,2
5.822609225262767,1.5835683624227324,1.7378716115511605,1,3,1
3.0070442705660465,4.275059885302211,3.15434951870804,12,5,3
4.449889068249292,0.9334403911409446,1.7002754881429822,2,2,1
2.964282827896496,4.474538871015058,2.479318010711401,14,4,3
4.903111605882805,2.5302920460538356,2.3300455420237096,8,3,3
4.753058210243914,2.1431366683887214,1.8822178929800388,1,1,1
0.1092418061847437,0.03575558472701898,0.4668568628718497,0,0,0
0.2189261671978523,0.060665317053415185,0.7512212920741217,7,0,2
0.24665147398541534,0.07736698256912732,0.6586290591021288,4,0,2
0.13608360320216176,0.0695684422405607,0.40488156296120437,0,0,0
0.3482801864504178,0.08626302553203867,0.6569523692164425,5,1,2
0.20661098659879668,0.06941712957628358,0.6243320499464292,4,0,2
0.09456199257715713,0.027954157003271536,0.5061883352887135,0,0,0
0.3649538639491568,0.06450430514290303,0.9194692762076005,7,1,2
4.160707495945716,2.801193492476603,2.379422657518838,8,4,3
0.0901330789846337,0.06700158664835107,0.44215402711236684,0,0,0
0.09802224230716726,0.08352786054416406,0.8098299434071258,1,0,0
3.40199903321666,2.019447258118122,1.4155619760335114,0,1,1
0.1803128914490319,0.1183225902387627,0.5249681701909237,8,0,2
5.766626153328448,2.7622895048276153,2.928650396414392,11,5,3
3.398592170278136,2.6805186804664034,1.5513732143054988,6,4,1
3.2952927664777123,2.454643698346847,1.1670481532190278,0,2,1
0.10051165305097935,0.01902763402272507,0.5698919685080789,0,0,0
0.3311186496704354,0.13875642631354815,0.9703531604233567,9,1,2
5.928011961396059,2.5406914791611426,1.7043597493229863,10,2,3
0.1362883311949346,0.03488416999683275,0.4673987504183151,0,0,0
0.13238442690503463,0.043373832336333545,0.3204356827369985,0,0,0
5.7322306886782375,4.393460235551424,2.2441677208713173,10,3,3
3.5003792528281896,4.657909322411264,1.0553413152588926,7,2,3
2.522927853858599,2.371755335167298,1.492846869559165,1,0,1
0.06559248274111382,0.05014356933815884,0.48414623075835433,0,0,0
3.0939708455872847,2.720055060034587,1.8622277247469945,2,1,1
3.7004235268352113,3.947856982363499,1.5201994763106694,9,2,3
0.04639304940071966,0.02802759149644376,0.47842128736717804,0,0,0
4.375252053384951,4.8722868554972765,1.6327020171132225,7,5,3
0.07455181871462507,0.04393299865045732,0.40676287568180125,0,0,0
0.09336831268087133,0.032862962697444015,0.646225460403473,0,0,0
5.008310748747551,0.9186604947427353,1.629913913581184,3,2,1
0.047039323905552426,0.0173905351256972,0.359305659948683,0,0,0
0.11216697246613459,0.041727686687407145,0.3505243853550356,0,0,0
1.1609420577275706,5.0132593365527285,1.7480385397305565,9,5,3
0.11303368829119537,0.10023113103168847,0.585440200112072,0,0,0
2.7771652048217503,3.2208942926648856,1.2297564776965908,1,1,1
0.14687850688132792,0.048609354275154615,0.6443670319166238,0,0,0
4.46793194876499,1.6399230114892167,0.9315496897253367,5,1,1
6.541300610718702,4.534926276954096,2.2744043229379507,6,5,3
3.5798412662601113,5.905545285710016,2.11720152339753,12,1,3
0.5851407645284945,0.13999762148580705,1.0169235981472486,5,0,2
4.105133015758949,1.7088664687456114,1.6553273447126522,3,1,1
8.126478030169103,4.013449033834287,1.580116806955948,12,7,3
0.07244071418357334,0.04937593022121832,0.3789839497019115,0,0,0
3.2282699601302918,1.3756682876186863,1.2233927024468454,1,3,1
3.378924567609446,1.624549817022091,2.325968853240962,1,1,1
4.156162476332623,5.067875181887373,2.035218886009098,3,2,3
0.14125491323338174,0.07786362515869812,0.5967794469003426,0,0,0
3.3637366893703398,4.686781948559954,2.4807097827000555,11,4,3
4.414054306538051,2.469243619378319,2.0156042325514436,7,3,3
2.3703325406894633,1.5389734764112866,1.0397457117938336,2,2,1
0.09639949392098332,0.030083692104195422,0.5031395865532776,0,0,0
0.10856841405949853,0.024829901786493313,0.3307729168356671,0,0,0
0.09996457027116772,0.04922514210020914,0.615469376671672,0,0,0
0.2931145007181767,0.12699709151773314,1.1624175617282804,4,0,2
0.09136863500295903,0.07752992900039075,0.5109571580077858,0,0,0
0.12024908554804778,0.04591057558027757,0.5423889482443986,1,0,0
3.686068432470547,2.3666740035890905,2.2430787401170234,2,5,1
4.829534243970524,2.6401760104185676,1.2124651856235578,0,7,1
0.31613551882318286,0.062202430567730393,0.8493825543660195,6,0,2
5.02683581105374,5.066536862260504,1.6465734278681108,11,3,3
2.184561734112738,1.6264486231664668,2.1217795622287556,1,1,1
0.2115411513982522,0.030884051236663476,0.7817343100454618,10,2,2
7.709755647634176,3.7437341891514073,1.283056086440171,7,4,3
4.379530596914247,1.0737877261280646,1.6419232637475476,5,5,3
0.0,0.21016228809624465,0.4982218276866786,3,1,2
0.218508165686502,0.1222250846765216,0.8124504918870407,7,1,2
0.1406758608684835,0.029349521929449212,0.4307649225766206,0,0,0
0.33144906723648704,0.0,0.9393776284104751,5,0,2
3.739466988780435,1.32951398200936,2.081839064871037,3,1,1
4.774063583516149,1.9159301769754165,1.899135501468695,2,0,1
0.36658243740903074,0.09924026116015755,0.9789390122695281,4,3,2
0.18747919521027104,0.061745248269283536,0.6764913805550772,0,0,0
4.317888491874843,2.652152734810677,1.6747356461938123,11,2,3
7.409635421970979,5.896150960469589,0.8679379853272431,4,4,3
4.064115940148369,3.52617105967682,1.9773217899319104,10,7,3
0.03889360955540273,0.03439601741765075,0.44358038201395134,0,0,0
3.7378751563488675,2.7295804970943456,1.5867913907621283,3,2,1
0.136381477181849,0.09607277504209578,0.4837296298430908,0,0,0
0.12018650451683048,0.055566972692893395,0.4684733666083744,0,0,0
0.23734866684151318,0.16984842833578817,1.1233789422697857,4,0,2
0.2438070140489364,0.10859589546329886,1.011991652934867,7,2,2
2.855104141355662,1.6563227828208533,1.4875626113010643,0,2,1
5.427144687867426,3.584615077358634,2.144636551038474,7,4,3
0.4722232310598217,0.01017773600451928,0.8721977650082817,5,0,2
0.11471120645067469,0.035204576720540656,0.5776228504724106,0,0,0
4.353015188243497,2.7199770207143152,1.4088409711556609,1,2,1
0.425816681248391,0.10953140380634717,0.7236234266268698,6,3,2
4.049794374485014,3.548123368672545,1.8378593957293445,4,2,3
0.22790996428341262,0.04057472518594961,0.40933514548457073,0,0,0
6.538924156086401,5.306594070361161,2.379661523835818,7,1,3
4.977895440516559,5.932911845814418,2.2589180870952728,6,4,3
0.27472689066426653,0.1257883800782122,0.5864234256919546,3,0,2
0.15418422086423872,0.05600396987474651,0.8627185353244413,8,0,2
0.08636382151261648,0.05940088374736405,0.3257052469513335,0,0,0
2.0630391594318995,3.3407715850914466,3.168258924754501,10,4,3
0.5227139060535686,0.07493009896821363,0.6129487269749169,1,0,2
0.27890275053875624,0.2174437985207115,0.6503244612125079,2,0,2
0.32044920418550044,0.05958691987664357,1.2837305496695774,6,0,2
3.571287260549462,1.9181831645712544,1.3659819402831515,0,4,1
3.3564184112878657,1.7241310740838536,1.0060465840194177,1,1,1
3.821652659591586,1.7623382911589056,1.6754176041107822,1,1,1
0.45220032492355544,0.12292628329981244,0.6950377831549439,5,2,2
6.259819921581407,3.615187825030062,1.367286096291421,13,5,3
0.0,0.03561781097101628,0.5230610848766214,0,0,0
0.5029297355602422,0.031637508607864184,1.0073088152722733,10,0,2
5.824804992766087,3.8721545982466936,1.1101741472849977,7,10,3
0.29871082164416,0.06955322244344353,0.9135048500607664,4,0,2
0.4440574297907617,0.15407796905065257,0.8923087675994195,5,1,2
0.21226574713020563,0.05231100600989832,1.0728602653784194,4,0,2
3.571751213312234,3.2410274834110178,2.1024771935389532,7,4,3
4.4363801346166225,1.374987172206198,1.0946776624645507,2,1,1
5.111518755389978,3.876458463759952,2.0064264497709647,9,3,3
4.154423801630654,3.9959723085033905,2.6625375764454438,9,2,3
3.9338352400888765,2.2803806340027863,1.353708277950426,2,2,1
0.038802986661887175,0.04636993675728666,0.5497788309417777,0,0,0
2.9049768802989555,3.9224038943818207,1.8666467693888578,11,4,3
4.063790322960272,5.085265434049385,2.084721453501119,7,1,3
6.160998786044816,4.193402946559226,2.8622018225593013,5,2,3
3.448490806246072,1.8276825814959219,1.8005611240623265,0,4,1
0.027517739015073497,0.049803103826992344,0.316423124382291,1,0,0
0.3001691321285653,0.13495926257675384,0.8895402695730203,2,0,2
0.21662827214712688,0.025783678205712063,0.6686141610501062,5,1,2
5.733232003798721,5.37499199113198,1.918130106056885,5,4,3
4.035940425824043,2.0759236279102042,2.629471495595984,15,7,3
4.137961455480578,3.001727059903143,1.5769657072150811,7,3,3
8.132538277836069,2.630115995085043,1.4165839814451093,10,2,3
0.165879876780398,0.040451785876143995,0.6536156772854945,0,0,0
0.3252858245898351,0.0871863031720009,0.7467285882809043,3,0,2
0.29440779146859813,0.10991125966459808,0.8817633161303856,7,0,2
0.19970273430367796,0.1322806073134271,1.0848178193560953,2,0,2
5.036136440644345,4.158544326541329,1.2860449352830923,7,8,3
5.475286953152097,2.7517961567973597,2.7314927895479295,6,3,3
0.2804816048900705,0.046294053427124164,0.7586163663507458,6,2,2
0.4168365275711301,0.10537709520800483,0.9659476688183745,5,0,2
0.09917885519636241,0.060119311069117304,0.41825918655856603,0,0,0
3.6842172295300935,2.4513390713496244,1.510430774428337,1,4,1
0.11607247861838227,0.09357412546674848,0.8475111234378571,4,0,2
4.037431871430543,4.901297340051778,1.7813952714282453,8,5,3
0.19405785347202953,0.07692451512405496,0.4203935862279366,0,0,0
4.629851573153121,1.71964781526033,1.7056920039543788,12,3,3
3.3973514265493683,1.9234581334951724,0.5076300142507835,5,1,1
4.415823781597604,3.1011216366864565,0.9611406733996346,0,4,1
0.3124181615970071,0.02216167694359719,0.8645037989616886,2,0,2
4.5320571244357035,4.8119085905798595,2.3979469381437766,8,4,3
3.1169050788402064,1.2362095293221205,1.6510909908533584,1,0,1
0.0974303138205757,0.07993420814891963,0.5702533313933855,0,0,0
6.966509574506322,3.6150301394516067,2.6138360853180385,9,6,3
0.13396866414782518,0.04951534332260616,0.394529554503408,2,0,0
2.452225053860901,1.9684512235228269,1.8206114940403852,1,3,1
2.5232867403735084,5.305917451537719,2.585428214061552,5,7,3
0.19458486034085531,0.1315944382695993,0.7519944306729388,4,1,2
0.11336961570359516,0.03013282600836099,0.46532284232332877,0,0,0
5.098476058019771,4.475066032128007,1.4676558606562877,11,5,3
5.44801356845999,4.143077895339856,1.7816451626705854,7,5,3
0.15621766799352516,0.024188771561075628,0.5202383370598695,0,0,0
0.07940615169387663,0.032864558123464144,0.35490721088887756,0,0,0
6.052249590900897,3.2682666134090503,1.7910502929224208,9,3,3
0.028492931101968363,0.05909481824282269,0.4452094695793065,0,0,0
0.1542991058087516,0.060398042790575056,0.6197168027247854,0,0,0
0.33530915773303455,0.10975976570553772,0.7890724092627579,2,0,2
5.682882730816883,3.3165888408107307,2.5268847733370317,7,8,3
4.466139660861049,1.34454399646392,2.0651433093554408,2,3,1
0.011847992231863308,0.0917688554573985,0.4813321037686555,0,0,0
4.023998955584328,1.9064628650386397,1.6653849998326762,2,1,1
0.15772937562433054,0.10513148146838351,0.758943675429874,5,1,2
0.05621908733076214,0.056683528344897954,0.2805617530179976,0,0,0
0.24522831411003332,0.13957041537425313,0.45673937542555065,7,0,2
4.4136072175680345,2.6533085346475236,1.7315551457420384,1,7,1
8.597935477495195,2.890921321968971,2.158431237207119,8,2,3
0.3070197791524503,0.10483269583437199,0.8754417632746265,5,1,2
2.9118914010756907,1.5019053772020015,1.5123242592284263,3,4,1
4.234425852809667,1.9243504801151463,1.3408258933058372,3,3,1
0.04924529040860657,0.046845060335370295,0.48840029276784663,0,0,0
0.07618895632276705,0.02988797248621069,0.47296333032388305,0,0,0
0.11998439758763209,0.0417555850995106,0.5784146416353498,1,0,0
0.29538379489304323,0.04598566031518614,1.032822704742314,7,0,2
2.9055022775732775,1.755863137651656,1.306557319081955,0,3,1
2.7763802063927256,4.075463046204434,1.8884643864028572,8,2,3
5.73697107706163,2.3783212325534686,1.546702616306516,2,4,1
0.3581676885215374,0.1761430860851494,0.8548089207689626,3,0,2
0.07347494261947363,0.01358793398902966,0.4673326752490956,0,0,0
0.1970055276279386,0.10931599679101109,0.857310588815924,4,0,2
2.184202591781859,1.8228906920416796,1.777447863713021,2,1,1
0.13594766553325335,0.031148839884162477,0.5504270748038385,0,0,0
2.014150324349563,3.9548033820879063,0.3777339962807702,7,0,3
0.12443533875561111,0.0676753441781246,0.49159814879007585,7,1,2
0.23882979252704853,0.08870145227413119,0.6424098086794889,5,0,2
0.1248999145622725,0.05916773407102969,0.3874412885968031,0,0,0
3.1685006117004857,2.831521129798059,1.2703556338673743,1,3,1
7.106614008175283,4.888283642332343,2.2010274541546613,11,5,3
0.046880323592656016,0.019621783498198646,0.4021692050177502,1,0,0
0.09665485720515987,0.06466251705173487,0.7752007104223303,6,1,2
5.293104319488305,2.3428509986714614,1.4752099979544535,10,3,3
5.928271896379015,2.652864016361645,2.082236218307513,9,6,3
5.038366954780384,3.3123514618949574,1.4172733623392126,8,3,3
0.16334555745933116,0.053900499680562534,0.4587520988112063,0,0,0
0.14432391338827746,0.08332656744809253,0.9502897897970839,5,0,2
2.314344302493138,3.3505042173136377,1.9378069932563924,6,4,3
0.7775458590080611,1.8318981316666179,1.5799564949934601,1,3,1
2.39867337123029,2.5539116412084004,1.4706615008747392,1,1,1
0.1140595711984688,0.06744630760056901,0.5132497143495646,0,0,0
0.32139486494908853,0.15994547250783908,1.2593521641044416,1,0,2
2.905327012837831,1.888030287843363,1.63934628167317,1,5,1
0.3037006680267314,0.04490450775127598,0.7702129138556725,3,1,2
3.859233286752884,3.9609173394043826,1.8460764874288988,10,3,3
2.9046943023060177,2.2175241858202224,1.407523011073984,0,1,1
0.3145102286361222,0.12058242825814725,0.5186061977645844,5,1,2
0.1214809109566293,0.07837062690296073,0.3374455966437939,0,0,0
0.2397820649531131,0.051883703533850134,0.7142551837838834,3,0,2
3.8681614699529243,3.7059342862126625,2.013818294850191,11,3,3
0.35665881057303606,0.2295733435614564,1.0101352610623693,3,0,2
0.1697841905394978,0.06292012374229103,0.41012001897561623,0,0,0
5.0480082208186925,2.055017411966425,1.573336334881665,1,2,1
2.956798499623663,2.579377417254935,1.7354666062482555,0,4,1
0.07131991135515496,0.0,0.5516144039586379,0,0,0
0.3715882459636068,0.17645474332584948,0.9056508893313318,3,0,2
3.805085404706753,2.376822140816732,1.726256388309721,3,6,1
4.573366582444972,1.5679139604130174,1.7952889335591138,4,3,1
0.17869933816450165,0.08188884783498393,0.5069337161715348,1,0,0
0.27866670837989177,0.128374286428449,0.9484665867050479,8,1,2
0.3544518450146629,0.10217348877363067,0.8506198392399145,2,0,2
0.019184469578170604,0.026410806709844394,0.5509683077242329,0,0,0
0.14990050549298262,0.03352129026056001,0.44121436950919996,0,0,0
7.208745291094384,4.535036032713968,1.5672223622115449,6,4,3
2.248643817760713,2.384097064052924,1.6419589749675678,2,2,1
0.050473183743465586,0.07806739940250382,0.47262707478332394,0,0,0
3.1753803256020587,2.2791160534391515,1.762863773796499,4,3,1
0.10349010424950095,0.04876471600279742,0.42241251768335164,0,0,0
4.321921482415901,1.8985158284260573,1.5794472727394333,1,1,1
3.7501194697138063,4.989910828014275,2.990347642928321,8,6,3
8.12768501102681,4.587249878481272,2.624309737576082,11,3,3
0.2871364078170461,0.18895858986398972,1.157804548181802,4,0,2
4.283465648324735,2.281704975411066,1.0989833747560134,3,4,1
0.2383452453931429,0.1440365451555614,0.7323588549561197,10,1,2
0.143480296005283,0.08298961788647842,0.4786124832445361,0,0,0
2.6896693391544666,4.259828743610774,1.7772363653794472,8,3,3
0.0,0.06216492383369937,0.5046006386736341,0,0,0
7.473330059568513,5.227087508986032,2.532983036971076,6,6,3
0.07202101770360667,0.13719343595164807,0.9861722794897775,5,0,2
0.5750948533521664,0.17979673917105882,0.6530864683798944,4,1,2
0.10613351579973979,0.044115149887270846,0.41902751642327163,0,0,0
0.01652973594393141,0.07400523499477658,0.42540578735243983,0,0,0
2.4123884152315553,5.229215165707778,2.0049287731927308,6,7,3
3.6246633934075567,1.7515184335397493,1.8647620686596942,0,0,1
0.2314463370174318,0.14805129042873674,0.8892043096464177,8,0,2
3.122431318713066,4.808178582746958,2.2689694473129824,6,3,3
2.31879882685112,2.025456847767736,1.4103048007884478,1,4,1
1.526031164833321,3.8013466764799015,1.2841406823199568,11,6,3
0.07763390521706244,0.032384918207945396,0.5373533683411769,0,0,0
0.09547333588479197,0.06116672846423411,0.5460824865403865,0,0,0
4.90373403799547,5.1514899924064395,2.373319206165195,9,4,3
0.41168096443533486,0.08448701430397662,0.6599345673945716,3,0,2
0.1775589782289928,0.05701416573184358,0.9230956009111966,4,1,2
3.6780164201841687,4.5363193341144115,1.4832991892839114,4,3,3
5.797787095484595,2.381607984259537,2.33120715668984,6,4,3
6.287209589950553,4.403112943964894,1.9093243710540673,5,4,3
0.18691957954475558,0.13505291742531134,0.8775063538107107,2,3,2
1.960605730281019,3.9772392592759847,1.6481654840415039,7,1,3
0.13756935616858945,0.06103481599821841,0.34971293913176105,0,0,0
0.21566281254404962,0.16816614920582074,0.9229693726116445,3,0,2
0.17615620386348288,0.03096163079955529,0.5430862419015038,1,0,0
5.6072828385088,5.969565625551555,1.823031862371284,10,4,3
5.227314961896001,4.881857352563457,1.8328193629889407,7,5,3
0.11493764541828431,0.04514602504349437,0.608953658307664,0,0,0
4.678087368562174,0.8009184523745512,1.0846210125817954,1,3,1
0.10521779687616065,0.04429811485915972,0.43709621387963893,0,0,0
2.1900234456250005,1.087243945507645,1.581363442583992,2,3,1
1.82691598749426,2.2843848476697244,1.8262820955596861,0,2,1
3.791658933189046,1.4464083650591197,1.5456047333513339,3,3,1
0.23161910324186955,0.05296178839596553,0.39577284119527517,0,0,0
0.06161012174479358,0.06148142441788003,0.5820553502887897,1,0,0
0.29052468536846554,0.03870902137355802,0.894954219445923,1,0,2
5.962395449295045,3.961508960785141,2.469664391320926,6,12,3
0.08704789270896485,0.07479168012883124,0.5264254763607339,1,0,0
7.260647483469922,4.0828773215030445,2.039604523982908,6,2,3
0.13190255507203785,0.028831187327166947,0.4313461246846231,0,0,0
0.10106558243359712,0.03414953105769575,0.6230702904984471,0,0,0
3.793008807258655,1.9234597477592987,1.2611605483371136,0,4,1
3.4701962181485593,2.2271657165761143,1.692632327699584,3,3,1
0.26996594516907313,0.04851382011569603,1.1767448110690402,5,1,2
0.02605442156129356,0.03552019336514782,0.3018035514261287,0,0,0
0.47318259267219165,0.11782235337634227,0.5439701180118051,5,0,2
3.7295726410742533,2.450882343970142,1.5755608344954077,1,4,1
3.632715085023067,3.600664852088137,2.0377998495961043,6,4,3
5.448368712315616,5.521940593865224,1.1785973119667763,5,5,3
0.42952712338333454,0.024105231851640416,0.9779355280173544,5,0,2
5.006864229848137,3.6496722226850054,3.073476685801917,7,1,3
6.900478941351471,4.901416811541597,2.194727906652102,7,1,3
3.421669151069843,2.7604256160318896,1.4555432128789074,2,3,1
0.10025567283212306,0.07400157912853722,0.4233135961995448,0,0,0
3.4441666543890426,3.849166020047087,1.7428990400771538,8,4,3
0.38901453085662235,0.09999486126983001,1.0262331787394627,4,1,2
0.19686371823587362,0.11885373584626625,0.9469660492298002,3,1,2
6.235904562392822,3.157883659210902,2.831380681718024,6,3,3
2.379337799066292,5.424437412831162,2.154667121147312,6,8,3
3.53080713499795,2.1659819642832767,1.6970417485528442,0,2,1
0.1593839694230782,0.057189515950942515,0.5143306305000004,0,0,0
3.143572879474921,2.3757816127010853,0.830960924125616,2,3,1
0.058638452822383856,0.053882152619067154,0.4725154699330208,0,0,0
2.9867404195340725,3.657442806722037,1.8112038513493807,10,3,3
0.24538169872728774,0.08629798752515541,1.1699943188601916,6,0,2
0.340650434599375,0.15177695088877086,0.8129991747199613,5,0,2
3.5021027598864647,3.506716333361896,2.3783213144884305,7,2,3
5.289665129841905,5.041395915638569,2.150399253418271,7,5,3
4.646962868255169,1.4355183674334173,1.9076849853801348,2,4,1
0.3121957023376046,0.17244301881572444,0.7460992386721078,3,2,2
0.0536323432904713,0.05050421735080164,0.3998685345802033,1,0,0
0.0932860418906848,0.025416328043991677,0.4794233006322828,0,0,0
0.252036543374921,0.07504482545979796,0.6867375460277165,3,0,2
3.6464142918426035,1.9075624114027043,1.5582063013517398,4,2,1
0.38472052523664335,0.14359816908836207,0.7543085313822662,5,0,2
0.10489915767354478,0.06000286066227768,0.36988907336086546,0,0,0
3.322765027051969,3.9896503151470886,1.4446529095402285,3,3,3
0.122676715075699,0.0648837142063007,0.5034807540499833,0,0,0
0.08314570144409804,0.04204884469016557,0.5084094388250197,0,0,0
0.2462224500998578,0.13464362772550037,0.6769212742859433,7,0,2
0.2620817014434466,0.15085107608008078,0.7474911579917523,6,0,2
5.067347738615235,2.8424054472414264,1.8019829955881708,6,7,3
0.3232988667481424,0.13708285413516297,0.6612820638753347,5,0,2
4.798693290993424,1.887539884532239,1.1362434158748964,1,3,1
4.805031230279035,5.080129541187952,1.185398618980595,12,2,3
0.30119277156478225,0.04618180167064173,0.5709516647122862,10,0,2
4.870421870607929,4.153359995632249,2.525567056677676,7,5,3
0.05590626743861411,0.07153696289315362,0.447261093836038,1,0,0
0.09115263862529753,0.04845113078548013,0.4364458901184443,0,0,0
3.639821358518211,1.9562232267732802,1.9758342394263935,3,2,1
4.015719619170136,2.2403056076242973,1.2277857141710038,2,1,1
0.0888267008814074,0.01858237085748176,0.6681492457418016,0,0,0
4.471930343440634,1.1348889369272572,1.0816321460021774,2,3,1
7.602063986349886,5.209359729179688,1.928314656882684,7,5,3
0.27959495528759204,0.01337193286476443,0.402830293291377,6,1,2
5.859711929882021,4.663051042269903,1.4878924260551858,7,5,3
4.827138303350505,2.926299011998114,1.3848411363921567,8,1,3
4.271608357649346,2.332874870912301,2.235501430288156,3,5,3
0.10627882267357712,0.049299847799875285,0.5683324511516092,0,0,0
0.2412971593707414,0.03335118822421855,0.8691034542565725,4,0,2
4.236763345167897,2.343775359796247,1.382609068817862,1,3,1
0.32287113252744215,0.17825829240850263,0.70398859174741,10,0,2
6.603118555459464,4.26900432171653,2.428473163193097,6,5,3
0.11116194570645799,0.06324103669516946,0.5097155787086248,0,0,0
0.3339598608582149,0.14519012229753045,0.5371892990604634,4,0,2
0.11808180125238171,0.06716902233313331,0.49794394426494926,0,0,0
0.11166080656317509,0.026926154373202834,0.4249270392994401,0,0,0
0.1558647915794064,0.09105944049003326,0.5858139070934016,1,0,0
3.836322969321281,1.7151849617268113,1.59314378310178,2,5,1
0.0765262807032524,0.022978512675839575,0.4265766678028962,0,0,0
1.4982939982744665,1.4163952571928204,1.292599541651167,1,4,1
0.20867930987761873,0.14375122509967797,1.2445910400121871,9,1,2
3.39201631398739,2.016417904550653,2.006646657690803,0,1,1
4.18087325754986,4.947411063029178,2.203776452397741,5,3,3
2.2534380338405735,1.7854088548861728,1.3660636565234856,3,1,1
0.07573182260854483,0.03815288088695893,0.44860993733511567,0,0,0
0.277973899702911,0.15760111514226885,0.867923216625992,2,1,2
0.09044861186999155,0.04788362485004605,0.5687238450395289,0,0,0
0.3897698843494011,0.17141389764462847,0.5368185198609778,4,0,2
0.29136635654002474,0.08967089848400997,1.2108110550235465,9,2,2
5.516519054290135,2.22593343459046,1.871352701445181,7,3,3
0.19372882393565644,0.0,0.8809496285816597,3,0,2
0.29134445176490364,0.051905851659730606,0.712022336050181,3,0,2
3.9998216359738095,2.359205848888315,1.252841606813074,1,2,1
0.04483166969130632,0.05362125485542165,0.6448820108337716,0,0,0
0.07688623556474788,0.029484946327194457,0.6818898532200325,0,0,0
0.20346755302526515,0.060976600604789065,0.41734557808129275,4,1,2
3.366372270273229,1.1316365911177804,1.127610218177713,1,2,1
4.823340922489938,2.360112008452704,1.255016091053704,2,2,1
7.234151460688347,2.5282653768585384,1.651965771152848,11,6,3
0.09155891384049947,0.06784135199463441,0.46069097992985386,0,0,0
5.048538029279013,5.061556872418732,2.4029906991656147,9,3,3
4.1611529286613465,1.8927395248320456,1.6528504148473218,1,3,1
2.199549771078086,2.275627961167355,1.8368908114757208,2,3,1
0.1320421430633505,0.04903822985338455,0.37825962065030483,0,0,0
4.5168079100975405,4.944241278146239,1.9960679439386315,7,2,3
0.3615163203683238,0.07142239199036961,0.8827971257857988,10,3,2
4.128078696900249,2.090738940939528,0.973130929656127,3,3,1
5.42869662706657,5.5105285943721505,1.8411673480891857,7,3,3
0.3265114005381411,0.10703583993507786,0.8648640161493825,8,0,2
7.070726615066096,3.3512693411960863,2.476600330090166,6,3,3
0.18637715850503558,0.038364359332158926,0.4682239105982604,0,0,0
4.532412922559199,4.4363696224900275,2.161673885464819,9,5,3
2.6510953436295353,2.143959810623,0.9008857690146076,4,3,1
0.3076375588702566,0.05659841112451936,0.9842945857013579,3,0,2
4.844284575234596,2.731717827130497,1.6056074486367842,1,5,1
3.6654915641331405,1.6710209361672443,1.6074703782043358,0,5,1
4.9978552676059405,3.1489413797506085,2.590457560422244,6,16,3
0.4123760630319214,0.10924783099555825,0.7392428797875212,3,0,2
0.24965009291420404,0.20272836532897157,0.7857236436289743,10,0,2
0.1373646802561631,0.056996000491358154,0.5857898825291343,0,0,0
4.227122481485493,2.4739103882062334,0.9732696426725839,0,2,1
0.07336495801690443,0.045569734740957525,0.5695932100940849,0,0,0
0.30762403304227287,0.0104130703769377,1.2576605988457201,8,1,2
2.2456432045759622,4.382929653127963,1.560454790859313,7,2,3
5.298288383387457,5.09050281010911,2.14987146810209,10,1,3
4.829757124972174,3.315562163522442,2.144957320352426,3,2,3
0.28535365980022837,0.1395487336061235,0.7251001321649362,3,2,2
5.743886837981204,5.568247989385053,1.7806441027448456,13,3,3
3.312896210718257,3.217925551314454,2.213638420785199,12,3,3
0.1579664901682124,0.06424644319160325,0.32535332744209666,0,0,0
3.604514036075821,2.5980751107630633,1.2549415499355125,1,1,1
1.6170165533282734,2.2046062893032734,1.3601675401367461,1,3,1
3.252362014971239,4.292378989121921,2.0156336536793487,4,8,3
6.381404785681769,3.6734925443822197,1.6631395562763434,7,3,3
0.307944509927278,0.08493060416802709,1.0457058632881253,6,0,2
3.5028035511772346,2.6581696398390644,1.7958456112451933,5,1,3
0.15629610976232097,0.1616317985958358,1.0849028961709617,8,1,2
5.939785713019652,5.015644548804999,1.408900576701492,12,4,3
2.916877168675702,2.637623506460986,1.6311052866220257,2,2,1
3.7273259068231903,1.378790163083794,0.7297692270783,1,3,1
0.25922076229894064,0.15855848313144205,1.2155235367029595,3,1,2
4.54382830868494,5.1542961465624035,2.03682653587238,2,3,3
0.08434709847384228,0.06910538474414411,0.37296379536749136,0,0,0
0.09349284728161578,0.011446548413087801,0.5540287944035696,0,0,0
0.1764234213206266,0.06899189142728977,0.5491445510894402,1,0,0
0.07801344708629127,0.05898947825664614,0.6441942401952601,0,0,0
4.309861984870875,2.1056903273229826,1.4981814522679215,0,2,1
0.2822340180870112,0.10644655220191945,0.8639633517506405,6,1,2
2.077941502832069,1.4202322247747556,2.1494677767304373,1,3,1
0.45618701206560597,0.0812744250112525,0.8612995278843579,2,0,2
0.24777877734878545,0.14601730051759643,0.7004744634492048,5,1,2
0.34159643763371156,0.220240238763302,0.5309802769074916,5,0,2
5.868150388411548,5.269556962536318,1.4675426927318598,2,3,3
7.543964038628572,3.8417506453598023,2.131555332005138,1,1,3
4.122379118473119,1.9365060933975098,1.25125232325438,0,3,1
0.29274533847264894,0.05701196821524377,0.6070948813433362,8,0,2
0.12718000772972163,0.04773743894968519,0.7642011910492621,0,0,0
0.30872683387968086,0.07429305721003036,0.9864005007689893,6,1,2
2.91925890944355,1.8910245468782307,1.4635538683678766,0,1,1
6.01921589664067,2.560554159348781,1.4576958006720662,8,4,3
3.7193089131320543,2.055533736597816,1.4486486414275395,0,1,1
0.07733859753363624,0.061851345476946616,0.47419544843888384,0,0,0
0.3049413485699647,0.11600339477913361,0.9090510691363088,5,2,2
4.299653722450682,3.783508134830305,2.3489930041037375,7,4,3
0.08481369856116677,0.030676865532591663,0.5324658235502518,0,0,0
4.080545517553479,3.703852446841073,1.558419179778796,8,5,3
6.721711590943255,3.765412795510689,2.3636840161014097,8,3,3
7.449459379418968,3.3186843501134606,1.788250786750548,9,5,3
0.31227578214093576,0.038053892411777535,0.9793008366016479,8,0,2
0.06980074066420898,0.07394493847290456,0.6328056888986968,1,0,0
0.24287050579703337,0.1506260317405155,0.5281240218420666,4,1,2
1.0284390386714852,4.682280330870562,1.5165141688025703,8,7,3
0.10344510055598771,0.10721189661185153,1.0952629040309891,6,1,2
2.9331866821976607,2.0852214993606815,1.9371305478682215,1,1,1
3.645616996826891,2.506471442334891,1.2229712382835822,1,1,1
4.3396670377494315,5.1613127854440854,0.7420937354267587,8,5,3
5.015318094323802,2.1755456458383673,1.8165163646827653,2,2,1
4.826002365738311,4.832159746698695,2.08311363529694,10,2,3
0.06918192959802613,0.09309857354766285,0.29286228206618425,1,0,0
0.2877668947761291,0.20227199014485617,0.47110497987370814,9,0,2
4.048774412993809,4.523745045541178,1.9839345297118212,5,1,3
0.1478902097762724,0.0596721408453858,0.862794654785261,5,0,2
1.1569608983481592,1.6039982129523778,1.5246608778788389,4,2,1
5.138392797565156,5.716300962635072,1.9066977113332886,7,6,3
0.019243409204724532,0.04273766677688867,0.4391506096268798,0,0,0
5.740285077210467,2.51372513397197,2.3801075711921444,4,2,3
1.9912744732230383,4.459695786813676,2.0080509947354575,10,5,3
0.08601199157520828,0.11225820402087683,0.7124556229829013,0,0,0
0.2413991551656065,0.11388096700912644,0.6947744151827536,6,0,2
3.806504797386049,3.478320330052622,2.8215501579719913,8,3,3
0.23460992429054534,0.12175197272559651,0.7270586829955772,5,0,2
7.326946680486873,4.407705222425561,1.7524267238212532,9,3,3
2.7866890997197884,1.2456952728101451,1.519061386547045,2,1,1
0.21877871642513108,0.008792091730051993,0.9113845270401894,4,0,2
0.11582402948167761,0.06030294786872506,1.0125309290947573,8,0,2
3.458339976618665,2.359031021918601,1.4865873729721244,3,4,1
4.81226927050211,2.794098107735219,2.529739663859229,7,6,3
0.37681257118783845,0.06268836811499942,0.9865918305789165,3,0,2
0.4613080783476786,0.09372212396452363,0.7185700324413167,6,1,2
3.9107501954640753,5.601838932351673,2.0715403703197475,8,4,3
0.3864622425386499,0.09075998505455074,1.0480560553856697,6,0,2
0.024257638765706774,0.062249375880272045,0.67311696317673,0,0,0
0.2771661213306659,0.1006891382315437,1.0463128732033797,5,0,2
4.545024270874097,2.894515545906768,2.316992562115752,9,2,3
0.13794642948933827,0.07058914963196715,0.4116001143253559,0,0,0
3.072866423023874,4.411111801983861,2.5076546019314296,7,3,3
0.09867971215205365,0.03785055424759386,0.5180294880503444,0,0,0
0.153010495374944,0.06484917827185241,0.6605355962361806,0,0,0
4.39646392522502,5.605363992356587,2.7126200397995475,8,3,3
4.108491648678079,2.1734801484422404,1.6649009440464149,0,2,1
0.40551278163698246,0.15141412355524708,1.045876358760629,5,0,2
0.391724892205307,0.0,0.8666835842980558,7,0,2
6.3553562683466875,4.107124536050129,2.144773022703508,11,0,3
4.370925535363922,1.896069600564438,1.3533600277349782,7,7,3
5.876043055757973,4.101025387834449,1.9676192249532,6,5,3
5.204578092173321,3.0015866431065374,2.668860065657333,11,3,3
6.184029498558026,4.309096169526829,1.9420441933475017,6,3,3
0.1806139128994323,0.048165879517097485,0.706422013485241,1,0,0
0.26961775534567656,0.04258190871760614,0.5475721140423297,5,0,2
4.7381789332657185,4.4503531980792745,2.36021020319165,13,9,3
5.08697983409627,5.542135176268976,2.3667350161910137,7,7,3
0.26457636870935075,0.13554847033053663,0.5185679655451979,4,1,2
5.216625347706651,3.588478199727165,1.7621236169145995,5,1,3
0.24259776560503332,0.17749821135021174,0.4903538668418165,5,0,2
0.3309323498720218,0.12751337338949592,0.961364923070693,3,1,2
0.03780683823043575,0.021281809522629452,0.5983852343606146,1,0,0
0.16769361870827065,0.08449393299522218,0.5733054281465999,0,0,0
6.2145016291193125,4.864824607964985,2.6893146037580262,8,1,3
0.1098955391731324,0.05950861365053247,0.4138690420302892,0,0,0
7.459706382757512,4.479399661933891,2.0030759375661744,8,5,3
3.413762267600934,4.838483617884063,1.7859983012974001,9,4,3
3.442133840785659,1.8495929348125788,1.9028242809950298,2,2,1
0.3729453889817841,0.13085772742088755,0.7044316426185357,10,0,2
0.21290564493352598,0.015195858423158237,0.946788188890362,4,1,2
0.07212541074960832,0.06716028390604291,0.5291202755138033,0,0,0
0.3963132362065199,0.040318639344623555,1.0628095246968197,4,1,2
2.014932218220404,4.167357200110804,2.2482332850316515,6,4,3
2.8952578318806363,3.4539104660960134,1.7171862752874258,3,4,3
0.2712387450185007,0.08765176158038852,0.6893419449439493,4,0,2
4.580634298161906,5.449619888211811,2.5009233536277984,9,3,3
3.8566676072498467,1.6470979724421753,1.3628061280329886,2,1,1
0.11926586898644184,0.07862733563662368,0.4571345473083467,0,0,0
0.26381877067440207,0.20391389882021846,1.041363716261864,6,0,2
3.017122280708865,2.5343211097950427,1.569500981705618,0,5,1
3.3408505284622723,1.9745288604682985,1.4454163684972745,2,4,1
4.0881379513426594,1.3321966666768197,0.9047615799727173,5,3,1
3.2881104688017575,2.675496952863758,2.045539313514478,1,2,1
0.11732241047484879,0.08038567847283538,0.4147775357002676,0,0,0
0.10919247723768474,0.07288586137119879,0.5399469372602185,0,0,0
3.024515258810557,2.208329530274297,1.6731616957583852,1,2,1
0.351859673445753,0.11716139644735088,0.5711585542413469,4,0,2
4.4546873054771305,5.335044313944146,2.7000818180269754,5,1,3
0.14112724560515946,0.04165266372789832,0.571573424117084,0,0,0
0.13540543383442954,0.029148446106588476,0.591987151595443,0,0,0
0.15535403346434865,0.04487318643255016,0.6072541799572759,0,0,0
0.2920355285491285,0.09354008451048296,1.006838934159533,2,0,2
3.3913833450616577,1.127015483762509,1.5108837877915005,0,2,1
0.0,0.17741588526917068,0.8246758032674542,3,1,2
0.16706787180849675,0.0985526642330981,0.6665292823646618,7,2,2
0.19329267839291778,0.11562099100499615,0.9665836806242653,4,0,2
4.26379977236326,1.5566674826578126,1.4799123329054262,0,2,1
0.25326094009608385,0.1489416947446783,0.7264378083260731,9,1,2
6.553371006957997,3.7681618659452165,1.0758609350638095,6,4,3
0.27429569739214615,0.10045300268783776,0.2831744162121531,4,0,2
0.060155237226476165,0.009001174428450442,0.33288302275059345,0,0,0
3.712726121191785,2.4693055393127468,1.546129148863412,1,2,1
0.3116538427616443,0.16150363195448175,0.4806256359562404,3,2,2
0.27940237213699537,0.14797117785309225,0.6861876333425787,3,0,2
0.1115035379595701,0.06318902482227223,0.5223926873946606,0,0,0
0.10990423803839275,0.07657281656496462,0.6378467355453808,0,0,0
2.50866560776575,2.0278150618828943,1.7120688872755536,1,3,1
0.30072849722414735,0.10038205429682329,0.6477515522618907,3,0,2
0.08165877940926562,0.046787377609490116,0.4334306535106453,0,0,0
0.3125513043110286,0.12868710713904163,1.104121090946195,4,1,2
0.3606659457713127,0.17598327196026056,0.8538243049919582,6,2,2
6.402189835532592,5.087341758867041,2.748129413028404,6,2,3
0.29427563989650457,0.07855956956479951,0.7390713571957712,3,2,2
3.7881500415402547,2.04956289623808,1.8168124819375664,2,5,1
0.22800422691343974,0.03190771250012468,0.4018674063482535,0,0,0
0.43994416792039026,0.11064261335813422,0.780698289837117,4,1,2
0.12043264057403355,0.047169484932661036,0.6943528881122197,0,0,0
3.1463474451184488,1.634070395070968,1.4584297129807768,2,2,1
0.0732018277442976,0.08737635681087708,0.4192408659901704,0,0,0
0.43607298466423294,0.09595581391382299,0.6712113664149715,9,1,2
3.3876733439622395,2.4027088132656704,3.026537049568116,12,1,3
0.40058286206592075,0.015135192540613393,0.9702663934693465,2,0,2
3.14745375726338,1.7636538611382142,1.3558920982525935,2,5,1
0.12120305222320449,0.02134657420520695,0.6805574432686815,0,0,0
4.783354577288206,1.8985380217328862,1.5033624459587698,1,2,1
0.022168541323804816,0.030953672385224063,0.46567940731569624,0,0,0
0.05981627160151346,0.06586351376437355,0.47782185962838647,0,0,0
3.893990572175008,1.6137456968039199,1.2361181072508032,0,0,1
3.1348670622042154,1.0614804226848455,1.3520701617071118,2,2,1
0.05765193258408361,0.04137748860849802,0.5257600857398129,0,0,0
4.325414597823085,1.6654516199311433,1.4979964280841984,0,1,1
0.07640340671052834,0.0892517438106159,0.7935657902327778,0,0,0
0.14639200640406186,0.0481631047133009,0.4319826523652049,0,0,0
0.06131054004482135,0.024137169124827048,0.37290482789077173,0,0,0
5.560466428430621,4.963795618204324,2.7720741208454736,12,3,3
0.31784418142130577,0.009650394164384762,0.8891575697663374,6,2,2
0.0700303677277989,0.007585996947298682,0.43802278717461224,1,0,0
4.343790025881575,1.4377391601930523,1.2433401990283153,4,2,1
6.694244688380771,4.8122168803967,1.616080030589019,8,4,3
0.30913209230419353,0.12214258346535536,0.6757822962676113,5,0,2
4.625974755889906,4.152905652627281,1.8881735880845902,7,3,3
0.33898654545349405,0.06874815111071925,0.7285502739871914,6,0,2
3.4431631477930504,1.8522595930496089,1.688740589477335,1,1,1
5.228329380566334,2.61436402761446,1.6002899891253024,4,2,1
0.1459577086805001,0.016542121973768517,0.32742288751874266,0,0,0
0.09045481041363507,0.021095894711755492,0.506502463118878,1,0,0
0.09278197940380288,0.0562636894772996,0.43284877930194543,0,0,0
3.715031942943456,1.8599878835391153,1.8952053913956033,2,1,1
0.10143724114674088,0.05390963463106582,0.4848032617683961,0,0,0
2.8534715205234855,1.528147284284962,1.495000760010617,3,1,1
5.35825762181682,4.6277596347030086,2.239991652108317,5,1,3
0.05389173379111873,0.06711111318041424,0.48964131465942196,0,0,0
0.22424113259716205,0.09829132601722683,0.645522113592821,4,0,2
6.935250645322217,5.230807986842663,1.7630548138451076,10,3,3
6.116503334776463,4.41447450131267,2.671251536418815,7,0,3
0.13694052404437515,0.04988879412703859,0.5333369851260878,0,0,0
0.03585038879057152,0.05388103887211748,0.5452756352076694,0,0,0
0.46460188393686186,0.16741150222125656,0.9326195264772199,7,0,2
0.24778501378866125,0.03525975896088178,0.8856797220920007,7,0,2
0.194585024363629,0.11811042763198709,1.0827564807718708,2,0,2
0.13590928628539672,0.05850642616660221,0.6309865169433534,0,0,0
0.22035324551087815,0.05787604578756484,1.2003174531631395,5,0,2
0.42195012431978696,0.058384226522663014,0.7499750224470725,6,0,2
0.39489039560620853,0.07360925951010212,1.1700089357085175,4,1,2
3.495737062356124,2.1950963053027013,1.5134469395796855,2,7,1
0.15597874557172886,0.053996208674374276,0.6098983357441965,1,0,0
0.1522080438534536,0.07053972526639465,0.3499523450836998,0,0,0
4.707856867621683,3.3387186443991075,1.8227463446604382,5,3,3
4.577293673015693,1.8234399099987768,1.533948003417835,1,2,1
5.702545880727341,2.245187956963041,0.9651757186594074,13,5,3
2.8867881075240036,2.0635869595971426,1.6585617605494205,1,1,1
2.725197821864471,2.4696014258310237,1.3159909198130293,0,5,1
0.4013286498231345,0.043417468160557915,0.7578417364830384,5,0,2
0.12597734187996767,0.07375455066296104,0.6479824144512026,5,2,2
0.12141535486038244,0.0,0.6798480087138118,0,0,0
0.08981631249115171,0.053625023252041014,0.6156833781036989,0,0,0
0.5156474167608187,0.0,1.1311822517688428,8,1,2
2.3347980000347115,2.0514071215775345,1.8776283719280205,5,2,1
7.064863839120838,3.340369524564903,2.2373318656564343,12,7,3
7.3634856503956,4.2257430866837655,1.8761234401056006,13,7,3
0.024851483580242334,0.06391727678187571,0.5480608593347347,0,0,0
0.21625110930580527,0.08247153037233028,0.33964722879376463,8,1,2
3.894757389107993,1.1075307335639477,1.1523620800726186,2,3,1
3.9532219022828974,1.5697463367473448,1.334853521919711,1,5,1
0.09932513876310331,0.061110252926844966,0.5731000626785482,0,0,0
2.9537014846627625,5.228865965355556,2.0751407131217094,8,0,3
3.30533630497532,2.1765196242075007,1.8649584697648611,2,0,1
0.12491108742483926,0.03868847264252019,0.554806692470717,0,0,0
0.02820689244102803,0.03506843306919522,0.7587908973530685,0,0,0
0.3837856778276399,0.1426872978782581,0.8129186720434745,5,0,2
6.121797211264678,4.538401787060908,1.3655989247645528,5,6,3
3.290360006580838,0.8040090552219299,1.2352832090764139,2,5,1
3.610701210915492,3.848048035941706,2.077818616024966,7,3,3
0.06535452023696729,0.033031427316183706,0.48308773143571837,0,0,0
0.07560442959271488,0.05351072459157196,0.3561588833205441,0,0,0
0.3536949571087601,0.05036924795230441,0.6651878192691252,3,2,2
0.0712181086881113,0.04523779127375892,0.5029430591677552,0,0,0
2.6861863580710708,1.3542722177565178,1.9189793538669533,3,3,1
4.691325770256517,3.2556127689873335,2.905294997548969,4,0,3
0.1019428032439593,0.14781245751003197,0.9828195566822331,3,1,2
2.5536861772522035,2.338051819148575,1.5884804205330407,0,0,1
6.396180666120651,4.844368154117098,1.9596421063427876,8,7,3
2.248772084622324,1.6893341382390104,1.8627259194042014,6,2,1
4.071102628591368,0.9527812366425485,1.5191463675100916,3,4,1
2.1777296536637407,4.062916111264213,2.2998028499545544,12,6,3
6.635986478526542,4.920507907957326,1.883014377118767,9,1,3
0.169773376203101,0.17851461491371934,0.9293763109041713,5,0,2
5.629881750372976,3.5656303923252697,2.9824081487817695,14,5,3
0.14078686062696485,0.08056062718775665,0.238186680130772,1,0,0
3.5437103969919836,1.4591744518679697,1.2741842274290796,1,4,1
0.41982597325501453,0.06391419773638349,0.7734914275594138,4,0,2
4.323423184562311,2.000159305732534,1.2120802995501199,2,4,1
0.3148441978844109,0.06524200056399018,0.9501118237414844,1,0,2
0.15005230462835706,0.04884964493989074,0.482048542512752,1,0,0
0.059088965838326374,0.04902205633051789,0.6084198244043543,0,0,0
3.0984361185011986,4.707510994556675,1.8196160778444763,6,1,3
0.11119420121395657,0.08310814226176591,0.48460947730253123,0,0,0
0.14167644808044624,0.056582135574202594,0.4642172066558733,0,0,0
2.4418535687055885,2.2486089902265967,1.3737199306248702,3,1,1
0.21042953994014368,0.0806424518197158,0.6018174091835821,4,0,2
2.67067962563863,1.7198234219700783,1.299470090805369,4,4,1
0.15031464046072204,0.030745348694307756,0.3767568760836,0,0,0
0.11843366544364506,0.059828589054404,0.49297796384823833,1,0,0
0.14980238429029083,0.08229557581419703,0.5521449399059529,0,0,0
2.8063484393807707,2.1868227519749825,2.076450925162801,9,1,3
0.23600845832948095,0.04473103567835502,0.5015697795957759,0,0,0
0.22891651614987557,0.08264679734065285,1.030087303947228,5,0,2
2.905221023050405,4.530628747967345,2.6877856889202407,5,0,3
4.831307316906137,3.873240261202913,2.1819773309104202,8,4,3
0.06484117874370562,0.08882434872927499,0.46811536445052687,0,0,0
2.0805668034549902,1.0263300636690382,1.2916504769255845,3,4,1
6.859736079339255,3.5726622021332166,2.047065257171672,7,4,3
2.5093459225007617,2.0959968943111336,1.6180135033409138,1,3,1
3.599014449487257,2.714759829262996,1.4932067609590878,0,2,1
1.6188515611619918,4.587835143689664,2.6260116129781377,13,3,3
0.09451950980370846,0.03934549003566193,0.544982721372651,0,0,0
0.2966640500610046,0.07483256903404775,0.5283588505932173,4,0,2
0.10498256825438207,0.041139119577430355,0.5149597957518788,0,0,0
3.053022447193959,0.6972116221557336,1.7119562320261883,2,2,1
4.954538460887758,2.3921423766318757,1.5146004129488257,5,3,1
0.24720719535670754,0.05336701803793606,0.78379222592586,1,1,2
4.856106714210325,1.8830601983433157,1.3830713591650707,0,2,1
0.04052940535663361,0.028157168131425343,0.5633225310115093,2,0,0
3.544064634912938,2.8548816258322867,1.4573142922664557,0,1,1
0.11070468720651021,0.049213854247447376,0.555602209684229,0,0,0
4.790848237406791,4.101010686523714,1.735880804307904,9,2,3
1.7040172654159766,2.096399396253134,1.5464551344931152,2,5,1
0.30101929153063256,0.03441670490660552,0.6981958748731488,8,0,2
0.4108495917177116,0.07465077455370732,0.5111416308897927,8,0,2
5.624222665717003,4.649242989920527,2.4174884737477305,4,7,3
3.5444345930058203,3.573981784136681,2.6067130774048115,6,4,3
5.689169823489117,4.851314572718733,1.6465557637019537,7,4,3
3.34555329037474,3.7666620681701115,2.51370199708647,9,2,3
0.06741998261970915,0.03240371292995892,0.47430548748782186,0,0,0
0.15207847455550905,0.2004769825398558,1.0787393501695535,3,0,2
5.234762793123577,1.2550318976798889,1.1413590850003463,1,2,1
0.4786252509952389,5.407226793406746,2.539904477562043,8,3,3
4.662648058686193,1.9876322895987995,0.8739454412052188,1,1,1
0.3971738012521705,0.07468823323988137,0.6818388897798223,4,0,2
0.4508473240120409,0.09127579153140628,0.8918361109665173,9,1,2
0.17926680031601583,0.09855021577293295,0.7168062020364128,7,0,2
0.5566365572808747,0.05076234475207025,0.584601754762697,1,2,2
0.313027296907476,0.2218652312005085,0.6217166274607961,4,0,2
0.06774401226974379,0.045307588600851725,0.5289183673118726,0,0,0
0.1955214462434584,0.1284970206178683,0.4868672605684783,7,0,2
0.3316916986988398,0.10134525916451632,0.7306697616928927,6,0,2
2.990164784030638,5.355836440470557,2.5816857777885356,10,1,3
3.1936045729134803,1.5956029407917844,1.6503486210205356,1,1,1
0.2644256545267061,0.09622588234194485,1.050902549072398,5,2,2
0.11634636868820813,0.05404657592845604,0.46559360432957736,0,0,0
0.38460716299146364,0.09820795099269174,1.1435560132383995,3,0,2
3.541351984101463,3.2562842007293944,2.2310960320077475,9,4,3
0.08605185348340957,0.0642282115893099,0.44838833581285653,0,0,0
3.4521410723472425,1.9955645338552133,1.5338055600481122,2,4,1
3.0659666456764,2.053572664868784,1.8075403813672744,0,2,1
0.12049093284642563,0.0522107063494788,0.47506303748275186,1,0,0
3.2197172869228194,1.769012201014358,1.298103834250423,2,3,1
2.907200766821353,2.2134918419310496,1.273766256062682,1,1,1
4.6301544468139255,4.1478835642820675,1.5255158948323713,10,5,3
5.0007762331001056,1.4612597286800098,2.187742572593423,12,5,3
3.298762804686768,5.537451365553032,2.1745671433946105,9,4,3
4.554620628487318,1.34285745109594,1.4634463166066893,2,1,1
6.901154185682393,4.794536588456905,0.7739734150436641,7,7,3
0.04558453795713269,0.15259295161002684,0.7363479671380269,7,0,2
0.40933085409306463,0.1084046287705391,0.9435741948814051,5,0,2
0.3092974157091004,0.07968021531468418,1.4278227994562689,7,0,2
4.932713963115209,3.4183668546212385,2.14650067607899,5,4,3
2.6579013102786115,1.937356688615281,1.0965039994174772,3,4,1
3.86992561300439,2.3449701384480433,1.5798645780458722,1,3,1
2.4132891886152725,2.4544687484442997,1.3515269413529094,2,2,1
2.8810666331312107,3.2539288742916117,1.930019137693471,6,5,3
0.028461244894097598,0.045626934451299284,0.44077591551871853,1,0,0
0.08847996428971164,0.034564560852142504,0.4683917038877027,0,0,0
0.12150208235955348,0.024129847495918087,0.46669623809462385,1,0,0
5.370138692821305,2.1500875246422604,1.480557223931661,5,0,1
0.36282460676542555,0.05215319103454162,0.6065183902275575,1,0,2
4.435431689499729,4.428716724379791,1.8529241685551234,9,4,3
0.23318876003669692,0.08376977254628122,1.1013968734610156,3,1,2
0.20743328567127067,0.14942311736766786,0.5761676466052905,5,0,2
0.3620013574654954,0.06881034539787353,0.9260169049803003,7,0,2
0.10435235341190857,0.07928354477504876,0.504128745558744,0,0,0
0.2993162802235215,0.12388579900521746,1.3463318000881288,3,0,2
0.07459299011763446,0.07043030785563728,0.5138078408417547,0,0,0
5.805042128801987,4.22397525467107,2.0472598170262826,9,4,3
6.327696987575334,3.154681684441886,2.1664252990567765,10,4,3
4.70750319495192,1.3352974483374591,2.045193245917682,0,2,1
0.29880990302071064,0.06685716845001428,0.8246757524906608,3,0,2
4.13157658061392,2.5231823400252367,1.885074600885272,6,4,3
0.2856442491318492,0.05572671869344411,0.8281999749953928,4,0,2
5.859548306526051,6.00995545535362,2.705531249382217,11,2,3
5.529451041002213,2.2675606853459858,2.5549300191527298,7,5,3
3.7034820034522875,2.3866999080338056,1.8369241198021917,2,4,1
0.10716942336711256,0.0689762619294324,0.47689404631591015,0,0,0
0.06749987095882701,0.028466417450579734,0.5557137618403482,0,0,0
0.38302093880397226,0.1339173442659516,0.7800424373146048,0,0,2
0.25893070041357846,0.09936292676904758,0.8645181395765201,5,1,2
0.34955897101997746,0.15448101991696217,1.005336414894328,6,1,2
0.4067929101880076,0.1481041466370648,0.968381325120239,7,1,2
0.40689434369867894,0.06941118698329156,0.7050939981656013,5,0,2
5.340597774722319,4.264664208978792,1.728192450825606,5,5,3
0.18694498318987895,0.0446879087942779,0.20457510587579686,0,0,0
0.0,0.06800797176790127,0.42265441559665695,1,0,0
3.441710824064715,3.692391285832312,2.292559696381497,12,4,3
0.1631292051713591,0.03450770059962836,0.632099578954071,0,0,0
5.331177135565888,1.2801473516909823,1.1170145399266016,2,1,1
0.3106419322744712,0.09316866986367195,0.7269861068264623,5,0,2
0.39282946120337436,0.10533444042033949,0.7215645469143418,7,0,2
0.3656595780598269,0.13435246733619136,0.563524612476247,5,0,2
1.8286677323652278,1.8033817954185773,1.4594866194411678,1,3,1
0.2531392378830989,0.05554460435700962,1.0616049332204653,7,1,2
6.16346653669089,4.666952765007167,2.4935947129287026,5,4,3
0.2565175378925423,0.09445072328644594,0.6415693987254336,3,1,2
0.31239907840658077,0.10363149995714899,0.74386921450298,9,0,2
2.426908671637385,2.0277266675788495,0.9683916514727874,2,3,1
3.8476735422449995,1.1046745035216434,1.9430766066644098,0,1,1
0.2904857719201256,0.0,0.572773073425607,1,1,2
0.37608736809468035,0.12107568235782311,0.9935537575966933,3,0,2
0.3460175795219086,0.05790721670038475,0.9213949426342973,4,0,2
0.3194551007368385,0.14958066212811824,0.63968969988374,3,0,2
2.8729491545526495,1.5314965093769464,1.8554953342800948,3,2,1
0.08904497355955679,0.08263713798178218,0.4625465849249749,0,0,0
0.17262337672353728,0.028403151044370262,0.586528975613525,1,0,0
0.2652395217852235,0.2667634094904072,0.8028330318764844,3,2,2
3.4378639335306915,3.172026889416313,1.1664447880007913,0,3,1
3.3964121053529355,1.9726268021618922,0.8150158627418309,3,4,1
2.810670931919928,2.1409744369045254,0.9727729888791735,0,2,1
0.09826441151473785,0.035316524024430085,0.6673363946152524,0,0,0
1.6518898876114634,2.140967151602581,0.8101633428990305,2,1,1
5.035351193105521,3.9991899834776077,1.8300636068353873,8,5,3
2.2566689343931237,4.053545612903014,1.4707622669210367,9,4,3
4.746663692919731,2.892833634825914,1.3532920006021065,8,2,3
0.3106739777361612,0.1437704712708881,1.0382508638918322,5,0,2
0.3144862628850523,0.05604353160064384,0.6767494411546751,5,0,2
3.781348347489577,2.352574329469088,1.8628594203408806,0,3,1
2.843079382660445,4.418828608823461,2.553410291695602,10,2,3
0.10189689177238011,0.07238489835128192,0.4632762999200714,0,0,0
0.1938397906279033,0.05722834634546206,0.5220583537737361,0,0,0
0.9878210751006034,4.231674214597866,1.6346782131804771,8,2,3
4.501326024327174,3.315009492024906,1.4523393435448777,6,8,3
0.015828090388952484,0.05590559881241737,0.46991740439677016,0,0,0
0.2698903555560215,0.06829775241057076,0.6761220977124023,5,0,2
0.03896437870429207,0.07386225891702056,0.2895417201234668,0,0,0
2.8113055665547653,2.3916521185443567,1.4771442990144243,2,3,1
2.941866740342549,1.283479797691073,1.6072410557546173,1,1,1
0.2566423183138074,0.08111779188589699,1.1055077716288724,4,1,2
3.306844775150421,2.528365215387839,1.75914820324673,1,2,1
0.14474621884722208,0.007348087476903277,0.36954105561995276,0,0,0
5.071056052386732,4.193750137551618,2.1900252318153557,9,3,3
3.224517684820978,2.321139128335516,1.6361807665211323,4,6,1
0.32246246978228926,0.052047766129401915,0.7036589065546311,7,0,2
7.970905981606556,4.312092596654379,1.5171468100972605,9,3,3
2.823945633451195,1.5416806533182266,2.006447115870837,1,2,1
2.234363554910189,2.1016381105287314,1.6744119178016772,5,4,1
0.09558589758243727,0.009630242712227247,0.4815967600800997,0,0,0
4.815256310875032,5.557037802984391,0.9075725340728942,14,9,3
0.20773421919984486,0.05936526375917226,1.0657322809575183,8,0,2
0.4907264424339979,0.08877190161637581,0.7442664110234847,5,0,2
2.297328492228008,2.070739476467337,0.985876927761228,0,4,1
3.5375668587072524,2.2472487658901605,1.6356016105747342,1,1,1
0.02410631266595953,0.06175711776275471,0.7369287300811497,0,0,0
0.1514577818662822,0.024390888579950667,0.442591742291273,1,0,0
2.222628866449382,1.3409539821022471,1.326208407426287,1,3,1
6.804286016421989,4.881083236531444,2.0710236663257673,11,3,3
0.10176317759858644,0.037828205535205994,0.565964999808237,0,0,0
0.4188618715828915,0.09461154986706889,1.0519911962978248,6,3,2
0.34288158876017827,0.12285493968273942,1.0781140315151556,1,1,2
0.12357341785679979,0.037756661656903584,0.3220601069492779,0,0,0
0.06753612274669965,0.030097030362932414,0.43950932360718253,1,0,0
0.15027369109611943,0.0732576949874208,0.8095506617143134,4,1,2
3.187071032809986,2.1621829871219003,1.0992925434920773,1,3,1
0.07733757954884933,0.040806864554540065,0.505305931293262,0,0,0
0.07959623134892244,0.05643186422678478,0.5690073676336612,0,0,0
0.24798475135047932,0.0987349205718521,0.9463508422020723,4,0,2
0.3951822053051617,0.06673077805019095,0.15576650043191398,3,1,2
2.250764568027694,4.06460752658347,1.7774339169637714,4,4,3
0.11005798279364197,0.035679131274483196,0.40746077423570437,0,0,0
0.3623373181644629,0.018272693949556454,1.1483700608774559,4,1,2
3.6914507159573526,2.0617287780845714,1.7740173272406548,0,0,1
0.1190968967317319,0.11236127350346499,0.6920863530098494,5,0,2
6.1837879109223755,4.108563467835942,1.6298330659269815,9,2,3
0.4050117865821371,0.1901479727736259,0.5027104724199167,3,0,2
0.1003399922279999,0.05502633296476205,0.4275697465792333,0,0,0
0.27244292164083356,0.08101438411410855,1.0458261175210788,2,0,2
4.56542472359758,1.449928791864482,1.735040431862675,2,3,1
0.07541819071839764,0.03898036392923501,0.5322504660289905,0,0,0
0.06785967369497775,0.06381845018447102,0.6533766227639042,5,0,2
6.703555996109716,5.302002400715882,1.9476431941855537,10,3,3
3.4983393951515147,3.9685761362723815,2.118070059847567,7,4,3
2.6335522300476017,1.479056533761316,1.8784496972407152,1,1,1
0.232444795937516,0.023142225845548398,0.5526172552812391,4,1,2
0.28916564076070417,0.11374027320776497,0.973126782936307,2,0,2
0.3472495563342781,0.18510058505733146,0.8057796996639888,3,1,2
3.5853439555205098,2.4541112620458643,1.3767194770278415,2,5,1
4.974497367570515,2.07238274555882,1.8404772844797594,3,1,1
0.21578362360485132,0.06971631699533686,0.857299258161788,3,1,2
0.25639611575801685,0.08689548998185631,0.6382707718368819,10,0,2
6.218111719394602,4.597540290410906,1.6656827842121935,7,4,3
6.151734999265641,3.6249407656789137,1.2262948272718475,12,5,3
5.2441031844659785,2.716494138354789,1.6956503655347057,2,2,1
5.41843169738263,3.5704701769765275,1.711059673771414,6,4,3
0.2967302363616027,0.1636160352455518,0.6727662437294288,5,1,2
2.3382486998235885,1.8644451536766027,1.8875146822563718,2,4,1
4.406834146372926,1.6572227142582474,1.9202331828586954,0,0,1
0.23598872342276478,0.16585109872402953,1.0400111929254885,4,1,2
0.24238102928938032,0.10616653788094374,0.7004467825932319,4,0,2
6.491864773845169,0.6481695114228829,2.825259488173947,3,4,3
8.14652824159623,2.6429637370459584,2.8367724308760924,12,2,3
0.2565300140538742,0.11359295738963604,1.0958232405973811,10,0,2
0.2164638053382357,0.15497917226052743,0.9266677075223325,2,0,2
4.110235005693996,2.3198687533494473,1.3457371666910922,2,5,1
3.007024686853425,4.288963110995955,2.4345627618002483,12,4,3
0.21267433231474617,0.04869915225480387,1.1590117934994515,6,0,2
0.04728343959834064,0.10956496892714121,0.6928737302463474,3,0,2
0.3107777656157648,0.12707970530865798,0.5547589848692509,2,1,2
3.6016557615660294,1.7882817084103613,1.4360110273103766,1,5,1
0.4058467445559539,0.0766299810274573,0.5742271129988604,5,1,2
0.1475153795986788,0.0790655095208509,0.7935406206388469,0,0,0
0.09954405016778983,0.010629915731238927,0.5856975536982786,0,0,0
4.622203333293369,2.1638131086642076,1.4986554610869627,0,2,1
3.4382239377294392,1.2148816729590777,1.2985858669065142,0,2,1
6.096503583634847,5.181259320970286,2.3029647598479324,5,5,3
5.22932431350724,4.695739407226411,1.766683822643563,8,0,3
0.12483496116182609,0.005390639617510823,0.5853165306413192,0,0,0
0.1306386952531285,0.034402941075567225,0.73378277453883,0,0,0
0.1150895949909733,0.10629308888945106,0.41821081578614944,0,0,0
0.22820829698839712,0.14410476209368664,0.7150706466944039,2,0,2
3.5682067826028363,1.6507631208934268,1.311052558726077,1,3,1
0.1885400317817755,0.04243984201963566,0.492009154733745,0,0,0
0.02986973641001532,0.058481337230369024,0.49367260401030844,0,0,0
4.980646413974489,3.5810369538232254,1.838584341302531,9,5,3
1.9942521994358335,3.13704678457162,1.3347427589014016,1,1,1
4.17549084726547,2.399832257673787,1.88731566981073,2,2,1
0.09209960507105053,0.015375973931101496,0.5151403047951733,0,0,0
0.18061103141277124,0.05989411307550065,0.41625942746845085,0,0,0
0.20461936378427303,0.0218962030639285,0.5210303040221995,1,0,0
3.5328633739802133,1.4724896223114077,1.8614027807270777,2,1,1
0.03944919001187717,0.030354119314906412,0.5210496298921503,0,0,0
3.8362629511858954,2.8086793487225274,1.067133427782692,1,0,1
0.22675899636405072,0.028945831145021653,0.8329149235477472,7,2,2
0.5445298965121207,0.06310834011412546,0.7502467389158038,5,1,2
2.286536639847077,2.427184660174711,2.0841912686669026,2,0,1
3.1505750493642926,2.2718270641403033,1.582795754826162,1,1,1
0.2110459081710507,0.11307408433688604,0.35419436252003733,2,0,2
0.406879555515764,0.07064695407978812,0.5973294767006274,1,0,2
4.05405687874959,3.3297063042087145,1.2617962254988742,7,7,3
3.5657846894747496,1.7078854534039574,1.858244444403938,0,2,1
8.089774443094969,3.9255095746908037,2.018924873695447,6,9,3
6.585407465603704,3.6146651488278607,2.398879493400835,8,7,3
2.089532583587225,2.789903478700775,1.5933117196104234,2,0,1
4.441619013551491,2.074443301976885,1.8768664033324076,1,3,1
0.3409869989274966,0.07366832791462531,1.05027297970379,2,1,2
5.218439615602714,2.145456700796166,1.2387700870677785,3,5,1
0.0,0.045730864412991235,0.5306389482073414,0,0,0
4.954257534785051,1.8970038449358482,1.7876958722395206,10,2,3
4.091801191145016,3.1177137173784804,1.2913063649639411,3,3,1
4.791070334517617,4.049628614960287,2.408658503381154,11,5,3
0.3899571013885143,0.10054443986165626,0.7775279293949151,9,0,2
4.923898937246851,1.834594740238864,1.4504752012887043,2,2,1
0.5029554788421131,0.09789998960172429,0.6103876011023575,5,0,2
3.6426884122016303,1.9811410251172044,1.5113891184631907,3,5,1
0.10846804120180391,0.05451523046223509,0.4399614307128894,0,0,0
2.4476705303968047,2.0119731912246306,1.607620843198985,3,4,1
0.3442159988851773,0.10083077023352234,0.6929474590979321,5,0,2
6.291833450399501,3.980432116043626,2.2151738903543152,14,3,3
6.05894253991222,2.045036163493026,1.9741165061294865,6,3,3
0.18246809510949252,0.05522487739393303,0.8979387908387502,3,0,2
0.09164409598415729,0.060111784836717495,0.3428847648882117,0,0,0
6.995114936987019,4.263015340692624,1.893184350863618,13,3,3
2.9097853877995106,1.9608066501353036,1.4703382123021553,3,5,1
0.23239254930257652,0.15002719787345775,0.9960165570915727,1,1,2
0.07449918005726265,0.07558929863315503,0.3257228026118959,0,0,0
3.8412546546978783,3.666603528831856,1.3043128764587348,5,3,3
2.622788534673581,3.77456312327466,2.466334106285103,9,4,3
3.2814416474934913,4.144994336534113,2.0648725214967127,14,3,3
4.011664354269513,3.034009145486367,2.5807513101878348,9,4,3
6.480900900133893,4.43541753879529,2.5541735497087705,5,4,3
5.100055927569952,5.194516763474683,2.6355779245885396,6,2,3
3.9060286202559755,4.264518079396931,1.9508241874484047,9,1,3
8.116833572476374,3.6853050718404092,1.9206854138014724,10,2,3
0.41604725053473396,0.1538468035679899,0.9350967736275688,3,0,2
4.177637101924888,1.5477997488345652,1.7238832780831228,0,0,1
3.2482213260736206,1.5673503624325744,1.259882668710993,3,2,1
0.0937106539950176,0.07636604649705339,0.5952478156952805,0,0,0
6.317526460332761,4.515157710074904,2.0780160548518922,5,5,3
2.8030585398619032,2.2297375294845043,1.455095715625405,0,3,1
0.07852972294373736,0.07905233490972359,0.3902856350371186,0,0,0
3.5439083018771567,1.527623573995555,1.5942867946436121,1,3,1
0.09049804824992529,0.04537398114140601,0.5314444590874853,0,0,0
3.728482177718192,2.066880287027115,1.3829087552664903,1,1,1
0.1348103182406709,0.03206715545369584,0.5938640022678945,0,0,0
0.20786344248626681,0.06537180170652013,1.0453570851117355,2,2,2
0.41579799736368767,0.17952438806438892,0.8197842675755189,6,0,2
0.380523127296691,0.15135479348420214,0.8264287514382657,2,2,2
0.17526370273099545,0.08179993827260526,0.6465337414583913,5,0,2
0.21464018457401796,0.14125581798813336,0.8136252912191803,8,1,2
4.212268147177994,4.018236389857742,1.6644333550145873,9,3,3
0.04926216346535666,0.05336119611933641,0.5928932013532215,0,0,0
3.2487631936093075,2.4300417074192726,1.8334838825702526,13,2,3
3.38634315750096,2.733687994163839,1.603333483305174,1,2,1
0.32446344205279143,0.0596861481010918,0.5605944309762592,6,2,2
6.642706000824912,6.175551831341554,2.1225324936694365,8,2,3
4.619394137670385,4.0776389179282395,2.2192521338835514,4,3,3
0.21156500730963163,0.04877848657295248,0.633932658948,0,0,0
0.06690089111016956,0.046036086472405605,0.5297876191023845,1,0,0
3.2721074412341657,2.399943644852992,1.7898278566068961,4,2,1
3.5127200859861096,2.7308761076079042,1.9892055951606307,11,6,3
0.1270002208683068,0.05220750007989916,0.7799202460104318,3,1,2
0.15493884259935953,0.03728884317191193,0.6233724278336193,0,0,0
0.13935423018712262,0.03209860315446791,0.2925359962453632,0,0,0
0.4610028715740119,0.08425629656634702,0.8400046811333183,4,1,2
0.14908827434957972,0.0532097924794696,0.5092376791639924,0,0,0
0.39145032173518324,0.03139597822814892,0.563793054398629,1,1,2
3.262687765804782,2.0215627154765246,1.4423090447155118,0,2,1
0.15947352444623203,0.04321755441459923,0.608990495909083,0,0,0
4.2738771734428225,1.1291179438083487,1.338081960554469,2,4,1
0.12460094239963997,0.06371179492596833,0.5851591045893197,0,0,0
4.637857775969372,1.5044028911877227,1.4685538902178612,0,3,1
0.3516585357979167,0.11192524369042976,0.986229340115114,9,1,2
6.289961999050384,4.410563634699841,1.2024378975187384,4,3,3
0.02035031332341654,0.06744394000145956,0.2287387436189562,0,0,0
6.977892289388727,4.914669649330396,2.5134775428986256,6,1,3
0.028802142377492748,0.0340772639362701,0.29346972249593894,0,0,0
5.317022789225093,4.806625462857699,1.8505195846452398,6,5,3
0.4838305516151506,0.24617768312569815,0.9220447126422069,3,1,2
2.384753463623186,2.282623561987365,2.024929951764249,2,3,1
0.18827271201405485,0.0577264663562312,0.5819373268139406,0,0,0
0.23436076123974608,0.07050100658936147,0.8127813699671417,3,1,2
3.1125113367303094,2.1480667949428023,1.863379648947904,1,0,1
4.032470542855071,4.336720033692954,2.437981919878771,6,5,3
6.992762255335087,4.477112671344076,1.693947101618096,9,7,3
4.491926309886955,2.9611122801347265,1.678802601895836,0,2,1
4.366613887366563,2.6438848019389276,1.4157698016505333,13,2,3
0.0,0.05700740432772677,0.5021092747850587,1,0,0
0.13464593115158058,0.005591579821297481,0.4646735864561842,0,0,0
0.12579696088520498,0.055944885467602484,0.48065723714187947,1,0,0
4.032022432272786,2.3062058264576875,1.1794687542462514,0,1,1
5.093796644587794,6.7643956395370815,1.758737730187434,9,2,3
2.383935823928105,1.497647569646602,1.1710124867558047,1,3,1
0.14796354130426034,0.03830764538685601,0.4932128618300518,0,0,0
0.09128228710485821,0.07244748437406319,0.40756426663696244,0,0,0
5.628610698276486,3.9453557285494893,2.619882919161273,14,5,3
0.10800091129263939,0.025109149998305547,0.46065621037254495,1,0,0
0.13505863711554492,0.0591561121985157,0.5955802745112481,0,0,0
4.998546360669854,1.9069258905171755,1.4639184182022702,3,0,1
2.420140901864138,4.881661264352667,2.299234675908661,11,4,3
4.480336894626079,4.704897939924548,3.2187559113445845,4,5,3
3.375451520313576,2.3684185620525895,1.6208154567809465,2,0,1
0.19024853298948313,0.18340142192724448,0.5120491329305175,8,0,2
4.97511021479192,2.3266431092825477,2.0732434145201535,3,3,3
0.23364483556622923,0.09675991507592387,1.0715199630432184,0,1,2
0.058725140160374424,0.08808273179146014,0.44874658893534497,0,0,0
0.1746344284479761,0.06923974378143682,0.5685290084710968,0,0,0
4.401161731522689,2.2850262987243646,1.9097846656842887,9,7,3
4.713457776231136,3.8061669146378967,1.587960551795348,5,5,3
0.357685423672584,0.1629309214531251,0.5784863593071463,2,1,2
0.4488470830123175,0.06331350708187482,0.7322760263351926,3,1,2
0.3425640512886821,0.15924706838105238,0.8074014264009535,4,1,2
2.763098647768201,1.9197568898357187,1.7414362330582196,1,4,1
4.336991154633674,2.1366556247925823,1.4630065202801519,1,1,1
0.06400778958026457,0.05865919650721393,0.6071080500402806,1,0,0
2.775306922952791,4.546069934031925,2.5419356182410158,6,5,3
0.2175296090865455,0.06984429727945726,0.9755653649754518,6,0,2
0.17187150800041592,0.04501554565322377,0.8734573198522755,3,1,2
3.136824441267184,2.6677369489253273,1.6713849159492888,2,1,1
1.605418849527697,2.6468765779329804,1.7968797988771412,0,1,1
0.3840730574531254,0.016025777082177048,0.6738267390793411,9,0,2
6.592109104193657,3.654122558265658,1.1207779315301964,12,5,3
0.17088194658286868,0.12515598909810302,0.5685816402835335,6,0,2
0.22276500699554472,0.081811641452357,0.40056449343691264,0,0,0
3.971449493802358,4.821245430586233,2.1781920190309987,10,3,3
0.22111184646644455,0.15211467368512757,0.6320878278231117,7,1,2
3.1596595171170967,2.991686799711287,1.7807919477796852,1,1,1
0.17902703432841868,0.06436834846943282,0.4257613629569265,0,0,0
0.5405679674439449,0.11887220702602148,1.0244962551949013,2,0,2
0.04354741143913854,0.06044285091867872,0.46581781797538646,0,0,0
0.2860711637770498,0.04499039743329251,1.1830528991435325,2,0,2
5.74146951171976,3.076969398507896,2.636995191862514,9,2,3
7.65979925233912,2.6026829879928344,0.8768637264043293,9,3,3
0.2224095613883953,0.16604032668828492,0.5991950773111147,5,0,2
3.7452358478942362,1.816698715080628,1.3024103757134908,2,4,1
0.15677828200902996,0.08064735449356232,0.39214872586354027,0,0,0
0.0950561508351426,0.14628985217164847,0.9542558193945875,3,1,2
3.004784901995265,1.2333039555406349,1.8666582540320387,1,3,1
0.22303830997164786,0.0,1.091977766375654,6,1,2
0.28960108111031174,0.04046382720680878,0.831399888135438,2,0,2
3.5586089173717927,2.1474153446048474,1.598049662845056,2,2,1
3.480469610532898,2.306078403477776,0.6198688058311569,0,4,1
1.9322271371023407,2.7072930769803936,2.1670555881037976,8,3,3
2.229511754418178,2.878188993813996,1.4928387095071642,2,4,1
3.4505334286767484,2.221140819165155,2.094981796776228,0,3,1
0.1354178223649677,0.024473911669233284,0.3419396059190831,0,0,0
3.7550937885365623,6.256740005483445,1.7304736776425833,9,3,3
0.08454417678987494,0.04827860614418214,0.5056741683296819,0,0,0
0.1483644296348819,0.04487813653407683,0.8403697273915725,5,0,2
2.5099862860968605,1.937103686170835,1.3599433768800242,1,2,1
3.953568239653968,4.5604597114903465,2.4260427009961725,2,3,3
0.44993826224975286,0.06017199031145664,0.8799593481537423,5,1,2
2.4231904270921234,4.873534296539805,1.7674286844285518,4,3,3
4.315594244596163,2.618102489129798,1.057316176085118,3,2,1
3.620198558746055,1.620918090250036,1.4980797742190586,2,2,1
0.11017318179336116,0.055774473256500465,0.5036782833174235,0,0,0
6.301372989634979,1.8144679855495738,1.5820783719785032,0,1,1
3.9981119956445417,1.2660409111805997,1.0494489226110486,0,3,1
3.9621540960596775,1.0742065828547067,1.5733794208947651,1,1,1
0.021180392150787528,0.07933081718557206,0.6532873355636312,1,0,0
3.5005599923396953,2.380596186350754,1.3558739341789519,2,4,1
0.15970547015236863,0.01618656744787096,0.6966916962508254,0,0,0
0.11920327244696537,0.06993141021158894,0.4398055558064823,0,0,0
4.47048845961338,0.863413898726584,1.06058799551473,1,4,1
5.0051959988790395,1.7016137618161924,1.4708498680882491,1,2,1
3.489420182053979,5.146541539797032,1.2084014229726465,9,4,3
6.06958248032537,4.357111878332907,2.373173574500814,4,3,3
0.3775273011660303,0.21042038850318656,0.8439625706125725,5,1,2
0.18605427554474577,0.04552903670620398,0.9794703404643312,5,0,2
0.08386600805789321,0.061718084023292985,0.45622626775956754,0,0,0
3.351777111156879,1.8782967626024403,1.7996179710249294,1,3,1
0.3339725422190299,0.0,0.5441405004420832,9,0,2
0.3620173126774159,0.10165640608354663,0.7237748202328882,7,0,2
0.08459828579071293,0.02815757599302866,0.36500743621387266,0,0,0
0.14380334040548193,0.11424571984076418,0.6839155898429149,4,0,2
0.09499229617600237,0.03523885832677217,0.4983776882404059,1,0,0
4.7103315323537975,2.386015633548694,1.3923956843296732,9,6,3
2.8215052695127785,2.255367774803637,1.4569730350623213,1,3,1
4.802717989823669,5.944376336837887,2.37351421964174,6,4,3
0.07456423268955253,0.051339365082904584,0.8877217488672263,5,0,2
0.23067891724671666,0.12405184065471578,0.5454082234088306,6,0,2
0.27125011604762667,0.004998103772710094,0.898958956865702,5,1,2
0.2201703591654891,0.10101713559052887,1.2091661612029643,5,1,2
0.12823029629468002,0.07193094236460508,0.5039713821719635,0,0,0
0.22390132096893195,0.04141273491768507,1.3354121062415194,7,1,2
0.11757241037707915,0.06713404960485111,0.4369154449209144,0,0,0
0.09833850046777697,0.008731936950410912,0.44218865412843567,0,0,0
0.05580712818994335,0.07163533455345658,0.602944055592704,0,0,0
4.975847031728408,4.8611563512995755,1.6195269825517404,8,3,3
6.987741845107003,4.946644895974076,2.1051870085979494,17,6,3
5.500797345456196,5.4962146506259355,1.423598147749507,6,3,3
4.8489252417269135,3.218113050198113,2.04634463457275,9,5,3
7.836461308323234,2.891192751774464,2.229604287251465,9,4,3
5.690041892653086,3.882654730298678,1.7748611341371492,9,1,3
0.117780667439283,0.04031763010830365,0.648959940944765,0,0,0
4.022445210926694,2.622778407341813,1.0466719354642429,3,6,1
0.04712842357062247,0.03214362901645515,0.9340608238586078,7,1,2
4.345101891336569,2.3029129938721224,1.628876962793849,8,5,3
0.3634679084186089,0.032867945810062915,1.0222851913688094,7,1,2
0.44006565745681997,0.0,0.7613208397678602,3,1,2
0.2604270226289,0.13005067632473136,0.5082147090964899,2,1,2
3.1538957282199847,1.5740143774750128,2.0485875787325476,3,1,1
0.12568929754561045,0.050478060865699115,0.44940338010121444,0,0,0
0.41078403000269387,0.1085689973361771,0.7897845791764283,6,1,2
0.38168448965985796,0.11151170568687552,0.8130449963338555,8,0,2
5.100907991888915,2.0834080297591386,1.3933359986427882,0,4,1
3.7665475795388295,4.7978813055218845,2.2884537057980086,9,5,3
1.8760821574300328,1.5626118878728161,2.2425941402808305,0,4,1
0.20590909893902776,0.07119930116401205,0.9056198524552668,3,1,2
5.987388725365699,3.392207588209843,1.9511734007570019,10,6,3
0.1821336476627982,0.04492647844915238,0.46123701673367534,0,0,0
3.2097774030453325,4.377547080133974,2.30672158064104,8,7,3
3.133611413310848,3.647055222147808,1.3773293523214498,13,2,3
3.500223947995788,1.5011211086703227,2.005761045666457,0,3,1
0.11235821525934817,0.18526713713258852,0.8774651240795489,7,1,2
4.179146468231442,3.0801907106794513,2.191175323852809,4,9,3
0.06474940721207956,0.05554716923929352,0.39965610965004966,0,0,0
0.3675214865326233,0.026725422260348533,0.8351976379050922,2,2,2
0.26627210304685545,0.15552901587543677,0.8845324286958113,3,1,2
0.20773272234065318,0.15383087943332163,0.7016245993025141,6,0,2
3.7485451051189873,1.0245497666053094,0.9722138939878269,2,2,1
0.2719025515399281,0.10058610745429329,0.6190032626754272,3,0,2
3.6329320730584027,4.052333927020652,2.2316545216225747,8,3,3
4.1074040879845795,5.002023919287968,1.4829162971141785,9,2,3
4.575750044336455,2.6136671854065545,2.364381146923383,10,6,3
2.918419236772782,1.6850568812136424,1.7286191621587794,1,0,1
4.772198554250098,2.0533348276835226,1.521931276314223,3,2,1
3.59468138947073,0.3352481012459354,1.4685683964955396,1,4,1
3.150114650876997,1.708328533560756,1.4895563055726142,3,0,1
0.12405046158683566,0.07097414252833127,0.5390366194395375,0,0,0
0.4441555742511234,0.17713743938678778,0.9217935804547226,2,0,2
5.052990449091354,3.4251130375671583,1.6619448757212785,12,0,3
0.13713412091798613,0.029403763029163102,0.4967957629319513,0,0,0
6.157914533948656,5.119195887146244,2.1551927181926294,12,6,3
7.656031109284111,3.0549168213628946,1.3612821081170803,8,4,3
0.3689784148135493,0.06898093623077628,0.7682079721577262,3,1,2
4.0990841852948225,1.6386098722777531,1.6042090210548374,3,2,1
0.5281437645176927,0.08323490730973544,0.5014903967508926,7,0,2
7.369584410515891,5.540598126976159,1.9541586306819543,9,3,3
3.6237546425242773,1.8758744430694532,1.3459809957671816,4,2,1
3.996323713667625,3.719597388505302,2.4771415552176084,11,6,3
0.06461652671906096,0.0348343586222482,0.4261302501670437,1,0,0
0.054814906963493594,0.033072805602260544,0.5715174390128058,0,0,0
3.6328037205883947,4.843302130894784,1.9776946974586793,6,5,3
6.731238722700855,4.682036490721475,2.2739338114407412,6,3,3
2.3169144847502348,2.3220324614786114,1.3924661432079974,3,1,1
3.9423480070134813,3.3535630618903047,2.531929333037796,5,5,3
0.4119272790062115,0.10057905576893292,0.6112417817956918,7,1,2
4.518216218129575,5.761131422016099,1.7923833297728926,9,3,3
3.492744301534339,2.6112010808252513,1.6581213596034345,3,2,1
4.895101906502298,1.5444149699875778,1.4548249354875216,2,3,1
0.34013813907803786,0.0,0.7114698607902409,4,1,2
0.4864208796072724,0.08933542374259722,1.0930370286744258,5,1,2
0.3341132221261107,0.09325966940188808,0.5035920856026832,5,1,2
3.4467875637270167,2.5691407224447897,2.3939563550211442,3,1,1
6.5407638664830845,4.578170866158159,1.6869394800447854,7,9,3
4.156898706319647,1.1949891635455017,1.4743743501500801,2,3,1
0.20547329205267173,0.05187848138422769,0.8788004324263377,4,0,2
4.710166095365318,2.6722169540415024,1.381772856305827,2,2,1
3.905850266692899,1.6053767025569015,1.4550567843762627,0,3,1
0.18876554463047562,0.05094986936503286,0.4245133803428079,0,0,0
0.22319349625686924,0.05797101259598861,1.1238289107637705,2,1,2
3.4214092040311805,2.8338989665022574,1.5331406267658407,0,2,1
1.658080921068457,2.353895807077509,1.2226067944655905,0,0,1
0.08138966119644736,0.036427138774117934,0.6119687778553381,1,0,0
1.9854264909414434,1.9901596228358653,1.182197793817552,0,1,1
0.24539486199029711,0.13949527484647709,0.9325214373350409,2,1,2
0.1866257499742546,0.03663309610306397,0.28901617593743584,0,0,0
3.53042963213336,3.3775377425746598,2.1498099594026803,12,5,3
2.846862610070059,1.9642071535530605,1.2475477623265405,2,2,1
5.251175918913061,3.1236140868100115,2.1222155403216885,9,5,3
5.142551759959303,4.84547457958272,2.479227988151205,12,9,3
4.3526920594856415,3.6152394325533135,1.3165966648759508,2,3,3
4.130605246886289,5.057799899034018,2.1669928346024445,4,4,3
0.32933596425638345,0.06772399003041057,0.688016431170968,3,0,2
3.68178123258716,3.3398143469500017,1.2679755220154951,1,3,1
0.12941586032422883,0.024077666715002114,0.636337651353834,0,0,0
4.165182782689842,3.44463032756481,1.6918750933040638,18,5,3
0.09302051859224132,0.05001365637914965,0.5349923715249393,1,0,0
0.4112738803057232,0.18911476319249715,0.9754597039739512,4,0,2
3.3191925549127737,2.051482621232305,1.4053296922396434,2,3,1
0.07816178813808913,0.06965366285539883,0.3486169498755146,0,0,0
3.1777263539364204,5.061868626044331,1.8716289986039165,5,7,3
0.42634175399628005,0.11020987343070436,0.8679467045259895,6,0,2
0.11723358710841122,0.1443878291896757,0.7540971625812727,9,1,2
0.5108590383357174,0.041089058716519716,0.5773038677216082,3,0,2
0.23641141021165385,0.14958068302704386,0.6719748789372195,4,2,2
0.23084032920961028,0.11489830692446597,0.6671129496833155,7,1,2
0.2863781414532496,0.1365205397541503,0.7439163664033625,6,0,2
6.668160957955299,4.71420616764,2.8350227201625384,8,3,3
4.0692893232700635,2.407267729847662,1.6283306833051834,1,8,1
2.588406623413854,1.6674463144905973,1.6274758807181051,0,3,1
0.2501607288046377,0.08424334151299676,0.5854120553843357,4,1,2
0.4023760810137304,0.10736125055063464,0.7245672477617573,6,1,2
5.409237581803427,3.6125962320052594,2.5728150704353023,11,3,3
3.8712067634700587,2.6041616429736165,1.4388349593060437,1,2,1
4.008535317627131,2.4718508171999205,1.6093805411114495,0,2,1
8.413703265718734,3.1790542188078827,1.7762335073287248,5,3,3
0.04878061793328551,0.037368445416693374,0.5417465089821295,0,0,0
5.559452894048266,4.395963232723341,2.6280770351689,4,6,3
0.14631077011207963,0.050282985299315165,0.29192594746090217,0,0,0
7.330187236648616,4.964463519638416,1.9712660899039876,9,1,3
4.053627409358232,1.8878795222259068,1.228622635886078,2,1,1
0.4436158506374239,0.07393513024678358,0.9975556221718986,4,0,2
0.4391552339761616,0.07007598867879405,0.5323897447485175,2,0,2
3.5315890061525783,2.19301230935428,0.9960764020443014,1,3,1
0.29846442624842434,0.06260609862758268,1.106188143319507,3,0,2
6.45405311096318,4.183379848040726,1.9333613900202384,8,5,3
0.1473763231061429,0.0651312934982628,0.6002236166702926,0,0,0
0.10170762087440123,0.050387624753960504,0.4774193250923958,1,0,0
0.1419245387225821,0.04518669650939574,0.5436235704801056,0,0,0
0.12310304466259483,0.043887787716923934,0.394350292937474,0,0,0
0.23891122079291327,0.15749685779200306,0.7578630162569174,7,1,2
2.4688939467057365,2.251117360175987,1.7150638604458355,1,4,1
4.0385031566390435,1.897353739185743,1.0740524059627292,0,7,1
0.26225805383681644,0.15370068226730005,0.8956426731031142,7,1,2
2.525547452389704,2.817431425580174,0.6736435114804882,1,1,1
0.10204595876978606,0.07883890011603781,0.6314074981524604,1,0,0
0.09200307350182865,0.05441082854027734,0.6162259597505667,0,0,0
0.27710213308061943,0.09780504470181074,0.5333117434428599,3,1,2
0.060356358386882795,0.08494726395831118,0.6399486426972343,0,0,0
0.37271692217035424,0.07054845605469294,0.5175273818970443,7,1,2
0.27192441919819266,0.0369716994675051,1.042974570580835,4,0,2
7.39852052803719,3.6179012423604737,2.126214083905434,8,4,3
1.9710286695766017,3.0456782924937333,2.184271949867159,8,4,3
3.7144632674675515,0.8112150850364488,1.9691884010579113,3,4,1
2.649802254185344,3.2204619827282674,1.5729309174985242,0,2,1
0.07419776358913131,0.031241488469272025,0.47617663249443826,0,0,0
0.011578031721857424,0.02167545888414709,0.5460042323860466,0,0,0
2.1120776396137924,3.6662055024070224,1.6078041510533054,13,7,3
6.221110928172872,4.8365609171839195,2.8770677553939823,9,4,3
0.21288764353661893,0.15845590217068808,0.782158786958694,5,0,2
0.17827620146171702,0.05888396654581344,0.6180989905305672,0,0,0
6.110152540619295,1.284378777636673,2.1625477436703493,3,0,3
7.356839092125698,4.673227792840501,1.0270808540466176,9,3,3
2.220352151650757,0.9736087834147373,1.5153228913395236,2,1,1
0.17267670385786585,0.018703944572758896,0.31469815171024307,0,0,0
0.07476125393858914,0.04507233194970904,0.4785045161921049,0,0,0
4.038116818035858,3.5006799838407714,1.820813765566429,8,2,3
0.2874333849164256,0.08321616310481245,1.0270820123685305,5,1,2
4.989765532776951,1.5723516623535172,1.8514029331775048,12,2,3
0.029231462897479285,0.012468945879162523,0.6028768991423481,0,0,0
3.270376575978757,4.770841302549707,2.38972677093888,12,4,3
4.217738706658979,1.034273855451889,1.7680626617667328,2,1,1
0.41950497596109865,0.11510046927951058,0.41569125934310297,7,1,2
0.31407424938352446,0.13796704151233524,0.48868428590559726,6,0,2
0.20118031096148198,0.0672287305126561,0.45853694911859694,0,0,0
7.30777407605796,4.817499353237115,0.9881405799167469,8,4,3
4.688806241193157,2.131944247175011,1.5691601001634017,1,0,1
0.06371280934232673,0.0654384030967335,0.5366746407892257,0,0,0
3.51433642217576,2.2543816655246522,2.0542980008827345,2,3,1
0.6648163204187041,3.3164604257543724,2.002492624737158,8,4,3
3.8424508791769014,0.9778347618994627,1.929490796081391,0,4,1
0.029666945157588887,0.01284197097203426,0.40235999513362025,0,0,0
0.40372643892756865,0.08362749960382572,0.4784838152766225,6,1,2
0.08135834239541165,0.08281229126976575,0.2972322728329151,0,0,0
0.22898546688271593,0.052901274919187634,0.2512177942437669,0,0,0
3.540307699330248,2.5800412561993067,1.2819331850385864,2,3,1
0.004335987767110111,0.044900884128926045,0.47623166830390157,0,0,0
0.15944566857373216,0.03821335537145276,0.594588815655464,0,0,0
2.174842844802238,2.607532802795819,1.5734324523335095,0,4,1
0.25020024441063315,0.11770886769481051,0.7846344246820005,4,0,2
0.368631480504423,0.055204256221503656,1.0603294269590853,4,0,2
3.6661406130783307,2.1098790419700717,1.422312349569746,2,3,1
0.3401462499205369,0.11248315259655525,0.7373247477959253,2,2,2
0.062212742025357766,0.05318925013608258,0.6127686294516429,0,0,0
3.5891981966125712,2.778593316188379,1.337914341631295,1,3,1
0.2879455332149319,0.13376504149334184,0.542806902674111,7,1,2
0.138983026613467,0.05270676695784582,0.4544801095183841,0,0,0
2.009752476700953,1.7977424576791523,1.756999535960822,3,2,1
0.2794167866434983,0.05195330380604982,0.43254721852634526,8,0,2
3.316909912368745,4.461467477220299,2.245078228306162,7,0,3
7.936106672802323,6.2414244444249185,1.9046440526001087,10,2,3
5.125060086785393,2.7680949168631264,1.7104005001682323,3,4,3
4.212504442092161,1.780737747197509,1.4339371411097768,2,4,1
2.311430460714732,3.325665669427051,1.5619130506017729,10,6,3
2.0371744031126573,3.708329158652274,1.2864042912088065,9,3,3
5.0331934843740305,2.0744845939639314,1.9608930587697766,4,5,3
4.6135259337671135,2.3248982040836053,2.4735580870103884,4,3,3
0.23815043149456594,0.0,0.84789530820365,4,0,2
0.25144700235362866,0.08363250198387019,1.1049513327636926,9,0,2
3.98674150215806,1.4070738353805652,1.307183521835186,0,0,1
0.13710476860046536,0.04871844471702567,0.5439452690457991,1,0,0
3.198201506603747,2.5365590133996876,1.5466738407691916,1,4,1
0.078655946502629,0.07989876454906472,0.529845181398144,0,0,0
0.39261708048199817,0.17814116328218754,0.4652008025275898,6,1,2
0.3097307817443308,0.06366281285167108,0.7813291257427909,7,1,2
0.32874552605067014,0.0812257799905929,0.7684864477662163,6,0,2
4.226794943975853,2.259873797756739,1.7661277705152156,6,2,3
0.0,0.04862731907829063,0.538173416896251,0,0,0
0.09722261505516906,0.04215057787878254,0.49399624583114354,1,0,0
5.734442833548438,2.486977366002378,1.8532006787535578,8,5,3
0.11312806645009625,0.039247084844403674,0.6953107198272575,0,0,0
4.596574699027474,3.5509903178496427,1.6915602635638356,4,3,3
5.798861486613527,2.918358124646022,1.629785937881563,9,2,3
0.33368746903727736,0.016822038604340853,1.0832284763083486,9,0,2
0.06218246273578484,0.01690225127543408,0.2615693211214254,0,0,0
0.08059115907293857,0.030639084829795094,0.5139028686953125,0,0,0
2.222915437668881,0.7697820889518974,1.8592269599414721,0,3,1
0.08504963247670663,0.06993717546931616,0.6037158898658244,0,0,0
0.46927446168010817,0.1362400338775413,0.454400428282324,3,0,2
3.0449500834525716,1.1823671374236304,1.748372427525677,10,3,3
3.736717121026393,2.673839042756312,1.3841288733865897,2,1,1
2.939323695871468,3.4819815948433845,2.243076391216757,7,5,3
5.834081103644813,5.683659666932549,2.274769304576036,10,4,3
0.3946293246829594,0.11895800962343218,1.0367532212579111,2,1,2
6.344012129098944,4.098410019149587,2.557432432630728,12,3,3
0.03101909176055348,0.05571606573589466,0.6309444101402648,0,0,0
0.46943254502691634,0.021298351849060565,0.9522282625305502,5,0,2
0.19667844019774822,0.15689834945006684,0.7427460621022437,5,0,2
5.057905432318357,2.4164727214125206,1.6575433976364815,1,3,1
0.07739548335834598,0.05713945518533853,0.4593025633626629,0,0,0
0.1470385593994108,0.03298929442505912,0.4251200203979946,0,0,0
0.13597844113742202,0.10392088489783288,0.48421768691068356,6,0,2
0.06599876392107545,0.0602158417705519,0.5518101702029976,0,0,0
6.483883298064493,1.201768631713481,1.0293843376213019,11,7,3
0.3656074965485495,0.10305080131742861,0.469336504383701,5,1,2
5.360832848391949,3.815799060789891,2.2393076019029907,13,2,3
0.2697869614879297,0.1492596045890553,0.9321262246052988,4,0,2
4.079076300875503,1.680467333583992,1.7343026863821454,0,2,1
4.865560370432178,2.2607975801762534,1.5235719662883378,2,2,1
0.12432508219131011,0.05365002061198427,0.6306072203871629,1,0,0
0.14450992055623935,0.054549917514641076,0.5439150133700418,0,0,0
2.6539603273723653,2.7690081409308167,1.0994951263055928,2,4,1
0.22897786691350597,0.046506709616954,0.8054323214278238,4,0,2
0.042682730349065605,0.03104214565462028,0.4221905214167286,0,0,0
2.640540276551983,1.789507065993412,1.5741869998722757,1,1,1
5.391094465920023,4.774307316412491,2.508583804206505,7,4,3
0.12192378694048638,0.01910125306646483,0.49256546702414755,0,0,0
0.045947172979586885,0.02585956704285569,0.4715163062257799,0,0,0
5.869272932584346,3.5254318204315656,2.119272455969468,9,5,3
3.9441165275049426,4.136899288302021,1.8412963017518702,9,4,3
0.10163984977057933,0.06264908433284602,0.47510263447193246,0,0,0
0.11524024429824375,0.09692771595397462,0.8245757120253335,3,0,2
0.04662335428728636,0.050084597179883034,0.49585282220008525,0,0,0
0.035336352106441815,0.06155957047279115,0.41561461225751006,0,0,0
3.9261565596461847,1.6816347204459714,1.9561802705289635,3,2,1
0.14779957019940262,0.1050864222271117,0.6969439883678269,5,1,2
0.0482378838790313,0.045268894255621084,0.47224863811397666,0,0,0
0.18634819256167026,0.1130411346902417,0.41139597530216226,0,0,0
0.07042143055820851,0.03333887885998483,0.41483378256656067,1,0,0
0.4210226724912163,0.07327882191604501,0.7836323977472281,4,0,2
0.15049085446713173,0.05728280592109323,0.544848545419644,0,0,0
2.4545728213544593,3.6141012777853607,2.3798027690276196,8,2,3
3.4063909766336335,2.099028462942575,1.4999604941319187,3,1,1
0.13787538550236528,0.03859297267172639,0.5249417687685042,0,0,0
0.13904619230209764,0.09344086070673387,0.8731308373738736,8,1,2
5.43809057008005,3.022878247822562,2.0480508587478776,9,2,3
0.04660985392104035,0.04305395422084314,0.5331918447707887,0,0,0
0.449272262869163,0.11631133678601478,0.6066958799974851,6,0,2
0.291717709117722,0.08004175644926004,1.0497543237119964,6,1,2
2.938949147977732,2.244422944906494,1.4099045572303581,1,3,1
3.968523602818836,2.279830785162184,2.236181601877617,1,3,1
4.166402508573499,3.2188328672030893,2.6794506778712135,11,1,3
4.709586923745702,5.121551211876896,2.320132606103782,2,4,3
0.16756118743923423,0.04311028343657645,0.9527285167764672,2,0,2
0.5311303586756249,0.040389972331713736,1.0314643795817484,2,0,2
0.10640522074553947,0.04817200884981771,0.5975713377669251,0,0,0
4.7526853073635715,4.024516610157282,1.3798760007717341,13,4,3
0.05233356958706439,0.05486246917025787,0.32983341417125833,0,0,0
0.2823450291017018,0.04264978169341003,1.2058419960940596,0,2,2
4.497611644188701,4.191177445438094,0.9305010237551752,4,6,3
0.4641207216661535,0.049872247970964234,0.72714262403516,4,0,2
5.692478965836267,4.589244181707031,2.262583961082049,6,3,3
0.061109165620456235,0.0349512952529393,0.5020106466869099,0,0,0
0.41593295983307,0.09303959178370488,1.2960408449994987,4,0,2
4.386552984527659,3.931918414332553,1.8922330743891296,10,6,3
7.051719053273779,5.595419783669381,1.2669111188530855,8,5,3
3.0588233092062396,1.8019580169603655,1.6862489835869598,2,3,1
3.1079522173328855,1.6754618332166804,1.4122451419351976,2,1,1
2.280698371158591,2.2757281188686758,2.1660662962026054,9,9,3
3.1994640148212317,1.876303530026282,1.8480744395488857,2,3,1
0.4274118092607574,0.06876513168521323,0.7983924131330687,2,0,2
2.496698169024503,2.460968300642678,1.0169490606019698,2,0,1
5.287661565232896,4.698018582017474,1.7756702940955893,4,4,3
2.382672991068765,1.8998916667541719,1.3495059963610627,3,0,1
4.804834763319329,1.670252281580786,1.6357872089940362,0,2,1
0.10566352052688822,0.03784707309253055,0.26215683401266715,0,0,0
0.040318158412176,0.04501856310693919,0.503214314696456,0,0,0
0.12678138418632795,0.1910119375174886,0.9092466383576675,2,2,2
0.284231686779797,0.08132723992912916,0.8498240493080177,6,0,2
0.4299797330427939,0.036597095040228886,0.8065639025859602,5,0,2
2.2701168847134596,2.228101659575872,1.9360902452624842,0,3,1
0.410715590916468,0.13649605984524557,0.7855838642462195,7,0,2
4.232844069850316,4.580993517519422,2.5875440842017476,5,4,3
0.051265916488633934,0.02648810788750297,0.5273010717494385,0,0,0
0.28032356045722967,0.05648938580064338,1.08703814246006,5,0,2
5.165117580199621,4.476635262124688,2.2953664206472792,3,3,3
6.15512810771043,3.643498751406543,2.0737435698985873,1,2,3
3.907502889014168,5.228165132912005,2.064651171351587,12,5,3
0.1550481983627687,0.14787157302272613,0.7444152255969813,7,1,2
0.08895179130851681,0.031508717712438,0.5434941038367899,0,0,0
5.370329362630627,2.209378381465881,2.2505783812760427,8,4,3
2.744539198607118,2.071794912739746,1.2202321834659884,0,4,1
0.3798451421859454,0.09266277135525822,1.1535089305423853,1,0,2
5.963081771110451,4.042405533785846,1.4933542206541404,9,4,3
2.7618629379680573,3.3507170294816704,2.4133584882815207,8,6,3
0.021840459565167142,0.03445257030308187,0.5962502885800102,0,0,0
2.6787136159271405,2.3070181319786043,1.6654195028334726,2,4,1
0.2849138973214658,0.13874453155758842,0.6797820867917217,3,0,2
3.5466373665659656,1.8396877618465943,1.4892727066879456,1,1,1
6.480965837564715,3.3069570483098323,2.542268498662822,10,1,3
4.306254030051913,4.548671989290295,2.3099647940859924,7,3,3
0.3393136383522225,0.05346031881533653,0.6732610457249555,7,0,2
0.007956288433417738,0.05024998643814501,0.5338357441935959,0,0,0
4.477263370303122,2.0802810591487098,1.7064855325464696,1,3,1
0.3810780144288253,0.08606422414752905,0.46715358867728746,6,1,2
2.651514656447972,2.393385750132982,1.9853218602337526,0,4,3
1.6826611340104622,4.185005159284134,1.7879400153757734,10,1,3
5.3467917499803415,4.160957165619044,2.658255601439686,10,3,3
3.576518062243711,1.2424425318752597,1.5425634127885486,3,1,1
0.14362286641400723,0.03771754869983368,0.5771401794903767,0,0,0
5.689375498963995,3.4009591229853773,2.721608845791863,6,5,3
4.275675299615689,1.6831056771111,1.378092944588873,5,2,1
0.40972327856643564,0.0779758258719578,0.7543397201276619,10,1,2
3.112508685094566,1.9771446226770863,1.2348030303233997,3,2,1
0.00062155426995536,0.08517240968390266,0.6478071898356444,0,0,0
0.12953274153461547,0.06723272248995889,0.2733947905850717,0,0,0
0.09821792588512583,0.05226280914106046,0.6156006669451127,0,0,0
0.499616972094123,0.08574762174916907,0.7216986530602791,1,0,2
3.145422329402712,3.3959838951872214,1.537044322828055,9,4,3
0.17135089136879214,0.0937847594355638,1.0321612619720684,7,0,2
5.185701754034971,1.2253987774260808,1.6240879133143007,0,1,1
2.9617628699252108,2.767560869906326,1.509085090965889,0,2,1
4.676010985197706,1.5946712221506636,1.0424683076956918,3,3,1
2.69278432251556,2.123666650841262,1.345953490867784,1,2,1
0.11305276360899447,0.054225673845589455,0.3878248897144112,0,0,0
0.2263466212936811,0.09330112135613206,0.25963313988994696,0,0,0
0.5401110131083261,0.14421691560516142,0.8307851625130689,3,1,2
0.11688013310376011,0.08469873151673618,0.49364264608138786,0,0,0
7.162046902750106,3.717321164722332,1.3166828335877714,8,3,3
4.863607295199699,2.2086646508302197,1.4545911289272773,1,2,1
0.3939286160211046,0.05849616503931994,0.5663999431660773,6,1,2
3.2491663281887693,3.192298900165735,1.1464689861207973,2,1,1
5.772386465747091,3.6001095229478475,2.2543011965819435,14,4,3
0.0591532164506382,0.04191205153632078,0.6091805339074645,0,0,0
5.817443567824487,3.5019923194257223,2.0438846730418523,8,2,3
2.4268097259329506,1.7535575438081408,1.4319920190303843,1,2,1
2.9102236454540007,4.3262625913311314,1.458724177544435,5,4,3
0.34368247171923877,0.13334130173403203,0.8250334599887488,2,2,2
0.287129082318491,0.1002735289002687,0.8484839731678037,6,0,2
0.10442034431459238,0.040234523150969106,0.377677976993807,1,0,0
5.849108558025033,2.153394981230726,1.5939370251578975,2,0,1
3.4683254392844383,5.118295932253658,2.0567955473103754,7,4,3
2.8487125350168183,2.1407917025429173,1.7325268235236921,3,3,1
0.21676037916667376,0.10117899164171419,0.842045919700843,6,0,2
4.304855938180079,2.11711020679978,1.4966981035114777,2,2,1
4.138184040728213,2.667552308634312,1.5516476008819322,0,2,1
6.561327140421008,3.0954321461030325,1.8192702281765172,10,5,3
0.06615389998470206,0.08741930350743565,0.5341660231952626,0,0,0
0.078534888774137,0.04863753149664094,0.5824102896855706,1,0,0
0.10916710028691759,0.03664440887062228,0.2750567545799236,0,0,0
0.12445935650738318,0.02819583186401141,0.48531464787446993,0,0,0
0.01483087803224227,0.01721031674949132,0.5341825213954966,0,0,0
0.4911648183486101,0.03292347145867665,1.019664615543681,3,0,2
4.977720295302075,2.3266841918979426,1.1255091594392046,2,1,1
2.6385565705357137,1.5719575639995442,1.2806217080018865,1,2,1
0.5913392555194963,1.5426731323371352,2.202216783457703,1,4,1
0.14328775970850607,0.061162790290370125,0.5654431027105621,0,0,0
4.000437721935204,3.7012423609984912,1.2088588564187113,8,1,3
2.653601694222312,2.3832279799248544,1.2415761812440973,1,2,1
2.977479070590363,2.2275377878601854,1.934101385275518,1,2,1
0.11905791924413889,0.045209961559565005,0.5995973678846446,0,0,0
5.443762606900918,5.488091691784532,1.5731923237785668,8,2,3
6.116584210502861,3.8800314425253455,2.0038530585256975,6,3,3
0.2713441443303926,0.055464234211487336,0.5773342868173266,11,2,2
3.957541934004781,1.8418517318175778,1.8120080159588063,3,0,1
0.1321361379933772,0.0839144575562173,0.41874542298780143,0,0,0
2.2261626748657957,1.1224489843644192,1.2065777212009343,0,3,1
0.271858692207555,0.0,1.1286372540598142,5,0,2
2.9272267218438515,4.675618742126078,1.3698214154042012,7,4,3
8.224652654211653,3.85030086463822,1.7263567599361092,7,3,3
3.46321160279855,4.125887787356001,1.5530157873095325,11,5,3
4.110439819809493,2.0860294611831294,1.6539143602230753,1,2,1
4.756714155899861,5.152746462840864,1.4016106534066226,11,4,3
5.551215620921132,4.891587467999899,1.6635726120413932,8,8,3
0.04401650526869281,0.0510332195370216,0.4727066679774487,1,0,0
2.421684933370772,1.9756118677496917,1.8125000199250052,2,3,1
0.27749950968766385,0.1726557743143619,0.8747025159436892,6,1,2
0.050430382527184646,0.058161056936735116,0.6892191760833069,0,0,0
0.3291622250663185,0.13181013297013913,0.8059235174668123,3,0,2
4.220639231357267,1.657976984810479,1.5452602885534688,0,5,1
0.017730062652155404,0.05624756420933144,0.3467481723170336,0,0,0
0.11615838570923909,0.026976925268942617,0.6540441239776673,1,0,0
0.19422931529673046,0.03437687243737772,0.46606888128618407,1,0,0
2.6577042832299314,2.137624343784182,1.4775656110046076,2,5,1
0.023840654760811264,0.07127881975121712,0.41392708366046616,0,0,0
4.795928668335989,5.122912208716256,1.6737427740521242,7,3,3
0.08286562029598257,0.023657361601068305,0.4358885739775355,0,0,0
0.1945014353063128,0.12375283656252001,1.124897437386985,3,1,2
0.1720636644533058,0.045882811382393196,0.6290758424122428,0,0,0
0.28571170272120283,0.13358554325510882,0.795487976744815,2,0,2
5.821690913117829,5.132650727263951,1.4684241442439512,9,4,3
0.20822766421384697,0.08304252974700943,0.7046302681684196,6,1,2
4.077516954607212,1.7065386972774526,2.070529712610463,2,3,1
0.1744931719301041,0.08232600085443834,0.5475751991831532,0,0,0
6.5082668412740485,3.723798724879954,2.5432217347410337,7,4,3
0.16062404640831354,0.08510106666039848,0.6412588039280722,3,1,2
0.13033615295680914,0.03521942683953534,0.6021635213827609,0,0,0
3.0396076673433448,2.304954561327322,1.2431135629019159,2,2,1
0.303564679076343,0.07574839625591726,0.5468824022290295,3,0,2
0.22228759898084133,0.05777957458704368,0.4489010829804273,0,0,0
0.2378765635067799,0.13820838989002412,0.941992786401342,6,2,2
7.022824106827246,4.574628347347326,2.3782993828249737,8,7,3
5.704649398851249,5.435222771772951,1.9664435728520004,10,6,3
0.3680378376985219,0.13912083524877253,0.7902879770360874,8,0,2
3.237424340684378,1.9693169799500436,1.7671224015560525,2,3,1
4.369572518653421,2.006327232074327,1.0828712982630573,4,1,1
0.13448539026225972,0.035436561980603694,0.5788204140797186,0,0,0
3.486381334484648,3.514510537592829,2.1149443549093414,9,7,3
0.10484979824963592,0.044422332116984875,0.522328091325537,0,0,0
3.1299775341627556,2.971288589415316,1.0580562370060411,3,3,1
0.19268206126270332,0.09573301457320264,0.31275413587777856,8,1,2
3.6348014232902033,2.032924248782959,1.2486062355962044,2,4,1
2.7053408158541963,0.8737332426081754,1.5267684860624247,1,3,1
0.1180697802754207,0.05076475989920057,0.38210765087016746,0,0,0
2.644257420048493,2.055418189346111,2.142813310339256,2,2,1
0.3841550281523479,0.029469399694069462,0.9332158960986934,6,0,2
2.836661676487698,1.571413813054147,1.106483870126793,3,4,1
3.3503640557482073,1.9126444810350127,2.0865978648449373,2,1,1
3.4263488530741104,3.972500994929245,2.150738519254106,13,2,3
0.08256739327960705,0.09249542806033922,0.6548639295024037,0,0,0
0.09073561705611459,0.037559303888912376,0.5520756120358711,0,0,0
0.2453879170250622,0.09006594422158008,1.1068291140102329,3,1,2
2.1893542156956274,1.6698093147322304,1.6581990238442015,3,2,1
0.3201505746251358,0.10256880428400907,0.7853684354145155,3,0,2
3.981920775057455,2.710256135066616,2.369619955121038,8,3,3
0.10259729429036497,0.020411115537205524,0.4128806969992369,0,0,0
6.489225467344236,2.464786566464301,1.9726186608212464,4,3,3
0.07799777566515081,0.039671407122248564,0.36641375958313865,0,0,0
3.1579826541952247,2.841331457324057,1.7725335496937318,3,4,1
0.11972260711891484,0.025957009478478225,0.4970783594146015,0,0,0
4.933625019820946,2.3502976986385637,1.9053266839011005,3,0,1
4.847673270841635,4.04949021733826,2.252976116677431,8,2,3
4.59958446432767,2.0484489380171573,1.543727591798297,0,1,1
0.09136600934071779,0.10545352915252078,1.2946035193237408,5,0,2
3.454186475400159,3.19485595919699,2.433405521829615,9,3,3
0.0,0.042799214624860346,0.5143426566857493,0,0,0
4.514408302039773,3.9697312295137364,2.1613250968415882,9,3,3
3.3662206274787603,1.608910273023683,1.3449872671710343,4,2,1
0.18199822646856967,0.06995264153840489,0.5819739717258094,0,0,0
0.26155084505083454,0.1148738367632674,1.264745732725987,7,0,2
0.3917138661520512,0.07970056992175947,0.8860519255164933,4,0,2
0.20066936237633115,0.03400118986596132,0.34098581693197016,0,0,0
0.408321774810704,0.17091537349629687,0.42412305885370444,7,0,2
3.289465059647008,1.4659878120544112,1.7132322075525581,3,3,1
0.44264972727185825,0.08115032470885532,0.5888288719304615,4,0,2
0.3566930965281476,0.08992540500433137,0.9939762414029671,4,1,2
0.5323069327220917,0.07459277397567857,0.7734552481050905,8,1,2
3.7542589122648753,4.982915672925987,1.524935231767159,9,2,3
0.10704431234556021,0.06724447023773955,0.5578928648571235,0,0,0
0.14302367441798727,0.06775007934828119,0.35184192284486315,0,0,0
0.5092390289003299,0.2043219891013948,0.6666792748421684,7,2,2
0.17364400553971157,0.03687420953657476,0.9488439691198317,5,0,2
5.1059616703525155,4.547641502309266,1.1207268364744096,12,3,3
0.39049201496591335,0.08707176843853223,0.7958245438156198,4,0,2
2.0089200763885264,3.2058200958942846,1.1486876881014552,0,5,1
0.32121695388641197,0.06906359775973515,0.9370976436995075,5,0,2
0.17145601014915157,0.11708425499444164,0.6483296031476343,8,0,2
0.33671283190533624,0.027579126261224426,0.652850889274398,3,0,2
0.24265784862327827,0.0561877162089054,0.9596096308935128,0,1,2
0.04570874355574073,0.06565259652633036,0.42960836745844555,0,0,0
0.0,0.056881078431269334,0.4146067091539944,0,0,0
0.05134655295592223,0.04568780842863956,0.5683212404001069,0,0,0
4.076992246074927,4.287626557620759,2.4459229270805083,6,5,3
0.4658592015813623,0.17900918331372448,0.8528938514265297,5,1,2
0.2597759551270906,0.0552715076206729,0.8831895779759815,5,1,2
0.07479100844961643,0.07058826201910652,0.5182994449645261,0,0,0
0.3807255427935368,0.2504603288248325,0.7218853772833119,2,1,2
0.09483891235337519,0.05438604674400872,0.5117124216149851,0,0,0
0.29781659238252295,0.07221432277262563,1.271890524497265,8,0,2
4.075521470188404,5.649567105052614,2.076249005571358,7,5,3
0.1618319965889947,0.08635766018299967,1.0064007487608055,0,0,2
5.506993785360039,3.5978808848315866,1.708267615683949,7,3,3
0.4669275097223265,0.12679180762335804,0.4052918180012302,8,1,2
2.644160927722033,3.4752071868697296,2.7863881326269375,8,9,3
3.0605932518486263,3.242145865103535,0.990091119763783,7,3,3
0.34342359392005306,0.11235321625667508,0.7392856129760107,4,2,2
2.8729721481696053,1.3184484597092032,1.3551597933945152,0,0,1
3.4993915176777106,2.2553380689294036,1.6128977872939725,2,4,1
5.40585154992321,4.121940929208815,2.3541508920016385,9,7,3
0.3714860034167277,0.17043213582270683,1.1185862305594714,5,0,2
5.7421304691571,4.065590755469783,1.0998612114539856,5,4,3
0.15627173922073848,0.07623386898545323,0.470220384377604,0,0,0
0.3666258540250306,0.0899536099025473,0.8314901874158347,4,0,2
0.0744708180357761,0.13068405140583167,0.8587053665290604,4,2,2
0.12063904634682493,0.022657243870795086,0.5973622249427847,1,0,0
5.099836009694801,4.903440230412623,2.6413670086538517,4,6,3
2.429331628583403,2.870691827643353,1.3698457429942283,2,3,1
3.291794742010034,2.0075169627708953,1.7336048237177368,2,4,1
3.0565705817649644,2.892279444426793,1.7165763757225116,3,0,1
0.359891600447091,0.14531533688308224,0.822314811010456,2,1,2
4.83337419598994,5.978263303213664,1.5333364459080505,7,1,3
0.24574240890741592,0.008207984116772371,0.9208979120348852,3,0,2
0.06654636306700418,0.06900031657339292,0.5357661366631089,1,0,0
4.346771109008245,1.7474913646274117,1.3947141773585736,2,5,1
0.40071968560019283,0.08121776894693461,0.7826982184620062,9,1,2
0.43522810829223857,0.0,0.8280391147453835,6,1,2
0.18643135081909956,0.014504577782314676,0.8361558036268943,3,0,2
0.25298339204381615,0.11357263971383041,0.5736896666505442,5,0,2
0.16878534066558099,0.04634862051240918,0.49540711712598395,0,0,0
0.3072271477619685,0.11794396652232893,0.6253327892371244,5,2,2
2.6425575704527833,1.955332067264477,1.6304678888032016,1,3,1
4.57147593025456,1.764575084938858,1.3431656350301486,3,4,1
4.359813105865717,3.262765798451379,2.150305630210851,10,5,3
1.9833374537140787,2.482632192190224,1.4753570863281404,1,2,1
3.6183500656551773,1.4574131608321277,1.1061479180721823,0,4,1
0.4992982119844491,0.13111513387039367,0.7870963457320016,5,0,2
0.01687540059821628,0.09195878678264863,0.603065980824156,1,0,0
0.27765827518703384,0.10434766450559346,0.8015062624097076,5,1,2
2.8150038498736074,1.699897887707186,2.079197477716878,1,2,1
0.2145471286295371,0.035438458042893584,0.5871524386087934,0,0,0
0.10714715473818534,0.06752338334382466,0.4109431189408986,0,0,0
0.5347035947946297,0.06701589020124822,1.0935250039945563,6,2,2
0.06693365219626074,0.2031416459462403,0.7331803648116384,1,3,2
0.10458803882677511,0.05561272808980273,0.5334438514848522,1,0,0
0.34735735373322885,0.14483979916819337,0.48458634646543697,6,0,2
2.749977318434283,1.3936296925625975,1.5057776902053377,1,4,1
0.37906010971403165,0.04153350765924775,0.9131699365508843,4,0,2
0.22752449117650936,0.007755178088765552,0.5475426364533513,5,1,2
1.1745798458603196,2.928925075645332,1.7002149309421706,1,3,1
4.406645500784057,3.331194130275267,2.3029826928717743,7,5,3
0.2384666956031082,0.14186059291818143,0.8937237650711986,4,0,2
0.2532307063268969,0.1518094672548359,0.8489211369189181,9,1,2
4.727145825607164,6.049034115262851,1.1977031608689102,12,2,3
0.07822568147150784,0.013922744148752705,0.5859833561467458,0,0,0
0.05887900338088997,0.05740423779883482,0.5797975254581905,0,0,0
7.47248105729051,3.793980323922826,2.7516619603962282,11,3,3
0.22575551402874966,0.09505812566758448,0.7616657826055487,8,1,2
3.8062991288309287,2.447942579166912,1.4268424375633275,9,2,3
0.16309081403437828,0.1987728763578938,0.398296415246016,5,0,2
1.0076103484169328,2.4671558688353854,1.2817602881298984,1,1,1
0.45177727839378523,0.13011618415025478,0.9671565631865614,5,0,2
7.738919933348582,3.8940560101584745,1.8113071591589887,5,3,3
0.4603965047869026,0.10946505304237987,0.7729279918735847,5,2,2
0.06997882171306474,0.04023047839779281,0.49491992113804667,0,0,0
5.5134823840010245,5.312430751300107,2.23259084001199,8,6,3
3.67769804579024,1.8260052252022083,1.5619516875437491,2,2,1
0.24277935052191274,0.08196903163044417,0.5108242508095977,3,0,2
3.7520037612019284,2.7157944526070557,1.6908707485290972,4,2,1
0.2163697921347968,0.221219999533219,0.8096512513948639,1,1,2
0.09813888817450793,0.06208241779177036,0.509352349643861,0,0,0
0.38395606455539233,0.17521924187784432,0.7874331050517055,6,1,2
2.3903906320969694,2.064723321273722,1.278259032230789,0,3,1
0.0,0.03622228914849189,0.3976746776624416,0,0,0
0.15235491513060773,0.046792798379103384,0.5817306203738326,0,0,0
5.177625442156135,1.3643578754429488,1.6612386260175604,1,3,1
0.14203100132522767,0.06972753011811875,0.5385749968181694,0,0,0
0.08959415713637302,0.043652990155149306,0.4741991463802391,0,0,0
0.2986296613797205,0.07623226183378742,1.266409920852822,8,0,2
0.07208491230269848,0.06255212595123663,0.5355338195590137,0,0,0
0.06275486775967755,0.026116211978154214,0.5398763764424814,0,0,0
3.2573335385728774,1.6622157357043919,1.344182603372837,3,2,1
4.983890153767762,1.8387389404464716,1.518403099272259,2,3,1
0.395364895982703,0.126515463687078,0.8194605658723692,2,0,2
3.672657216542479,3.1341615464762675,3.2373117301901164,7,4,3
0.10157015501093908,0.12926786673978022,0.31665326997088095,5,0,2
3.479078962616923,2.0308673382301485,1.3920478617658836,1,3,1
3.4958574150558457,2.289986085516805,1.5121286819500401,0,0,1
0.15897200603606437,0.060165372793491795,0.3588943168933918,0,0,0
0.30431440196404613,0.10838531620577277,0.7139913613037314,7,1,2
0.15288366172433962,0.05728928161410597,0.926727633001509,4,1,2
3.0047695212589165,5.213723221965539,2.9791342070494378,8,7,3
4.013609294415222,2.6870679120750545,1.2343042806740203,3,5,1
0.1855854240071172,0.05315522878587539,0.481214059899128,0,0,0
0.1148492336616593,0.06804554347573294,0.532557781678707,0,0,0
0.11429326953624526,0.03948240648209592,0.4342865037721942,1,0,0
0.2061833271562814,0.1588859017695299,0.5594375282906163,5,0,2
1.157521662334653,3.055171326048189,0.8991154758404422,0,1,1
4.036150471484104,5.076201459766532,1.670906664717413,13,2,3
2.781003297255921,3.728389743340402,2.1918863256150862,8,6,3
0.23868178715981703,0.05741237477136874,0.8004341694391885,4,0,2
0.37068509856776927,0.08437913312444105,0.6267913171355535,3,0,2
3.6006936866088273,2.7536924402563896,1.611414483093312,15,5,3
7.3405288479392405,3.587915207409707,0.32228080394986525,4,1,3
2.0752343462785108,1.9195475308617007,1.762696908968471,4,1,1
0.08423653776798272,0.05735298585982843,0.536039339501808,0,0,0
7.097103394416817,2.626463922958866,2.0338912503732725,9,2,3
2.888811497749714,1.6187092852514762,1.3428943401969318,5,1,1
0.1296550628984192,0.019299195049352808,0.6711028809190788,0,0,0
0.18713069992373405,0.03763625576853045,0.9666319822571918,1,0,2
3.030270203510402,2.372593440946914,1.279703999305988,2,2,1
4.5421905769830175,2.1998899588084257,1.7022432015359967,0,5,1
0.08388397653943301,0.059830112944935676,0.5776936702931517,0,0,0
3.9207665625185864,2.2929064917773276,1.9586336507130921,2,1,1
4.610677684054092,1.7065208950118578,1.965413316302848,1,2,1
4.495520566578183,4.516963620756031,1.4654441675747654,10,2,3
6.259616705320369,4.157230466430411,2.2738496642310606,3,3,3
0.0935089650133287,0.061654751663477295,0.4672193540123477,0,0,0
0.23576786003880396,0.18762143941936366,0.7979445872166646,4,1,2
0.044673704562916486,0.04250355886756388,0.6128239783268837,1,0,0
6.253600588595306,3.8459452735328825,1.9447310677040812,10,4,3
0.1422590913030627,0.11669568406766212,0.7175587095004671,4,2,2
3.2389912758276864,2.1410002712772553,1.343673311360725,3,0,1
2.640600789182799,2.4970013941844234,1.305443511148604,1,1,1
6.483377769738807,4.5491692804359385,2.5425754301011634,5,6,3
2.7201933242623997,2.2567606846273676,1.2758334503338546,2,1,1
3.3860034471603737,2.3629105740193985,1.5028535519822983,3,3,1
0.07676913513508035,0.09698151573401514,0.448409468686766,0,0,0
4.330004046905006,4.321876526945744,0.5275423668448942,8,6,3
0.2626125920376212,0.08434439457358293,0.6944892603720778,3,0,2
0.09302768621595003,0.03867210817570554,0.5558723836944486,0,0,0
0.10852081111877439,0.04379384589230193,0.4954877109675948,0,0,0
5.804150534500657,3.88883821418305,2.1992536086680743,10,2,3
0.2955890566871103,0.16640319811806353,0.8066571500433731,0,0,2
0.14088831496001436,0.05840383085789984,0.6212129204233486,0,0,0
1.6750222530388832,1.8717025821052382,1.0693893518859332,2,3,1
0.2312496714862221,0.12760681320708925,0.825639016355225,6,0,2
3.9334524416994805,1.9585565080625673,1.410318780894051,3,3,1
0.33653918191297133,0.14773310924050365,0.8297202185874103,5,1,2
4.022680120957188,3.2623486662062002,1.638128382074667,2,2,3
0.4587009279876079,0.1045376523581234,1.0619696823320837,1,0,2
3.6814610634806386,2.411171149343776,1.0530590803904478,1,1,1
5.765309135467661,4.499020392425357,2.314971623695769,9,3,3
3.4270305681187216,1.6010889392786103,1.7812218847408487,0,3,1
0.41223899422205934,0.07777850016371445,0.6666038961776172,12,1,2
3.4576681043397874,2.217270048627145,1.5534719231715166,2,2,1
0.06762290971824204,0.06035989552782904,0.27253789687938,1,0,0
0.16585575336699326,0.050256572870873706,0.5833157766629434,0,0,0
0.4638761246950032,0.1279032384284251,0.39576764800689584,5,2,2
0.049918999505254226,0.060229991507237235,0.5863528242521521,0,0,0
5.799278907167774,4.615428870505716,1.7801476428813716,6,4,3
3.564791350123381,1.723624606466839,1.1575752623318343,4,2,1
0.20421935648662656,0.132615630496957,0.5935153328670896,6,0,2
5.124467465257346,3.971310943950643,2.4446851875199545,7,2,3
0.09120727977839645,0.045027682924666454,0.5686567746753176,0,0,0
0.17420580142679826,0.07813869491783501,0.5281230492218604,0,0,0
0.23698053558230592,0.1411852756782772,0.9587075268805032,3,1,2
0.28511224519331635,0.04058819567449995,0.7487658649456862,4,0,2
3.4237218482604175,1.7733232749497059,1.5438705837067084,2,3,1
4.0948543733972445,2.02601032521981,1.425068216387885,4,3,1
4.731125560303447,3.164216491390118,1.3710442133888057,9,6,3
0.2829113738216046,0.09363229548703347,0.6489727164133332,6,0,2
0.3662272247690808,0.15779740037425252,0.41424068946466774,1,1,2
0.3744648949116316,0.08214321856117388,1.0182615059075202,2,0,2
2.7851927410085295,2.4442234651792774,1.2030254060929353,1,4,1
0.09863477302450341,0.05639049341565911,0.4753664718820152,0,0,0
4.68516303143934,2.6424583924375415,1.902833089326901,2,2,1
7.22290044577589,4.2225750231829124,1.609069172673847,4,4,3
2.654291175152719,5.789574603237723,1.905493301818865,6,4,3
5.460763867616543,3.5044254287046046,1.846746411964876,4,2,3
0.10026218498590916,0.03860334143522483,0.5534364898636384,0,0,0
0.15668850484335323,0.0577474296126598,0.5826403317330524,0,0,0
6.030438138066551,5.580392561400516,2.2278412661983733,7,8,3
6.729713582662035,4.016375720358548,1.4798165919116264,6,3,3
0.17266303316605172,0.05231649174453892,0.519540322128332,0,0,0
0.2219233129753948,0.09877519927413711,0.5542689350480721,5,2,2
4.142717152631484,2.154578859758732,1.2464309683689438,0,5,1
6.714352234251632,4.790669236972272,1.9978706178806174,10,6,3
3.355950905186008,3.863581886247758,2.376518266054186,6,1,3
0.3494149344805352,0.16431535608044015,0.7389474506337536,5,0,2
8.59398339914752,4.095880526082343,1.6241234479359523,4,1,3
3.573886936124554,3.001473542038143,1.4524076921870697,0,5,1
3.7349281250881154,2.1261065016814316,1.5565436973268458,5,3,1
0.17636165404640952,0.07212384693783631,0.400013618944508,11,0,2
0.1270731364102394,0.07592126123562792,0.36462453252902416,0,0,0
0.049358443983278814,0.05171786012586661,0.28952504942809854,0,0,0
5.078945092717976,2.3839218473340558,1.2336595858987038,0,8,1
2.4197329402193075,1.600128555944734,1.9860476054870122,1,5,1
4.248273189472468,3.397293980239833,2.230171330839323,10,6,3
0.2351719224147797,0.23788629621127957,0.9399906714038403,5,0,2
0.08594498535570226,0.08870308080120459,0.5171469317590391,0,0,0
4.565963719731826,1.679884752265993,1.7497997273641082,2,1,1
0.10933833822385391,0.05882614303398492,0.4616125258669217,0,0,0
4.937063590618554,3.02376903734025,2.1772737581706036,8,3,3
2.870766236612581,1.5532095160109947,1.4156417963407713,0,1,1
0.18349522521757033,0.05622219982286391,0.41502790785223037,0,0,0
0.11952324249644448,0.032073346828158766,0.42886967730505204,0,0,0
7.74581706162306,3.632087811163392,1.7881701392876006,8,8,3
0.4429611094094432,0.08019863685660443,0.5096820665882338,3,1,2
0.4101345039542963,0.16064268693921033,1.039189440131239,7,0,2
2.555091277314933,1.9047374051899812,1.0657811723823178,1,2,1
1.346411887055448,1.5704613418173716,1.3477405969422696,3,2,1
4.610499865647384,2.0702544521428026,1.1388343096881046,1,3,1
2.706806356773262,3.5945002562831014,2.0700942064570955,7,1,3
0.3410770339192896,0.15741422815599726,0.9602480072048633,6,1,2
3.713371708732332,4.6074839745936895,1.16926263281831,8,2,3
0.06686881205270767,0.041771467857679954,0.575341946350243,1,0,0
0.2656461774570435,0.04128888590265837,0.6190992827113546,5,0,2
0.053879490775074874,0.030675073604934922,0.5124285694850851,0,0,0
0.2225067461824967,0.12063925584845145,0.696414840365844,2,0,2
2.1353236740994586,1.4486118130898404,1.5623789075885024,2,2,1
2.5798477685423142,2.254522572398572,0.9154864479803546,3,1,1
0.23178853406874894,0.13885943688364355,1.08854690590911,3,0,2
0.11299413971242118,0.028207339253152237,0.5907962313627049,0,0,0
4.285126585460055,2.225385208593133,1.6688937545714568,1,7,1
5.501922459248361,1.9260056262385732,1.1786941312405537,3,0,1
6.869172646567944,2.03340605340221,1.5702882888741225,8,7,3
5.613657484549788,4.929763083245461,2.2905933068908797,15,5,3
6.338388339373914,4.952414681742127,2.02059724615338,8,5,3
5.667223397246842,4.07521679877205,2.035863349132867,10,4,3
3.1400889064333284,1.4462692956861547,1.606445435453518,1,2,1
3.5065486578045393,2.2407538154956526,1.7288874770141915,3,2,1
3.072920481939063,4.626324979581469,1.7858132701682765,4,4,3
3.3650097720229386,1.570762054413679,1.085828694765901,2,1,1
4.690430976850109,4.330832199366378,2.179432092176937,5,5,3
0.40905681467828725,0.047244423249564904,0.5871560598654288,2,0,2
3.252989679623459,4.336873974440443,2.244497471229009,9,7,3
2.4341972886512417,1.9638262624246643,1.4136891335612651,0,1,1
0.08702043243181977,0.048018113995174624,0.216696970985726,0,0,0
2.507131294621302,2.373186620912686,1.3540256260935786,2,3,1
4.294470854973728,3.7621551118918384,2.1458682799455784,6,1,3
0.0653789510063072,0.05727941261705476,0.4835850587278226,0,0,0
3.0611500095218287,1.418498571108278,1.2557385967843873,0,1,1
0.14843224952664447,0.040853966898264205,0.42942265169046345,0,0,0
0.21671806201157978,0.05481016099578271,1.0123217065909191,5,0,2
0.4256750497546583,0.06238287483962053,0.9364082685391991,8,0,2
0.3308786359826396,0.09040264222836077,1.1868604332675423,5,0,2
0.09938766135765427,0.015922568263465622,0.44612391626539044,0,0,0
0.33119850711831045,0.045650195642413176,1.1717711996408087,5,0,2
0.43229805704178165,0.013570811210952397,0.9934051274908067,8,0,2
0.20383739917804206,0.025542099608888723,0.5133958380580236,0,0,0
6.439042125043289,3.537394243535401,2.2206782285088695,13,3,3
4.527718748779534,1.6874462896531737,1.6759545472854,0,2,1
0.24528940712357103,0.21168610189815845,0.8330622792654443,12,0,2
2.3214272152298263,2.576125325936374,1.2792439272262919,1,2,1
4.544755677571051,5.956136569192777,1.7543487036511396,10,11,3
3.638635028530451,2.0816278131460826,1.3821723142749573,3,4,1
5.161146349763232,4.828908048780817,2.6882898107151485,5,4,3
3.9335416104725294,1.2524012063484222,1.1289140224671463,1,2,1
3.1882924075327854,2.031089614906144,1.3087260426367393,1,2,1
4.57502121451091,2.5555726076022314,1.4211549472421654,2,5,1
0.2672884656908469,0.22117530617334125,0.4106802644697542,6,1,2
0.13191959628041916,0.05978509070152656,0.48506385043503586,0,0,0
0.10667704523911412,0.04699359079456256,0.5113456040056552,0,0,0
0.2597519919533164,0.07499222622713553,0.6866925676633963,7,1,2
0.298782150134291,0.13041404794635483,0.7319704817662231,8,0,2
6.926584764281791,4.627409463902953,1.9522812307031594,11,9,3
5.470397033696042,4.9558675168466735,3.0297202125661333,11,4,3
0.2600038650444135,0.011942480640094025,0.18377143524468253,2,0,2
3.8142674218011834,2.369283019601031,1.1756671956527662,1,2,1
2.429531756979929,1.3680642196331418,1.6873819934682834,0,1,1
4.674421464416924,3.5510163425734196,1.4045886838896178,11,6,3
0.21813332627998694,0.07192528708854255,0.877788406243455,5,0,2
0.21608534208291424,0.12027861845259005,0.5094037290376943,4,0,2
0.10854327190639709,0.05567502047323002,0.45520386615500247,0,0,0
3.2187964045972333,2.037704564462333,1.2201154589480938,3,4,1
0.30303238718499714,0.14235299606908283,0.46828379386417257,5,0,2
5.310522478420993,2.4705332757259653,1.6295989690108832,0,1,1
6.599195426410473,2.464530115600509,1.9726099395908085,13,6,3
4.044459869527462,1.8024665469363954,1.6798930922175106,2,3,1
3.6026905167485874,2.2030425549372143,1.7065041111114059,2,1,1
0.06421200054446241,0.06939138051505814,0.6021624764399949,0,0,0
0.11301609193856105,0.06360440720953382,0.5898511704551564,0,0,0
0.0776783192724736,0.02414749305695475,0.5645890420275892,0,0,0
0.09279562221391924,0.05975120594173437,0.5619032946588532,0,0,0
6.414872954390211,3.5608117774451724,1.3182364761135426,6,4,3
5.645757627100898,3.7145814625548,1.8650976617533006,7,4,3
4.01331109713986,4.257739770750773,1.7956603298583942,5,4,3
3.464592560954649,1.705819217846611,1.5741864376883217,0,1,1
2.0806156442039594,2.2393405903254684,1.3802009931299364,3,4,1
2.699824701335896,1.565584256055145,1.4029938991683855,2,3,1
2.322968368546929,1.0801810637188485,1.4788579278367633,2,2,1
4.625229368950297,4.9523055427952425,2.3041632897958064,8,4,3
0.12612570526328787,0.024719876641052727,0.4581036554478765,0,0,0
0.04967287173601795,0.037003462290051276,0.48886811512021994,0,0,0
0.14203217744943622,0.051045169809949664,0.5685857818608419,0,0,0
0.14100693282457655,0.041313330065472886,0.7899132030643805,5,0,2
0.12483570765056164,0.06141225994439062,0.4576240317977297,1,0,0
4.1389568142127455,2.5221930259382894,1.547069622359554,2,2,1
0.1218279902078834,0.047730387082357176,0.6469784258787495,0,0,0
6.023373331399558,2.4597042143768237,1.1313661947284959,1,1,1
0.3763164292727992,0.014505511770235596,0.8250051715828707,11,0,2
0.05708211099093932,0.07373469240354663,0.448133328037879,0,0,0
0.13788636458796405,0.09947562856946682,0.7985841739996693,2,0,2
5.3407262401909,0.9222736559156348,2.0170816471450035,11,3,3
2.6218782963945473,2.219834861136512,1.3310801400614694,0,2,1
0.11076431754937266,0.0514906181719999,0.5352380725467585,9,0,2
0.187478837159347,0.050788940964814795,0.4340251358746034,0,0,0
5.091450260946171,5.5793858951364035,2.8502327160237675,4,4,3
0.10386841538238092,0.051440737225674896,0.4621240163396907,0,0,0
0.1519370337599587,0.06861920043896065,0.6577790273820406,3,0,2
0.29277010004371073,0.02344964673118423,0.9258733805202303,7,2,2
3.118981495859443,4.852026356198511,1.767648669453894,4,9,3
0.3465617505278754,0.10439290058319688,0.706760409930628,5,1,2
2.23272331162727,1.7889970516454599,1.8248524301749174,3,1,1
5.229300866044756,2.843003474885222,1.713313830763591,0,2,1
4.594562454613795,1.538511550812953,1.4109993789976585,1,1,1
3.2805876790279296,2.3960686995727345,1.5079023866242305,1,4,1
4.844626083155679,3.869295436591144,1.303368511285973,5,0,3
2.4602067754717654,1.4290069646536594,1.39781877667687,1,5,1
0.04471476657570322,0.015155566147294498,0.5409064938334057,0,0,0
0.11014615104256499,0.026933351935885103,0.6243405797187163,1,0,0
3.8063774971970887,4.53702978027084,2.1821747468992743,5,2,3
0.15975233144624212,0.01447976491903196,0.32476229048590033,0,0,0
3.9682745792251386,4.184001669442954,2.2012604351278022,8,5,3
9.117325645154567,3.598396042364908,2.050861135261461,5,2,3
4.733687426318353,4.548700467389276,1.8677245750879796,10,1,3
0.11643755548298423,0.045940387252086864,0.5505021088273767,0,0,0
3.348602508058591,2.0756081106687736,1.6887714540885723,1,4,1
0.37525256631608445,0.09546504193407639,0.7078528966142913,7,1,2
0.58335804294566,0.21142364471012895,0.7195466931624668,6,1,2
8.43675342084936,4.594385836400463,1.1669673781891161,7,10,3
0.03270645382633926,0.04841223151188594,0.5142990634809217,0,0,0
0.3397077599490668,0.1500198456661835,0.26875232494463486,5,1,2
4.117428630927324,3.0786079437238687,1.363301250595902,2,3,1
0.12427852413384999,0.15404353890340167,0.6483036367965527,5,3,2
4.583261776294304,1.7431001236459824,0.7370720431575664,1,5,1
0.26591804079414905,0.13080865491851118,1.1035283142112504,3,0,2
0.09867430622753916,0.02724628659150367,0.7539381622782861,0,0,0
0.1250332860690605,0.04063007773279369,0.49634199601231543,0,0,0
1.92983022758394,3.274874107659576,1.5837922968260894,13,7,3
2.064106499316257,4.407295008614151,2.927906205992399,6,5,3
4.970661990652289,1.8002876095069915,1.4840298997309704,0,3,1
0.038037080257326376,0.032043398671487415,0.505519924253009,0,0,0
6.022833333925657,3.611915967079079,2.2234189513107254,9,6,3
0.03329872525408978,0.0667893700903681,0.39236188125979415,0,0,0
0.029684126816408307,0.0918639586441989,0.6201931669539543,0,0,0
0.08173392243439456,0.04213894485877198,0.40971910730372,0,0,0
3.616508052475871,2.291855709911975,1.9613564853979444,2,5,1
6.4278996839569915,4.533472145810251,1.488567262888524,8,3,3
7.486134622512271,4.607589187009811,0.9190266356875771,4,4,3
0.32162014085279883,0.13660071361200954,0.5166426705768374,4,0,2
0.3457734042569707,0.0,1.3210321102186597,4,0,2
0.18143162087560905,0.15953973541293714,0.8480417749691341,4,0,2
0.019364206440517423,0.07963326804925197,0.40712079185475414,0,0,0
0.1436160318360339,0.03126987250420808,0.7571995317494968,0,0,0
0.09071705116680914,0.05171374322806718,0.6046911794488139,0,0,0
4.049475982068301,4.762759036653928,1.3480911890918827,5,7,3
2.1852511396895773,1.717848527094687,1.2464884464851174,1,4,1
0.2867767270829806,0.011983474358416027,0.7790197154160468,2,1,2
7.2996878077691765,4.471183096763554,2.4580432211100347,14,5,3
4.002574774371437,2.021602024342752,1.3582497320745286,2,2,1
0.27108317547690325,0.015324985269280028,1.037517989879305,4,2,2
3.1890285335139277,1.8664981191164842,1.780901214248799,0,2,1
0.12446872806139592,0.04338421551344886,0.5047825319784683,0,0,0
2.712277566734481,1.7001752442745341,1.6396152230457526,7,1,1
5.697756973293224,3.8010829688522914,2.3542029416086745,10,4,3
0.0762527344419522,0.054826438698335624,0.4400177976680151,0,0,0
2.8729457056115795,4.631416430704821,1.8346785922799842,12,8,3
0.36927323754637187,0.09896747441985053,0.9107011973708081,6,0,2
0.16979973382983227,0.1921061053944196,1.0938580555643918,9,1,2
0.16010385656831852,0.17501284955062635,0.47486345850371137,2,0,2
4.6505428578194685,3.8071333086145085,2.510007925502812,8,2,3
0.34173783621434517,0.026617271816941318,0.7746523543832033,1,0,2
0.1389180538083319,0.032730127900701324,0.6227273822081263,0,0,0
3.3825896996551306,1.9096733089771396,1.3536392735778615,5,4,1
0.3290337635241637,0.09156283308541442,0.8266352171987371,1,2,2
4.253066862128117,4.877367810565012,2.2869210896299075,9,4,3
0.08041209254780891,0.04031652097502526,0.5369016437825167,0,0,0
0.19244780474726728,0.06683967390904254,0.48238875660401376,0,0,0
3.57769754816665,3.7944985958799267,1.4294082441299358,10,2,3
3.752033979934877,2.5685294300227612,1.6924875697323625,2,1,1
0.08400762383725781,0.0596052100281185,0.4831580287971119,0,0,0
1.687272034926857,2.890319299738854,1.5461562686620498,1,1,1
0.37403211861820446,0.21231687738077276,0.9062811949962097,4,0,2
0.4352271138229763,0.01155373515329787,0.7080648433428656,4,1,2
4.822128094757024,2.9716808955787695,2.0188484261878696,7,6,3
4.825500219721256,1.853216581704557,1.5620647589270371,0,2,1
1.9350261065582206,1.8338636493749558,1.3950903763923748,0,0,1
4.7160065389114765,1.7205918541316025,1.9366494876236828,1,2,1
6.86058237187544,6.397038018153966,3.087804524255655,9,3,3
6.236917837841732,2.241587057021381,1.7011191428679755,6,6,3
0.0,0.07360256347483056,0.6137381097628914,0,0,0
0.3267687402327288,0.0941448386572335,0.6054006470954608,3,0,2
0.0738569986423366,0.03821456696421388,0.503437530902646,0,0,0
4.7676938711896915,4.794998984786999,1.7079255955359869,9,1,3
0.1729915261487348,0.09884900079248989,0.8141373401513088,5,2,2
3.437787830350253,5.322311040408072,2.01706975941358,10,4,3
3.3496716262362902,2.6861394567232875,1.0720550530136506,0,1,1
0.15017664489460122,0.06302272483647314,0.6607578306399511,0,0,0
7.556957517521836,3.353397334119297,1.9528196191440925,8,3,3
3.6230186735267558,1.643143768067199,1.5312139443117256,1,3,1
0.20498608945832578,0.06445653789971025,0.38854676849919384,0,0,0
2.7756363681965395,1.964683010174013,1.3749924039612793,0,0,1
4.389856951785495,2.4123508703930487,1.3189686496534176,0,3,1
6.102479874874313,1.7650210634134242,1.3942563163240056,6,5,1
0.31355413136524424,0.1378417955995926,0.575951160819577,5,0,2
4.774530523667594,4.771961951829807,1.915686148836773,9,1,3
0.36208172009119943,0.17445825316797503,0.5417990175218921,5,1,2
4.009887247921195,1.3404024736161002,1.9840076787238452,0,4,1
4.801102063024093,1.7286515630486932,1.2271043922500886,1,4,1
0.2849258431367393,0.17018095748747192,0.8002202223050318,4,0,2
0.2354111945565987,0.08216217571166061,0.8759799313860834,7,2,2
0.17936992968481874,0.12199576056245637,1.0724374453687056,5,0,2
0.0713168996559882,0.03786993223568521,0.4945221639661175,0,0,0
4.8353650645641935,3.3740973283418434,1.3763085249201406,6,4,3
0.07778533699619443,0.04740965506273119,0.5113394391966689,0,0,0
6.657469770417439,4.108263039428196,1.7240397515877317,8,7,3
0.13916952546412978,0.06461917952752433,0.6075221541181917,0,0,0
0.09470258228479322,0.038768845073387494,0.49903355786866527,0,0,0
0.8351733968167245,3.976758799440276,1.884639226212568,11,6,3
5.48567641101484,1.633304314542941,1.504735432008195,1,3,1
0.12238542800086576,0.026566913053648767,0.7053818690086595,0,0,0
0.05051975898707096,0.011812878249854143,0.5327811073574124,0,0,0
4.625978283274987,2.7619854903029735,1.418629192144428,4,4,3
6.404073291762208,4.2036046533025315,1.781481514157755,6,1,3
3.2734128483804,5.569170350644924,2.3629599723052706,8,3,3
5.106231433222147,2.462470979754801,1.829724765176562,5,9,3
2.465402040393345,1.8459261852734312,1.349472671649084,0,1,1
0.33454069884391424,0.08007717148384749,0.8670026960014775,8,1,2
4.772428382816596,2.048708671532156,1.2498758277842652,2,3,1
0.519584716208858,0.06833259647493013,0.7787356697592247,9,0,2
0.0,0.03584748210355948,0.4392431208220444,0,0,0
4.320981393612597,4.046186626727117,2.686052440373103,5,3,3
4.706210140456926,4.682989310061244,1.79344515748101,8,7,3
0.24953998783512243,0.0315976020391143,0.5450792454016612,6,1,2
3.6021731848288683,4.111422622271299,2.074177539472483,9,3,3
8.259922360489863,4.216519171716725,1.0712962479067838,9,1,3
4.273557706206813,2.4080405220569694,1.667084364702151,2,3,1
1.868932374805021,2.039997927621791,1.4754789971905518,1,1,1
4.475934020965262,4.801630332014829,2.3865552217939223,12,2,3
0.3516082778635524,0.09397560506821591,0.9478299920802764,4,0,2
6.046194224663234,5.320580506442239,2.06048800898453,9,3,3
0.0,0.007887061163193508,0.5623087347889095,0,0,0
0.14752119190930252,0.04229956376574273,0.3669294868669074,0,0,0
2.945539714816783,4.342558875478119,2.926020166284418,12,7,3
5.137707557129693,4.8714714874010365,1.593199360478994,11,6,3
2.467466723790589,2.9147812981606194,1.292636268662665,2,3,1
4.084953493086444,2.1508959653264363,1.1197989102100285,2,3,1
0.19962576765840592,0.05573548224765173,0.44412041811150427,0,0,0
3.232682976832191,1.3294349836721446,1.2648474782745946,2,0,1
3.4965191514267984,1.8830460072775528,1.2419992574633094,4,3,1
4.611631474141052,2.1309286036228627,1.8652644065852146,2,1,1
0.3545004259467688,0.2122203368946105,0.6460320587968333,7,1,2
3.532264810771253,3.5482944480712746,1.158365118907136,1,0,1
4.002546246454182,2.2366085329059917,1.1825547022587939,3,1,1
2.766238291222673,3.213974540942861,1.8552494350933826,7,6,3
0.12144977306947591,0.13395059653934166,0.7167599527890133,4,0,2
0.4485155563709162,0.09197435739542058,0.7037435555236393,5,1,2
0.15586624061846885,0.03979843143607103,0.8303819309958005,5,0,2
0.015352159290230732,0.051463939820033895,0.4842975171555292,0,0,0
3.545960936048934,1.9613573812668523,1.5498056543623717,2,1,1
4.890833548176643,1.5235694797068497,1.7953709537871596,0,7,1
0.23399242668993564,0.0779799334631369,0.7870453335877855,4,1,2
5.25574368429945,5.790333161677015,2.553317490812154,16,6,3
3.4424970312050838,2.309144651655354,1.3102682885771475,0,2,1
0.41296335366350856,0.11180674069795073,0.9311599334375479,7,1,2
0.11044317975023778,0.06951633438689418,0.7185094895036113,0,0,0
1.757917542294036,1.669032410041286,1.1383252946928735,4,2,1
0.11613592801690448,0.0735945041672142,0.31929586050681835,0,0,0
4.070940993942198,2.159413521789765,0.6191397168665654,1,1,1
3.94224761178861,2.053430995940609,1.6891035814242819,9,2,3
5.145015000275878,5.264795464111426,2.1845508579781145,6,5,3
2.515586953824788,2.65509742802715,1.9719408066128707,1,3,1
0.06952438989203585,0.04204640612770792,0.5957304822593531,0,0,0
5.660231672171185,3.3153167512883255,1.4250953625084906,7,8,3
0.4583389953426998,0.12510228077331725,0.7051462359476529,3,0,2
2.9467589981602007,2.9504159075328724,1.979302499011495,1,2,1
0.03477652497475735,0.056481140564431216,0.5755665838744315,0,0,0
4.808733856222149,1.8082205657242247,1.9638885604029217,10,7,3
3.470233511663598,1.1565615243134735,1.4610627512385919,4,3,1
3.002947513164318,2.458353236294509,1.1410980302369365,0,2,1
0.08742305569777523,0.03698680345263233,0.6047276408559463,0,0,0
0.26646089469843104,0.06231751445468295,1.0631498373748136,3,2,2
0.25974169288904925,0.10790917504236035,0.5643096261899124,6,1,2
3.284982995421928,3.0079296711907664,1.9455250686919943,10,4,3
3.321293115436504,2.0179216474290245,1.1333322841224138,1,5,1
2.7030133311861224,2.253267195692959,0.9041128164388738,0,2,1
0.12922064902362423,0.05991610042055142,0.4556393169792614,0,0,0
0.18570968028376236,0.04913527011545987,0.6517583007567493,6,1,2
5.362683687980734,4.023117899746811,1.9781568639506293,7,4,3
0.1426707779390154,0.0567737463584338,0.5438412699496645,1,0,0
0.13800279818448014,0.06946203122030144,0.47344073667375886,0,0,0
5.275116614424286,4.96763954523453,2.2552595502672164,11,4,3
0.07671351232148715,0.06094529594755934,0.5733547813505866,0,0,0
0.3672645112047025,0.13446645934186685,0.693677881474266,0,1,2
3.6314673748512654,4.233851074905884,1.4232152967428422,3,3,3
0.06998915614206028,0.04517005108258443,0.37372302243014355,0,0,0
2.877386100040681,2.085200497031005,1.924452040937778,1,1,1
2.0791060147765568,2.9862623865234523,1.5813102758583735,2,3,1
0.3897747047624622,0.07165004161614766,0.6544754974299977,6,0,2
3.577885726980675,2.8875185105637327,1.39534440084264,0,3,1
4.6183381367931275,2.100764802891251,1.889889385591032,2,2,1
1.8166178669571744,3.043132050404041,1.4432826237442877,1,1,1
4.65658165159424,2.271669798499524,1.4281427049266795,2,1,1
4.674814057585692,2.586447139315739,1.3980536495075109,2,3,1
0.4674088246554914,0.17203649126799841,1.3072571118078873,11,1,2
3.9013981530790605,2.185372067542615,1.7912684345165368,5,1,3
0.08548627279056743,0.054241867061483505,0.3865979814065042,0,0,0
5.614797868868048,3.842971436486176,1.515012142918849,3,3,3
0.1830629607273935,0.01768226425179055,0.3249024425594772,0,0,0
0.1594508265553776,0.051543129924354336,0.40214116100113456,0,0,0
3.421411607085643,1.9499860705293321,1.7259993515334635,2,4,1
6.185441722738452,3.0227546180128813,2.0952823119790436,9,1,3
2.470095552643133,2.706585037356115,1.9225486834036893,8,9,3
1.648455765219671,2.954160594340026,1.5318200022941684,13,4,3
2.947075983763766,2.8360208865211605,1.7007225763489093,2,2,1
0.02712242502675348,0.05406471909172062,0.4578801183387087,0,0,0
2.3817680606439686,0.5924381550470752,1.953219495461764,0,5,1
5.205362356513084,1.5717490214402887,1.7229029082150231,2,4,1
0.171137406804997,0.07904235398365121,0.6605619832565118,0,0,0
3.738169425035382,5.229188941705129,1.779205522407877,6,1,3
0.04372554763508118,0.025810461291623895,0.5093158337699742,0,0,0
4.751947454513157,2.614286041030999,1.2928985629968286,0,1,1
0.4155948936528601,0.10553838144639986,0.9933805073042905,5,0,2
0.34307741761975963,0.04833498790890999,0.8781022648951544,5,1,2
4.3694567933164965,4.787535538235138,1.8578342859668535,15,6,3
0.31670465533765635,0.10296733973417047,0.9017009024330691,6,0,2
3.1693413376236683,2.3622140881177063,1.5834238786720582,1,2,1
0.17682802973311865,0.03772012802318197,0.495638324737836,7,2,2
0.36791173315494463,0.047694469994624934,0.5243999816673157,9,1,2
0.1936648888108773,0.05615353306802228,0.434546642900169,0,0,0
0.2763822101727301,0.0,0.9208871999997575,5,0,2
0.07491214782077318,0.037486454250075754,0.7324673305852818,0,0,0
6.949016947927763,3.29410523151913,1.2537947086298082,5,7,3
3.073400363713963,2.007190998122133,1.6245934431721,1,1,1
0.07224002366534009,0.05933090622900254,0.403329810929734,0,0,0
5.885807208370189,5.683683144892615,1.5267341408218442,11,5,3
0.2427439407446727,0.1466783704302797,0.881503228964148,4,0,2
2.94720908245482,2.027698455891667,2.077482153956117,1,3,1
3.46062184573134,4.816415593426597,2.022673902073771,11,4,3
4.770088025254897,1.99253731377852,1.3130459054075807,0,3,1
1.998465941928563,2.4632430832311494,2.180435768787481,9,3,3
5.350625013647746,4.10196417031788,2.156203079686789,5,2,3
6.1069561519810005,5.072488434655835,1.9491552757524988,11,3,3
3.793284429004852,1.5459665146200172,1.3351336812421242,0,2,1
2.8610149459333223,1.9766252730486489,1.7681285392163493,2,1,1
2.7868076956338674,1.705829971346157,0.9608568997112686,2,1,1
0.34517039533959415,0.12764894185729442,0.616998709802282,8,0,2
1.2087071931159348,1.706857475223924,1.2663781453892542,2,1,1
7.054622299923849,3.5252850361256893,1.3353672750771473,16,6,3
0.15428931624696737,0.04318802586180277,0.4570365021472491,0,0,0
0.3267592021984271,0.05151837823521218,0.9748497525114392,3,0,2
5.207142389498674,4.475328713687188,1.9359037562961543,3,2,3
0.026073900481628637,0.09853432972691045,0.5828058814893309,0,0,0
0.3486772291522161,0.08632059905438348,0.8161334517572436,3,0,2
4.87548064258457,4.579203712358147,3.3831605080458482,8,3,3
0.09505551734044287,0.04348777895702993,0.567872806927942,0,0,0
0.37764534331564864,0.0690463449784552,1.0090515828061868,5,0,2
3.121864539693774,4.878716826947115,2.4459913478813524,6,5,3
0.1413402438678903,0.23123133395813722,0.5918449789208249,6,2,2
0.2839546136886238,0.09753901249058927,0.5177488556318688,7,0,2
0.11959020027012733,0.061826984835168006,0.3455064077846599,0,0,0
3.6929896417729293,2.1229096109081946,1.5633374330534,3,2,1
2.139165021698921,1.0871924107176767,1.5274440017932707,2,3,1
0.09836526259529535,0.040670092415436045,0.4366768603285023,0,0,0
3.91208346487146,2.2300988406150206,1.6978205369545485,1,4,1
3.5635419045609376,2.314779183032918,2.0955679607014073,1,2,1
0.30840135481217296,0.11100696791947945,0.8498883060119709,0,2,2
5.028069816451705,4.107045711695109,3.1322531957709847,6,4,3
6.842413954152704,4.339636489679137,2.0851101542589743,7,5,3
3.2572714106889715,1.5084484264279254,1.4190778180165027,3,3,1
0.09960136793416914,0.08032788110507146,0.4588975063496827,0,0,0
0.38939292814307214,0.17342669511209663,1.0046264846226105,5,0,2
0.14991554490739803,0.08626815397030846,0.4347049844167919,0,0,0
0.3065032610479844,0.043223494489655984,0.7760801650076399,3,0,2
0.17188436572013022,0.13429501790421472,0.8877470080114952,0,0,2
5.547181801685121,6.033699368268067,2.4441910006071375,6,5,3
4.991404640890258,5.364922401436161,1.6771959509451901,7,2,3
4.613862397982221,2.2206199110851355,1.3444124996206852,0,1,1
2.318806460570502,0.8958609900599537,1.5416591967601645,4,4,1
0.0580139078909612,0.005235375333500561,0.44135848511112263,0,0,0
3.7611845412796288,3.0660732300718507,1.1699950073776013,2,1,1
0.1253637015553649,0.03394351112098316,0.5715493096769485,0,0,0
0.3719270641576389,0.06110985500837389,0.5966175196643053,5,1,2
0.29879917633631603,0.07686396562944611,0.43138979470694444,5,0,2
0.3526245044239599,0.03336571774261278,0.9359302095889492,2,1,2
4.263506394959907,3.8908042387721906,2.111838009883262,7,3,3
0.1920398681464084,0.11561496821018036,0.7086407460658153,7,0,2
3.070008591385161,2.6747731569168716,1.822536224694527,1,4,1
0.3655717221071599,0.08187309214860242,0.7736792723488162,3,0,2
6.648161368136124,3.7105626045178286,3.3746210079788397,12,4,3
0.09186035469638529,0.009601453356877274,0.51633603549158,0,0,0
0.0,0.08509866143294484,0.6087710426157866,0,0,0
4.403058166736933,2.8009493957949907,2.126181648538088,1,1,1
1.7240177530381073,2.6767257807380593,1.8109157725761076,1,2,1
0.1405404136579891,0.03350775499130478,0.6846395920599249,0,0,0
0.16484972732805547,0.04134452232823223,0.4280010466778061,0,0,0
0.0305213766618202,0.057466971194227966,0.37488008633663217,0,0,0
0.44487541161368716,0.1397888287012794,0.6675501021264945,6,0,2
0.1417340328025655,0.09604888593966401,1.338649797348657,9,0,2
2.958226763988398,2.6881159853177863,1.3997379005800654,3,1,1
0.14973880358753872,0.17561875687478526,0.7958175300884177,8,1,2
0.1311103572021701,0.060915734270647115,0.35394991005815124,0,0,0
0.17679915460268236,0.053826471296284054,1.2144554581318139,3,2,2
0.6893716833819163,1.51245057210653,1.2636725227138683,2,1,1
3.433398972978026,1.6933730926749642,2.2346436917220682,2,2,1
2.829456838583317,1.5752912651418471,1.655182628208392,3,2,1
3.623419133500961,2.2444947653300225,1.3116735039727532,2,6,1
4.99116640428018,1.9091695364070977,1.8384007878604522,0,2,1
0.004061439235047926,0.06303043982679012,0.45193520585117586,0,0,0
4.9289690442949885,3.1459039184698394,2.481746508734033,13,1,3
1.7281033177535563,2.254043857210393,1.4636073985831257,2,3,1
0.1210486472194695,0.05151389880010187,0.541195299906181,0,0,0
0.052178181159099564,0.06154727050213323,0.32563273976034635,0,0,0
5.28985417795619,4.629482535264797,1.8355294393230581,8,5,3
0.40098758737907964,0.03270843520679302,0.8232993391385383,7,0,2
4.822926160335532,2.0337350126286116,1.7739212417786578,1,6,1
6.626219946976323,2.560538033010214,1.7229739768921595,12,4,3
0.2852126852220237,0.11293690973604784,0.7862654291863349,7,1,2
4.747303650664678,2.771444052769559,1.8309249834880101,2,0,1
4.56589656694086,3.435907094121233,1.9196220362456022,8,3,3
0.11137299673020648,0.08618612699466222,0.44258993247164014,0,0,0
0.0718915986710849,0.002566812782822156,0.55510170602263,0,0,0
0.19005131179240436,0.07197204716566943,0.6897058983911183,5,1,2
3.623529201841093,1.5704478629749297,1.378661313622769,2,3,1
4.267937663516538,2.2462186695770834,1.049283305493145,0,2,1
5.718217780658208,5.290993110083129,1.8802158892871172,10,6,3
2.4737576246971003,2.028877073333614,1.8321818916011412,3,2,1
4.434584642610503,4.590469887920204,2.267835660274237,9,4,3
0.13314406343337065,0.05758306237452249,0.31003297191411183,0,0,0
0.2094901466608836,0.05584385456652747,0.5608735589124417,1,0,0
4.29326249595503,1.5435977566994026,1.6336190316342858,3,2,1
0.11342961394316285,0.06096639255108997,0.6475879150503966,0,0,0
0.20885658614121172,0.11371418578529212,0.7317238445900957,4,1,2
3.5953502743327785,1.4390159400252922,1.6630572997650084,2,2,1
1.7178849180151712,2.981034180949264,2.0145354654536343,1,2,1
0.1148060138532288,0.037865994104694066,0.5889153824787806,0,0,0
3.623906816521071,1.670763202369372,1.5832263333712029,0,1,1
2.2744652777850978,2.497001019753139,1.973054947676765,1,1,1
0.09895492030179259,0.04809071505821854,0.47426999993822105,0,0,0
5.1063498083402035,5.1842320069553285,1.6433594509517366,4,6,3
5.103862378601308,3.8924966493767914,1.5652497059830124,7,2,3
0.2584787356867955,0.09660188069175914,0.9350802655902037,4,0,2
5.649381955003252,4.53620314570687,1.9335942848898529,15,6,3
3.349852167982561,1.7717521952479522,1.5482926492761466,0,3,1
0.29222593471687,0.09105710872021186,0.8590141488538521,2,1,2
3.679179767734619,3.2295011726762155,1.8121844644502718,6,2,3
3.8351605665351176,2.450387565895279,1.3554407053545832,0,0,1
0.17567248716210657,0.040383324209760416,0.6692346572463205,0,0,0
3.0976899772472772,1.9530771918883167,1.4735535393388828,1,4,1
0.21533584103238618,0.15023954211095547,0.6633547250325263,7,0,2
6.240406818816127,3.6250884499834157,2.95127650945248,9,2,3
5.57811914127007,5.177277276386503,2.4230880248447573,6,2,3
4.434141442233694,2.306313188668556,1.7211212011853014,1,3,1
0.2558464670829777,0.19861908580717477,0.5501010227147581,9,0,2
5.273657044049085,3.6794032629347884,1.5662737256065715,5,9,3
4.3374151113814925,2.1137004943784508,1.679902847509672,3,7,3
2.902721064153752,2.0194579140086653,1.7204807922762946,2,1,1
1.728577448556156,1.5993898200935583,1.065935109971789,0,6,1
2.7025145026562116,2.0850051094901048,1.9497036204700646,0,3,1
0.17965933133196987,0.04721205598673532,0.6715907631132695,0,0,0
3.3019491298634565,3.5373635701784485,2.5859061660309814,11,4,3
5.453304574585351,5.2299263541815435,1.889099850886727,9,8,3
4.022020635110767,2.3497250453032708,1.5198824212032704,3,3,1
0.0,0.9894988395618782,1.3796480484757834,2,2,1
0.12683263762636432,0.0473987941289276,0.4185989330708444,0,0,0
6.090065021969778,4.489418439569187,2.69485860114836,9,3,3
6.920710905589031,3.1870987693999546,2.1937537547220005,7,3,3
5.865327802232201,4.996440974968039,2.8171087544777516,11,1,3
0.24227988141027915,0.09921308089156562,0.846396065813602,6,1,2
0.3232013839407664,0.10933498621733458,0.6952532985244153,4,0,2
0.17897860728653564,0.04995192318162293,0.4890976580036536,0,0,0
0.2967443905778581,0.1385189817618274,0.9483839479410722,9,2,2
2.5322476604529003,1.719169721537287,2.0447032365240947,2,1,1
3.747875098369988,3.271703869056211,1.6968977347112317,5,5,3
0.2747365702005719,0.20663220131718182,0.7927245339669755,5,0,2
0.06881155196520974,0.023008475768969357,0.5534207862374675,0,0,0
3.7510035431501465,2.5668442490492547,1.1413274015329664,2,2,1
0.049792961662396606,0.08179677956361368,0.3896815618766907,0,0,0
0.12450477626644257,0.011428028905362625,0.9353645159711718,5,1,2
0.12565427100486465,0.018104880836733353,0.44449832984558907,0,0,0
2.281823933192681,2.5588162208019787,1.5560781157663492,3,2,1
0.18360105358725215,0.09628054077522367,0.801133116883102,2,0,2
3.3733359726523364,1.3638811863840183,1.267908046518561,2,3,1
2.543864297041461,2.8009963273067067,1.0448238418283684,1,0,1
4.042423969532102,2.7406182958117973,1.0444734041972132,2,2,1
7.326292353974541,4.12563490804469,2.4961649613417163,7,4,3
0.244936508484541,0.20851274314881627,1.0591247565185111,10,0,2
0.2742498049468085,0.14529772550602663,0.7047099876144515,8,0,2
3.468528629796316,1.71666470351928,1.5980557218782803,3,3,1
7.631585505366705,4.527197768071888,1.8678141877637369,6,9,3
0.23437066839497223,0.01802560625381791,0.5506956232337403,5,1,2
7.404388334206443,2.7408604346292207,1.4347811890860571,8,3,3
0.13955159735215236,0.06409013079649446,0.36194012941003484,0,0,0
3.238054993575646,2.1230919721479835,1.572778781146038,3,2,1
0.05945712443948309,0.03716666359739235,0.6897887292658705,0,0,0
3.3128344521361393,1.4813369008493287,1.700568784901138,2,5,1
4.564812651434446,3.417025678081376,2.062632367741217,10,5,3
0.13692332899977053,0.03580840290501655,0.5499095816137749,0,0,0
6.193622112032022,4.087583907909743,1.8248670981271118,7,4,3
3.9412656712452447,3.766912129453823,1.0596751573519056,10,3,3
0.402456816398581,0.12031264913660844,0.7098037175592408,1,0,2
0.1327182828177029,0.026764323121752726,0.5659531469589139,0,0,0
0.11598259129594887,0.044944734898076294,0.507843924608367,1,0,0
0.11087164365898615,0.05222745203680105,0.3734741590914785,0,0,0
0.03878508818553172,0.08780881370311566,0.3730534733987187,0,0,0
4.869781101962379,1.6618301421182273,0.8869384938311293,1,2,1
5.574837331819232,2.145195141259274,2.335040487093027,5,4,3
0.04417377800256705,0.05293870596773376,0.37141359827202847,0,0,0
5.568030468946111,3.9577244989395126,2.4631464462850134,4,0,3
0.30375604674198114,0.09226121630316135,1.061709943635836,1,0,2
0.2776051082377252,0.09915940765883784,0.776018717789568,2,0,2
0.22322003832560938,0.0752665971049804,0.9302733068785652,7,0,2
0.05896588408241448,0.031033039915515988,0.501602528229516,0,0,0
0.15718770216034647,0.04502942763851102,0.5015682236471625,0,0,0
0.1554351790291454,0.05278120797306836,0.4649221794398446,0,0,0
0.4387710635805243,0.07789384529870425,0.774764799707257,3,1,2
2.1612762938644265,2.6900616447927,1.3457193085288077,0,2,1
0.34745547623579626,0.04066142911739597,1.2137558865948743,3,0,2
0.12238584629051388,0.06693764207769828,0.5287563905167328,0,0,0
0.12942892022103047,0.05726231255489047,0.5809112790731379,0,0,0
0.2678834698509591,0.0980914247446289,0.7852107183163995,7,1,2
0.3558900523741773,0.09411352550691783,1.1139029538583933,4,0,2
4.265437494375016,1.6139255181440286,1.6500715052094719,1,0,1
0.17972525316124863,0.06565747469897146,0.3522387593080555,0,0,0
5.777080668065307,4.583150498489596,2.0726216817321395,7,3,3
0.12357077781932022,0.0074253181117037576,0.4481930980524943,0,0,0
0.2833943882183376,0.11292792853831528,1.00877511497135,3,0,2
0.5192968976061738,0.10244754614637396,0.8130884189342433,5,2,2
0.05453062726026306,0.06578113374751038,0.45638445584925147,0,0,0
0.2272038135270209,0.03500953796923327,1.0415906952105154,0,0,2
0.40540356825285856,0.09504759070621611,0.6376216939232004,4,0,2
3.7020745061613125,2.2019702080341523,1.001979555178291,1,2,1
2.9325527187716482,2.1472884002701598,1.4160101601580413,3,7,1
1.630268338045009,2.392741294914788,1.285252225837575,1,4,1
0.02329429146321889,0.035380874485690536,0.42358132133621534,0,0,0
0.4793052685216608,0.17824152025175324,0.9158957666447838,1,1,2
2.3326214347830514,4.356695089888201,2.59636745316198,9,8,3
5.316271518287715,4.644293002568544,1.4829003399671992,6,4,3
2.6272150464723576,1.707024615643094,1.2327504959607654,2,0,1
6.388229720716714,3.9793077079522,2.461999447057154,6,6,3
0.3349792766529629,0.04220202067847814,0.7545869668712576,6,0,2
4.109585129500268,3.9384370690941632,1.655652622619385,12,6,3
0.03348431871305051,0.028277474016371807,0.5015027750287097,0,0,0
0.3017657445179986,0.09104073767432794,0.6291043808660908,8,1,2
0.25423488144424433,0.004961293580750897,0.8517811188193914,5,0,2
0.24330501167895835,0.06693583307179955,0.7810597764237367,8,1,2
0.1937665475662252,0.15634009621448378,0.5826109351366545,6,0,2
3.1083293904959675,1.592204114390425,1.5832574053428885,2,3,1
5.094206131215225,2.9680199280719854,1.1579389130844637,6,5,3
3.1887917108263184,3.2091778767862253,1.5263892832422827,3,2,1
4.285992812703132,2.5675184285508696,1.5186452718257182,0,4,1
4.338047550043863,4.390026624837143,1.8177791420301068,9,3,3
3.5770475716392793,4.171782540129157,2.1706401621926323,3,6,3
0.369659398135469,0.0054671022285997795,0.44445277058536115,2,1,2
4.571030713544763,3.4235315865018268,1.304251274119152,9,8,3
0.24389593536364135,0.0,0.8793537717673952,10,1,2
0.0415660981190234,0.05163991112827121,0.44105476000612814,0,0,0
2.407185956209066,2.725556035656779,2.4807693597623715,3,4,3
6.131757696539397,4.585346359250832,1.875162845072481,12,3,3
5.176454961914663,1.291180121386297,1.3745253254160505,2,3,1
2.249783974105199,0.8851616796350095,1.8565424899510572,2,3,1
4.744338720377592,3.1663987423884974,2.0589457542765386,8,5,3
5.232497631199201,4.958093536188851,2.6647331796238936,6,3,3
1.5866596652771972,2.079696598888111,1.6093278231406043,2,0,1
0.0,0.06704937286865902,0.4615612623407079,0,0,0
0.05824285491849885,0.06645565561668006,0.6374611267576554,0,0,0
0.45811102179086,0.10294503966599194,0.3573955777342936,3,0,2
6.825236806626905,2.2816025408330933,2.244467632410898,8,2,3
4.4877285159246,1.9477243057157367,1.7815234271619875,4,2,1
0.12933469007376375,0.05791597697419494,0.5473145453267787,1,0,0
1.1981103729589213,2.360540013142654,1.6769181589781956,12,3,3
3.2287034368523595,2.0122398349259556,1.530714659504296,4,5,1
4.465477273162447,5.458557480360263,2.2143812033149963,9,2,3
0.3539050328762064,0.11810274952846518,1.0250653214116556,1,1,2
0.3914945262528311,0.04407817481113936,0.7015301638426397,4,0,2
0.10485387746740202,0.07474876269368279,0.3179239722197984,0,0,0
3.9189116113727867,2.760332086490593,1.8572185946939537,1,3,1
0.3666674779955956,0.060954326711960403,0.5395080578355975,6,0,2
2.170640941065936,1.5705778608505203,1.5166439756296142,2,1,1
6.189979843704462,3.7409743411407668,1.8427530968427264,8,2,3
2.6057930250734644,5.310609849630991,1.8632455296693133,7,4,3
4.2306959189156625,4.7734810554087925,2.428093136370475,10,5,3
6.040934180874436,1.6450443422514,0.9537454763462863,10,5,3
4.1958529687000015,4.09373165918733,0.9304696588213546,6,5,3
0.08755179257604633,0.04610605407766637,0.5925975100714617,0,0,0
4.5450561452312055,1.115244881823764,1.6399367918908236,1,2,1
0.3098485097019462,0.1073451836457933,1.0479668718588178,5,1,2
3.458198753516771,4.755922763287878,2.089277638555032,10,3,3
0.1772837001296952,0.06292862090567289,0.8960609243083023,4,0,2
4.409962540860558,2.065775820088748,2.031192561738802,2,2,1
0.027599304979187805,0.06044501272035557,0.5102917390523237,0,0,0
3.9670909439935746,0.9534109888044204,1.0588859595972848,2,1,1
4.213241843265341,3.5615925170543608,2.281441327073659,11,3,3
2.928071453801567,2.3210225459467804,1.439342899383714,0,2,1
0.2705323320205344,0.07667385368833923,0.950250132621098,3,0,2
3.7922654561557123,2.0233408670809805,1.8027884867339428,0,0,1
5.409263232101573,4.259762098915854,2.11921104929236,11,4,3
4.884871093794044,2.2354344296876905,2.087439484590533,2,4,1
0.13625478934239987,0.05841399262036958,0.3597630716576175,0,0,0
0.2771115791112289,0.18456748007513607,0.6669040527749139,2,2,2
8.996577339462353e-05,0.07014266672946319,0.5087473753680739,0,0,0
6.193682258959859,5.723553295006474,2.1459516656930933,10,6,3
0.30020089301457253,0.09744942159481595,0.856902777177294,11,0,2
0.23798300194555388,0.037248249158480726,0.622393634423789,0,0,0
0.31033601986625603,0.09022371094853196,0.7188843630085769,1,2,2
5.354121225850977,0.7895977735460642,2.233300139434726,10,5,3
0.06345349800290405,0.0861439328727577,0.408935491281751,0,0,0
5.105186588076834,4.0270301408825295,1.3348692050020645,8,5,3
0.21793304805564365,0.08658025895624988,1.1176831716666156,8,1,2
5.840567120071696,3.2788187634801473,0.9279849304645493,7,4,3
4.299068073142299,2.0730053048878636,1.4476911490762396,1,1,1
3.364783099080428,3.432779815035635,2.272249841352158,6,11,3
0.2301965591318093,0.02744543196075304,0.9937914232767782,6,0,2
0.4125289774298553,0.06011496667794857,0.9614165786627791,2,1,2
5.624735144942862,2.0442531320268955,1.8461405658822658,7,3,3
0.0766981749065879,0.03381238357834492,0.431432508240987,0,0,0
2.3959743665276143,3.0201732994532446,1.378921998903927,3,1,1
0.16138344962366463,0.03615499341468208,0.46136775245528244,0,0,0
2.791511898470909,3.714455239004107,1.2452157114269724,3,4,1
0.02187270715567287,0.02621535069845742,0.5218388987544175,0,0,0
3.54646127315419,1.5265999529093341,1.268964267830474,5,3,1
4.698998306200657,5.000851886931178,2.144278627929408,7,2,3
0.26397133941906675,0.12025023578485576,0.7761180842567346,4,1,2
8.847939522272958,2.917282755556011,1.5929836166410376,5,1,3
4.06563290188672,2.554337209977862,1.3395437031639899,3,2,1
4.616987176555094,4.828592459014702,1.9362449893033649,11,5,3
0.07673447716099734,0.054533684969891943,0.5247480547640104,0,0,0
0.06547294738418703,0.05869005292182612,0.47455239233546587,0,0,0
4.167303372794479,4.968269433448048,1.69409876479912,6,5,3
5.3768740806682755,5.26058985572799,2.5336686284399534,8,5,3
4.957597246683862,5.091712873381807,1.6490920197907966,6,3,3
0.31780105259259067,0.021831273455024336,0.6409459058187221,5,0,2
0.4025626277808271,0.10331909250128524,0.6159888732516058,6,1,2
0.020514956159775777,0.10483786339570929,0.5888104410549426,3,0,2
0.46385124359027735,0.12400943725360211,0.9158126698637101,10,0,2
0.36337653673765663,0.16363324637890797,0.8376117898742687,8,0,2
4.905647597507963,2.626079518483055,1.9418950732889488,1,3,1
0.1415167908272123,0.010977962719227505,0.6186145474042299,1,0,0
0.4614629834386572,0.05801412214423269,0.7127894388255975,6,0,2
2.6819978152582538,2.666967819943974,1.8693912790706058,3,2,1
3.6434176306814763,1.3514178518171391,1.455853408434942,2,5,1
0.09097600432046872,0.08259284262225597,0.5767479344554131,0,0,0
0.3243879861831207,0.12266014586397846,0.5573811472885178,5,0,2
4.288568596821294,3.338649928886811,2.052517209743771,14,4,3
5.7291267459654165,4.120978070067469,1.56828995392888,5,4,3
6.148282786304084,4.063270660170422,2.7880347355182127,5,4,3
0.41089808553132173,0.12327165450403899,1.0302507747910101,0,0,2
6.832533707970499,4.778344122360304,1.9476688805546796,10,6,3
1.60796642751433,1.9102350830120398,0.8155013782738268,1,3,1
5.056672965820118,2.7855085521320526,1.5147028551963304,8,4,3
4.203964676794234,1.9257852994679072,1.3644191585982028,0,4,1
6.778530834237166,5.291091692432719,2.6100020666874655,8,4,3
0.07278086377374088,0.06843603003954504,0.7277086498053305,0,0,0
6.020572625211371,3.2355238616571302,1.4363962759479019,14,2,3
0.3474108001319148,0.12774006041095862,0.9090924605606877,6,2,2
4.237443167648431,2.8812003573042206,1.788580237821554,11,6,3
3.2862297519376513,2.3993241035955717,1.2492180671500475,1,0,1
0.28545284004562815,0.12238934757023807,0.41747783136230643,5,0,2
4.330504344250559,3.047141081424718,2.2009023261969443,4,2,3
0.2881619744469795,0.14164979592320615,0.7868705230180748,5,0,2
0.3816259719382653,0.15610160767750733,0.7074237736937302,3,1,2
3.987751229587049,4.158186963144049,2.7728870214462242,8,6,3
4.436212508633517,3.1253631414912677,2.2771019683632203,11,3,3
6.046054535942792,1.5129699215408892,1.577274524763131,1,2,1
4.779102910084788,3.060592044427912,0.9897601710579007,13,4,3
0.35481655589512323,0.08821176314873211,0.8547478755014977,2,0,2
0.09752681451737835,0.06412157827630263,0.5358344511076003,0,0,0
0.29914271076128995,0.04761004781989351,0.4947471420643173,5,1,2
4.537005324369159,2.096835009174084,2.2943652640671264,1,4,1
0.3406343119179219,0.16170433724611172,0.8556093944568608,1,0,2
0.06150133844706791,0.0535695332777078,0.5642301235011176,0,0,0
0.12504222374722285,3.877965014121437e-05,0.616337605516355,0,0,0
4.972876738503782,3.0301608951410657,1.5669626871345208,10,7,3
5.2097328412493775,4.388649768514404,2.1682882845401297,10,5,3
2.6543106885534775,2.799323796795555,1.6755210607375117,1,2,1
0.33365175664517027,0.17601059283462897,0.7431307285051315,3,0,2
0.06632546878780657,0.11486185939189467,0.5012223548415169,0,0,0
5.264825883791736,1.4347397719835193,1.1352468051523894,2,5,1
5.015829414666637,4.489467809024824,1.6367610921270774,8,1,3
0.4449339756460838,0.11543814105183763,0.5883740564145401,3,2,2
2.0160209405325826,1.976919028015014,1.2171109882650708,2,2,1
3.8343747468732987,2.0372033359630737,1.6523798009886048,2,3,1
1.6174792485325362,1.8250686684617814,1.4220966109477413,2,3,1
0.2545266113042527,0.03845009062473692,0.7053951069640398,7,0,2
0.3622427379527763,0.0554901962021567,0.8016098495945655,5,1,2
0.11540252697520512,0.022861288606008497,0.45710192826275803,0,0,0
2.188456033962999,1.6595455854321526,1.301553634415544,2,1,1
0.011070620799674163,0.02633887630531222,0.5873989751006883,0,0,0
4.159849612104565,1.7837994063610192,1.1338757367566745,1,0,1
3.042315438320922,1.1579979911019178,1.8050492667038553,1,2,1
0.10509281476309934,0.060464463714740666,0.43474717067833546,0,0,0
3.986022283797931,1.6629017685837324,2.4299760080218267,6,1,3
6.735041453204614,2.2759071114077534,0.9808421085962504,9,3,3
3.571420832581093,1.3920310910120492,1.599900638834712,2,2,1
0.1900255590755427,0.022242628990883962,0.5310472754180752,0,0,0
2.60616677936091,2.014282881388793,1.3038308717304106,0,3,1
3.5052052618949463,1.2564228821451144,0.7289557354258942,1,2,1
6.7998964280155025,3.410143685550434,2.3797281390339613,5,4,3
0.3786570643389999,0.0624091156855965,1.0299563825276912,3,1,2
0.2135346428902198,0.027656270765859955,0.5391127876932726,0,0,0
6.559400305644951,2.9466511240000948,1.668515428671637,7,5,3
4.2260359992293335,1.421033150134347,1.6843641712952604,2,4,1
0.16500188829782889,0.0,0.8179466074088707,7,1,2
1.94897381801668,1.308070490502077,1.595933412338046,1,2,1
0.5150388392817886,0.15559440424735899,0.6059042912938087,3,1,2
3.3203696272744847,1.8570638725104396,1.7044981954192318,1,2,1
0.29282884836245904,0.0,0.9376035441329329,3,0,2
5.103866067267866,1.9029599338334526,1.378484714116334,2,4,1
4.039950900755103,0.5158157848820739,1.6171452881623005,0,1,1
4.249698021444869,1.8594884013619728,1.5754763753996535,2,2,1
0.3494204526394534,0.08875043229544163,1.2335448241239257,4,2,2
1.117237647926935,2.055167716579688,1.3571969999937445,2,3,1
2.6445173040744185,1.9270777835139052,1.299852134980102,0,3,1
3.870867792471025,1.5546519573688613,1.4031766341829972,0,4,1
0.3094761075861996,0.10703678632134835,0.6812092962625671,2,0,2
2.247425913637973,3.2897066571931077,2.290509468608529,8,7,3
5.0894412835616984,1.564204764465786,1.2603445367948112,0,3,1
0.07489728878236945,0.06778074244559784,0.5441746736377557,0,0,0
4.649987206470233,2.904984054776013,2.1972116214260455,14,6,3
2.973517645205077,1.7137069759367365,1.819030716560238,0,3,1
4.108984446492435,2.169891511069615,1.4980151267539537,0,2,1
0.4724700054166511,0.13707075473310526,0.49651192707855424,10,0,2
0.4455240302149749,0.033718204521359305,0.8277007688864197,2,1,2
6.996599480377073,4.588911649104912,1.9694002978082439,12,2,3
0.44941959514491625,0.1587236000617354,0.9028728399093511,9,1,2
0.1424551055371572,0.02898753356344398,0.4526354542348809,0,0,0
0.0595198240039177,0.036274417284898317,0.35237374559982204,0,0,0
0.10219057359895549,0.059937471810151945,0.3573981882879548,0,0,0
5.6711928610624955,2.3820791499659473,1.044615265515989,1,5,1
0.8419255503518777,4.181494294562478,1.9713782983773418,7,4,3
0.288566890094066,0.1953631754602146,0.8942286162797736,5,1,2
3.5167008672675504,2.7459715295808205,1.2409204821804547,1,1,1
3.7091389659059963,4.437483833880449,2.144018206259072,14,6,3
4.780050165761111,2.939531018659346,2.042285574561059,3,5,3
3.955646910088595,2.326946305135512,2.0513826089976828,3,0,1
2.9346500474989057,2.036172608659591,1.540103651471287,2,2,1
0.41388262397712994,0.11280660468295858,0.6342285982038316,6,0,2
0.08883988726825975,0.06274649366046145,0.5309726779136003,0,0,0
0.17752502464070385,0.022683516891691225,0.30953253065345365,0,0,0
0.19021740548933716,0.030142679978289094,0.5139651674215897,0,0,0
0.242271214939733,0.12128972370236221,1.0570570424756756,5,0,2
0.031702214439973286,0.05297753607835382,0.6178865937036939,0,0,0
0.20584433188203288,0.10554555367048028,0.9469690386258914,5,0,2
0.4451657301518739,0.054857792048210674,0.7409692049760322,3,0,2
0.15485763558768478,0.060619513239281816,0.3982088509522841,0,0,0
0.1357000247046046,0.05632311914365557,0.3044951229681717,0,0,0
4.505842026292965,0.970597305192427,2.452641358681904,15,3,3
0.03367639358444585,0.07585490579036414,0.4752119880921337,0,0,0
1.9236910032287544,1.6259952566997324,1.5430892501964593,0,1,1
3.7208417702903525,1.6963384772645425,1.5340564489433826,0,3,1
0.3198677867119553,0.07782752811746135,0.8224037588393774,3,0,2
0.07275404565955251,0.08334448223102275,0.5856737421470458,0,0,0
0.10554612948549331,0.05965375774418426,0.3765488001577604,0,0,0
7.9302258992466115,5.234999917758004,2.901171212834741,3,6,3
0.06590078760011008,0.039293665748646824,0.5518793017451721,0,0,0
3.758887515712706,1.8146147016697451,1.4361930797084643,4,3,1
0.12931820093775467,0.058563724956211524,0.45387329495016926,1,0,0
5.744752990800557,4.4398494198411855,2.1113554031564497,8,4,3
0.35617634898810563,0.17693886455340946,0.6801055112710892,6,0,2
5.9079358379377505,4.720830241247814,2.024712311800917,9,6,3
2.725730077595945,2.09868630271983,1.0954717461657058,3,0,1
0.291444431682389,0.09629413637939474,0.8394570582397162,6,1,2
4.09035966899226,2.6588209018694364,1.727349684113277,8,3,3
4.698225393201287,2.174873907623991,1.4418949019866858,1,1,1
0.0941473911166752,0.18319440362042352,1.1576918754267518,4,0,2
3.8720814786673863,2.0089849575082352,1.0854111645038986,1,1,1
0.4505507148549197,0.08309007916820864,0.8050685758937702,9,1,2
4.518089549965604,3.1899176352790537,2.6173322364225236,9,3,3
4.430533319324591,1.068568206774382,1.1928796664166545,2,1,1
2.786371106795533,1.5505630945613351,1.9006359185105228,4,2,1
0.10350260815565908,0.03820215364488785,0.3432011734439733,0,0,0
0.12466589504404446,0.03237863326677416,0.5570421173360796,0,0,0
5.002159322606427,4.931579598531859,1.7614095019916214,6,2,3
0.2557919014196238,0.09297347360778109,0.9239061718727497,5,2,2
6.255009069117173,4.388408770377036,2.5579630177419483,4,6,3
4.196284823236585,2.179815862435797,2.4743453416237635,13,4,3
0.23189903272260295,0.07333170411253429,0.8762023352491014,8,0,2
2.9612151621526115,2.0865338242852767,2.0572772629948997,2,2,1
4.642244584717529,5.381719860548216,0.973695429530496,7,6,3
0.05412485894928682,0.05315948624502904,0.5400000005613567,0,0,0
0.20121548116434262,0.06902612488598966,0.4918105620427507,1,0,0
3.7007385407583895,1.9385155266828153,1.0739094659787916,2,1,1
4.586309452639152,4.290138313471406,2.110303354508751,8,4,3
0.24472299867733704,0.03957424165892599,0.9406098609372053,5,0,2
0.2677061992939326,0.029162168011272846,0.5268746387432481,4,0,2
0.06019870715982555,0.05252535472468137,0.6572398210270327,0,0,0
6.1859508071139,3.039348467145716,2.733832159010163,8,3,3
0.14875598667088757,0.04513232041249964,0.42282591854032175,0,0,0
0.20889830100124007,0.11254904345355812,0.6289533399130991,5,0,2
0.152682089830392,0.07116236650174301,0.36440296551400364,0,0,0
0.0,0.07841008574542127,0.3822238542008642,0,0,0
0.03502093815362012,0.04006936529036062,0.4624499959924429,0,0,0
4.524774112281728,1.8476886758226323,1.5795771070741207,2,2,1
2.453078249893094,1.3070366670148768,1.1147405367266519,2,3,1
0.2966705991868497,0.05438418763406808,0.9439582843664318,3,1,2
0.09722076645447725,0.04433722206512466,0.6766511800327634,0,0,0
0.3213992893123763,0.12202834517455942,0.746207588054958,6,2,2
0.31577473966857716,0.046566361646660406,0.9047826642110215,0,2,2
3.8871167074619137,3.867407784569904,2.2368273005911354,8,9,3
4.083785892666732,3.793449629641253,2.3563639237298224,5,2,3
0.0703767870423553,0.05395833334684151,0.48109857023175256,0,0,0
6.5432586827982515,4.0690869196645,2.136801605185131,4,5,3
0.07258563517546995,0.07720231800360626,0.5058212727085056,0,0,0
0.20235663308112692,0.08618271774689339,1.0157327432022574,8,0,2
3.83112806386472,5.153701803243187,1.510233460166566,5,3,3
3.1152079763959293,2.0234681492076136,1.471091614323533,2,8,1
0.019616948644097063,0.06385538063697721,0.6187077678741756,0,0,0
0.4130674797854511,0.11146959703749855,0.7025861176044212,4,0,2
0.2413821366101681,0.1090009569707321,0.9628847943375002,5,1,2
0.261560680903315,0.1663596551823071,0.6777371323695853,9,0,2
6.863801581412284,4.250529431279597,1.8952369751901241,4,4,3
4.487861582406509,2.1594187016902127,1.8247136133970328,1,3,1
0.17502226835804918,0.11729075970757659,0.6139247242441089,2,0,2
0.14409125563185818,0.20519554792111142,0.8674932774172222,5,1,2
0.2528545786841798,0.1957872325910239,1.0441443044888221,4,0,2
3.825259498229582,1.7242421349485098,1.3537366330780223,1,2,1
0.21211910708340903,0.086624409968158,0.8133764308843643,0,0,2
0.33578645563429393,0.14471245034839894,1.0640342152614695,9,0,2
0.3012246940973342,0.2801207512105265,0.3630403996344681,6,1,2
3.3533682259563977,2.4217751456110603,1.1611543267213789,1,4,1
0.11595872552095902,0.08018262026809102,0.3901083745271806,0,0,0
0.26237385919438694,0.12552283653956256,1.056693765798744,4,0,2
4.09087756137488,4.4088366805808015,1.6335781412834194,7,4,3
3.2321436202683707,3.9640529573748666,2.1523331904388674,9,3,3
0.36858752327081284,0.0,0.6708006841492156,2,3,2
0.22866799016249303,0.029229123583120555,0.41241575935048896,0,0,0
0.41222297939402996,0.10336756488903905,0.30453132141249956,5,0,2
0.22577323092077234,0.211906596021356,0.7541750745980531,2,0,2
2.0378895448045853,3.083479633623483,1.4131529758699142,0,3,1
0.1042659071282512,0.047707183289872154,0.43740839823153976,0,0,0
0.30109753573389797,0.12499308052364339,0.616871405352932,2,0,2
5.089147301636457,2.1291013673505685,1.5295578074716163,0,0,1
4.061573470571105,2.6833733683471985,1.1272307991600883,0,0,1
7.113161534015416,4.64192013599065,0.9998179495728512,10,5,3
3.6434059610713043,1.3633936130433013,0.9911051294651334,1,5,1
2.2972207889339344,4.094612166815061,1.6271041745796857,5,8,3
0.0665927957230503,0.05415206702801252,0.49608378845572404,0,0,0
3.313563584178446,2.2005691306321147,1.5234233141687967,2,3,1
0.061444585693417625,0.05120281281274107,0.8944479155287737,6,0,2
0.10733965059927747,0.01508585134280696,0.35662699751897714,1,0,0
2.783698455535889,3.7684578262102657,0.9074655393565161,7,2,3
7.284448598694687,5.012244889127574,1.3682774250084977,5,5,3
0.3964899869027385,0.11412768253712498,0.5789194950078232,2,0,2
0.18206752015525143,0.11693519299701854,0.840625265530111,4,2,2
7.767139152888104,4.115440944632744,2.1136009151908577,2,2,3
3.634936217838704,4.132494758805842,1.9418291672117682,6,5,3
0.347522958150663,0.060416684728481815,0.4289098197553365,8,0,2
0.13120599085260776,0.06902898554116174,0.5475588435928582,0,0,0
0.46601063785473107,1.8685125429921479,2.028450568047601,3,2,1
2.910840200004179,3.125243927916747,1.8097654953222995,5,6,3
0.35574710623736894,0.02685425565109606,0.8910603806955085,5,1,2
0.07816401319797023,0.09776743985740877,0.44086052701619527,0,0,0
0.15608775105916117,0.16901597872898755,0.7843160943818654,2,2,2
4.282220070041168,3.187653739727858,2.1733830358506667,7,6,3
3.137386144288441,4.539755714277184,2.9322592193875323,9,1,3
0.38117183992815745,0.1315902138598327,0.7988460567145461,4,0,2
0.12648463771783655,0.05538589505161468,0.49923110042786306,0,0,0
0.08845327348956611,0.04778669262885341,0.6447796418457866,0,0,0
0.11654401161072286,0.038281446533644896,0.44303010370742685,0,0,0
4.480469029905789,4.53922497251585,1.4061451267873024,13,9,3
5.677320381042222,3.071722409271824,1.7479955392297295,3,3,1
0.14451915817598932,0.011773662166749924,0.5241802071555749,0,0,0
5.18076571338819,2.0674697650816247,1.140491535900271,2,1,1
0.12035261435622677,0.07107783104591767,0.3048397087117113,1,0,0
4.01033538959091,3.7502195782054835,1.7165174407944366,7,4,3
0.13431592284783506,0.06402989563849429,0.40030683735978734,0,0,0
0.21262179026721545,0.008270446832578306,0.4081980938361035,0,0,0
2.046768969570435,4.117464236176753,1.799560803819289,9,2,3
3.7054864275600203,2.3766067232080785,1.7882220035472107,1,3,1
4.802928421945811,2.7540414250720104,1.9084614608544335,2,1,1
0.5338810226501858,3.8256850808555,2.12961328363776,6,7,3
0.31095832275774205,0.1012018039143153,0.8004814435876586,4,3,2
5.575771490454986,3.561214008631771,1.2660609451622746,7,3,3
0.413779747158208,0.05772945088942538,0.827528328091272,2,1,2
0.09642003740709666,0.026273271457802914,0.5724491060381728,0,0,0
3.5004442299482403,3.1159171555678657,2.580780410191798,11,1,3
5.412812813273154,3.712291693331619,2.043860655306305,5,3,3
0.16032544832541784,0.09542899490845592,0.5037541841486821,0,0,0
3.6373413245651047,0.6085197838283898,1.5526095721966002,3,3,1
4.093054050283021,2.1745061343140395,0.9831832555303934,1,1,1
0.32889248614419436,0.12908063756295401,0.912337758473209,2,1,2
4.022455841809315,4.665107796668289,1.7336288190616451,8,3,3
0.38157743533853583,0.15390550694210553,0.7041776690829146,6,0,2
0.36510338582819996,0.12482869435913149,0.8269748316559279,6,0,2
0.31964510810436586,0.06408255701513604,0.6103220890024339,2,2,2
3.9294649791600365,2.7891947434791255,1.8716953055273917,12,4,3
0.05957531985534062,0.07192938467621768,0.5956295002091346,0,0,0
4.006587671697275,1.8420180243236508,1.1602178128436238,3,3,1
0.08484101085828623,0.06008966512766034,0.43195059522359525,0,0,0
0.11193945795132568,0.031637460331668504,0.34521984436909686,0,0,0
3.9259109671014114,1.9758401606328277,1.5847057991938958,1,3,1
0.3960531572812438,0.04769279996211631,1.0145279098402415,1,0,2
4.007037966609732,3.0497355043429812,1.6645568054967637,8,1,3
2.908784380757626,1.8437112873026547,1.4337496523888753,1,1,1
0.24897593782286714,0.13366373608728757,0.8523199913240129,6,0,2
5.205135517182509,4.334047560803324,1.416172554311352,8,3,3
0.28533929447776746,0.07023463882839258,1.1200015279578706,5,1,2
0.11334323171696042,0.1698453766032843,0.6163600694718827,7,1,2
5.5635169311255535,2.9095609503315325,1.6630587792110478,15,1,3
3.587357425260264,2.8199783409143304,1.0160949559269092,1,2,1
0.10932271573847138,0.05684675668979243,0.6202576505225228,0,0,0
0.1405698277245796,0.05535687275732667,0.31249926125280636,0,0,0
0.16868292725814787,0.07070886832833889,0.2615094491049418,0,0,0
0.4238902231278342,0.17562491337544367,0.6648963243635052,4,1,2
0.3526099945494662,0.04025310870246997,0.9928214914320475,5,2,2
3.0198377168069555,2.072015450989613,1.3660804503553452,2,2,1
2.8992520693614323,0.7849388121363219,1.9673037815466727,2,2,1
0.3797016704833873,0.07441780725427087,0.6655541052078054,9,0,2
0.33210211625454383,0.15154235402468724,0.9023793339534341,9,0,2
3.5699655140682602,4.601636529753902,2.686105983507,10,4,3
0.1864780875321485,0.10607414050358188,0.6437778670816487,1,1,2
0.32571629441701616,0.14367433936957175,0.631574055587915,3,0,2
0.15931775882215934,0.03014505335847556,0.5131469182077202,5,1,2
0.07841898436409758,0.04314242276884872,0.4450210640361967,1,0,0
0.9474598479792502,2.0749975449538693,1.455335161193735,2,3,1
0.23029051492373137,0.08848786642637008,0.8908315810383712,3,0,2
3.8162737802597135,2.0199533472598805,1.6698532172310516,1,2,1
3.9445919950731287,2.837959393804688,1.394797981902421,3,3,1
0.05888898022167843,0.055912489774941905,0.3946164504635654,0,0,0
4.635404026936132,4.170779328833332,2.6007707057012253,3,3,3
0.11335633255057417,0.03739950040932211,0.4089675658071716,0,0,0
0.09981987304547159,0.029788035601421733,0.6590403568573638,0,0,0
0.3157983777772834,0.14257054209770742,0.598198868294969,3,0,2
0.48229226161542993,0.0650705229230569,0.6584136720544604,6,0,2
0.0898903673783053,0.039009194508089304,0.4021259163690234,0,0,0
0.24280951077545168,0.07258987554254848,0.7552984497005883,3,1,2
0.2822491474510809,0.009463934741648639,0.8351449426069993,8,2,2
4.436193985641623,2.8911349374451216,2.2897666629210525,9,4,3
0.2735679044149659,0.14805126061992135,0.6769274562467801,7,1,2
4.8000462021533545,4.574569731877357,2.2082657855944094,8,5,3
0.031656065079228954,0.04700118561841782,0.3830519370796983,0,0,0
0.0981481601475794,0.0306682421802937,0.5324036442706533,0,0,0
3.8254851123246176,1.7349552069975651,1.8227802368102397,1,2,1
0.42850775889968107,0.11654453902438669,1.0421438407464338,2,0,2
0.12580891435574793,0.03844158446334579,0.7091094272732477,0,0,0
2.5737608874114493,1.4779064105679884,1.3148146292234344,2,2,1
3.015371435399919,2.462983064926115,1.8488707717632418,3,2,1
4.581316957768537,2.1020769359980136,1.6380136172650668,3,5,1
0.2590698111766038,0.08450546366198305,0.2664483131445795,4,0,2
0.08074588597918418,0.0124015122972191,0.5351165467627084,0,0,0
4.508415969942991,1.7389828550791218,1.1622147311593818,2,5,1
0.08745834917724764,0.03526459728104756,0.5181989882622797,0,0,0
3.2144583746927764,0.7646683585602996,2.238904106632507,3,2,1
4.697178531461913,1.9307494890300232,1.275834807453977,2,3,1
3.5029259666794377,2.0826923845119314,1.4976214237639889,1,5,1
0.24215837623217978,0.03482945859822073,0.8624134098177151,6,0,2
0.22464997587163954,0.041751723635670396,0.6466782556898976,0,0,0
4.600951854207165,4.401764846721028,1.2817888538164446,11,1,3
5.233736684287909,2.942159447785696,1.6302089441508463,4,6,3
0.01932193010616294,0.020461501449361975,0.6274428426687582,0,0,0
4.764944558853566,3.1729666151979194,3.2673395503582157,5,4,3
6.112410967259764,3.439075375319722,2.173474036488438,11,8,3
0.10321400095477315,0.07022926070816712,0.45711520743939266,0,0,0
0.09772069918222512,0.04224600167182878,0.3333236593210802,0,0,0
2.95870090503776,2.5440462316042947,2.0232030702227197,3,2,1
6.779759884594299,3.0248592791550335,2.300172913550788,11,3,3
1.9610446688556689,2.9114350755203686,3.2221514852641695,9,6,3
0.1851107472317619,0.03331436379930751,0.5970175082567859,0,0,0
0.15563441874949627,0.022988880713140338,0.44447195030946707,0,0,0
3.3646657660768904,1.8886258934239895,1.7628137330015785,2,1,1
0.2001634693650725,0.13945928678814504,0.6467447593186086,3,0,2
3.002630466859737,1.3633722740965704,1.5930527481548515,2,0,1
9.08851413607549,3.4940648853231053,1.497790199592767,12,1,3
1.9597346598825331,4.441747120358986,2.3896040175820668,8,6,3
0.3765504083780832,0.12167845024098983,0.6690674052658919,4,2,2
3.398639155780527,5.596292146377711,2.1519966323860307,3,5,3
0.29254064148448317,0.05019483318051604,0.6514472245178203,3,0,2
0.2709536824338735,0.11163682788376601,1.069377200805697,10,1,2
0.14595382414938843,0.04671329588229218,0.40708636594902414,0,0,0
0.1076862552972764,0.02375561613137188,0.46631048732148617,0,0,0
0.2535781603679277,0.14597968400956657,0.8925596190523698,2,1,2
3.9613307130354216,2.9160598037886505,1.6651720781104793,2,6,1
0.21622500475960588,0.13862000710656877,0.8123945147931895,4,0,2
3.7398035699843324,5.3005038465024255,1.6843812467349377,8,2,3
4.676374112679637,4.0272353654744855,1.3634806809024513,4,3,3
0.1751311672337772,0.12935380339236213,0.740149548823324,5,0,2
5.38578877823487,4.3837289833661215,1.8866489381350986,6,3,3
4.028036004547964,1.4092167104487938,1.644343767229556,2,2,1
4.476506589063165,2.5208664263272986,1.3118890472550466,0,2,1
5.295492702172424,5.729634147069473,1.2824696281734678,6,8,3
5.527621253415205,4.268067594480909,1.972136266525233,6,5,3
4.424721805513421,2.4976514502646117,1.4768459171658912,0,1,1
4.49143117648514,4.7937394535945765,1.9759239222357945,6,4,3
5.442731792370926,4.102330496798984,1.4575750606791016,11,5,3
0.10065009459389536,0.056993000945993876,0.36984120171966683,0,0,0
6.282975185656335,4.8104450469777165,3.0387324678277308,10,6,3
0.131417275463214,0.04266985959263896,0.32531043086544453,0,0,0
0.11287751953613823,0.06794132393774265,0.39263113410822476,0,0,0
4.1779699708965286,1.996832929767372,1.3309340456253898,1,0,1
7.1596014417468705,3.7937474204151727,1.9031105884226394,10,5,3
4.833998185876926,2.2637193259299986,1.8272937082858396,2,3,1
3.4995212819314947,2.0716433359410127,2.142291088899106,2,2,1
0.2498755500715338,0.11930464784767353,0.830820961299261,8,0,2
5.098110895751759,2.353477504960271,1.2075347086082875,1,3,1
0.10575130395737087,0.04139381360090716,0.4546108583846872,0,0,0
3.5567066488392656,1.743753304559549,1.2991931711249116,0,2,1
0.26430417977736753,0.039320505483194414,0.891355176814056,7,1,2
0.34013213737267123,0.08453698889892196,1.1120075315781652,3,1,2
6.9586864847987275,2.8461898075114966,1.0843907263379384,8,4,3
0.16041831152965713,0.04359404390926716,0.6181890042558894,0,0,0
0.37357930539797146,0.11340167698069835,1.1121906051245531,9,0,2
2.36501166283906,4.01681573452624,2.8798303269547887,8,3,3
6.2886603461185215,3.298232898387832,1.5754110525834821,7,6,3
2.4585470482251814,2.735700174083261,1.3479887471369285,3,2,1
3.8947283178014165,3.721496826267427,2.308895508515189,6,4,3
0.4285028827347658,0.10043863875940721,0.9736673788574778,3,1,2
3.875359696144473,1.6818715825069819,1.5000481522221254,1,1,1
3.8589175837406593,1.3768032507304189,0.9611170299667393,2,6,1
0.33758203257384417,0.23196030523249705,0.7020730841506073,6,0,2
5.087400602415537,2.5135351503220695,1.3790055698034878,2,2,1
0.2082501172450542,0.033101171228130076,0.5331470896330895,0,0,0
0.024763981298449894,0.07318762086601044,0.5057864047426757,0,0,0
0.08461108825234996,0.036501319624188955,0.5505735432472799,0,0,0
5.804724001976,3.1681558782815706,1.2802989418270205,10,4,3
2.3912351045950047,2.112585466113468,2.202090064757094,1,2,1
2.723305947027856,2.1692365526560557,1.3282574928565227,3,4,1
0.051273534766467926,0.027478920781778996,0.4709546083772211,0,0,0
0.17668638549582497,0.016306648455472264,0.5764213203338855,0,0,0
0.3075839002847962,0.12300485991746221,1.096979366082079,6,1,2
7.0112549895272505,3.8754646989402253,2.365522898201627,11,6,3
5.301415783592509,3.3831043468157325,2.115404470401042,6,4,3
0.058655982298007,0.053896846805402764,0.4252544346041788,0,0,0
7.584481522843273,2.7747878031467663,1.9980514559533915,7,3,3
0.3909117927598009,0.1148142264654563,0.57417678877652,7,0,2
5.269913067655593,1.9433226029463502,1.4575246742116985,0,4,1
6.797999393390999,4.865936503106555,0.5385410471466798,7,6,3
0.3706742596955348,0.1395535493056792,0.7899391207584826,9,0,2
0.11708779878885797,0.03947504286965158,0.6351015752487,0,0,0
0.05353255153307279,0.04144367179815707,0.769310289511772,2,0,2
0.05141929807446743,0.06421098204595571,0.3714408999243972,0,0,0
3.743890941620451,2.5285295056782884,2.347250102820819,5,2,1
0.12527350795833136,0.032430523973158806,0.4017675727723224,0,0,0
3.202050635186777,2.2997893139068766,1.777194803736045,2,2,1
3.416866474278506,2.0102508646838344,1.6653379812260867,2,6,1
5.065766095074017,5.594769755960421,1.0475775534602527,11,4,3
3.2412355881276214,2.85377444466088,1.8577818614931947,2,2,1
1.939829174870056,1.8293477426699705,1.7087237377417928,1,0,1
4.965835978602963,2.9700783159175312,1.3174688875826575,5,1,1
0.16551543730598042,0.06988894751017816,0.3652746082418651,0,0,0
5.274346414708596,4.144058578386258,1.3847788821609397,10,4,3
6.391281814998833,3.666349188023637,1.154426398778542,4,3,3
0.10682676655413688,0.011839957257533854,0.43353489024979375,0,0,0
6.373876401327217,3.6924801212093508,1.6426089120241056,8,2,3
2.1550722129348276,2.6491672448877086,1.7622720507699725,2,2,1
0.06618038489703651,0.04176353262072686,0.5851124098380238,0,0,0
4.834506133337838,1.8361832813450196,1.567379843012478,0,1,1
0.1492161199238292,0.060055688537903884,0.3772320035543943,0,0,0
0.31348892064273154,0.1055500511895764,0.9292360097006362,4,0,2
0.3405294110493092,0.19379553612956157,0.8481784116959726,4,0,2
0.08389692418971623,0.06882621161534967,0.572894119457045,0,0,0
0.09038195176094388,0.06197588779123821,0.48658197893230754,0,0,0
5.640009398294036,5.783177480934711,1.9660953662603666,11,2,3
0.07932674194383621,0.03637239529860853,0.5572445306155102,0,0,0
4.150667628792086,1.1034232487729247,1.3085909503042876,2,3,1
2.9036753109080795,2.252046915971971,1.7615533709622273,1,4,1
3.7581289717651343,4.479659236016688,1.952505739583717,10,4,3
0.15400240328573245,0.028089612223088756,0.29504854838116745,1,0,0
4.063673654270156,1.9764707296128068,1.1124577638998652,2,1,1
0.1339798874467338,0.040293883292642635,0.5957932055215684,0,0,0
3.459795265463621,2.673336500700573,1.62629183475944,2,2,1
3.8491591005882473,3.8254054378381124,2.4806446128489252,7,3,3
0.553371082913013,0.126980594932683,1.0960619201323865,4,1,2
2.7987504555959237,2.2211510780676704,1.9305196236006334,0,1,1
5.786053978969656,3.6838032940035403,0.500783861836491,3,4,3
7.893018205958977,4.681162521854728,1.6766489363911479,9,6,3
2.804319255833485,2.85048575970825,1.4995284577880417,3,1,1
0.14147027905917448,0.035339340089520214,0.40200744252177556,0,0,0
5.293361961393226,4.331377407319854,1.7275246431328248,6,4,3
0.12862913906780793,0.04286653731640258,0.38297192936032254,0,0,0
2.911981480963033,2.5191930185798164,1.1050290621338354,2,4,1
2.9255147660978293,3.493831544485243,2.4828046601275653,8,6,3
0.14448153978117187,0.03035392839245371,0.5176150451887692,0,0,0
0.08652965827777212,0.03221518343543352,0.5107057452992296,0,0,0
0.08857000423299907,0.0729205515002683,0.6753194802065585,0,0,0
0.2763171957197703,0.10753171701592214,0.4290845650867257,6,0,2
4.035378184277515,4.789373529935132,1.3891934007865367,15,5,3
3.8850551679378342,1.0822147615645625,1.2858141263521339,1,2,1
0.09669336926870889,0.07368513290392346,0.6555198534147342,0,0,0
5.407490672553268,2.797380994521932,0.7706636508085116,0,4,1
7.118884313564394,5.399858943203188,1.8838651432763933,11,6,3
0.23985575388569144,0.06455876178780523,0.6116472728385481,6,2,2
1.4624576398973819,3.4882721930442258,2.3941887621628135,8,6,3
1.9968449304003981,1.406434833858338,1.3842200620453307,2,3,1
3.172204944122537,2.39834208004581,1.907931567998494,1,2,1
4.634768614866765,1.5304734281490147,1.5399499468088116,0,2,1
0.24986326844344633,0.11859309579650679,0.6357221252901983,3,0,2
2.541711988340635,2.9534582365115902,1.6043293396827552,4,2,3
0.1338937659765454,0.05421336930406222,0.42336774752185735,0,0,0
0.4068496173781111,0.10636903172336358,0.6618014374320218,9,0,2
0.1359878971074091,0.06332539344087046,0.5813280406064593,0,0,0
0.07256375461295193,0.08896685289579626,0.6871074482308114,0,0,0
3.533992390448412,4.465808154185463,1.4731838749848754,10,3,3
0.12854452553465837,0.033631426681159975,0.5107169915259596,0,0,0
3.5281668597658826,3.0265805590841377,1.3801063612125433,11,1,3
0.06913734067265384,0.032511287033201636,0.6243428278102925,0,0,0
5.06235450937323,1.3675555779486457,1.346568741365238,2,2,1
4.52732544237676,5.6319862079407965,1.38785513016215,7,3,3
0.27941549636212776,0.1308185534436422,0.9487216669775336,6,0,2
0.08417957751525991,0.03480593765039426,0.3918085631286867,0,0,0
0.41752144703007016,0.07495744293842384,0.5778421632687398,10,0,2
5.602671213388336,3.7172540538942394,2.8522248090577658,6,2,3
0.11126539610204708,0.04080470768339048,0.4549005982970691,0,0,0
0.13720959857499684,0.050524095055480715,0.4795870231127284,0,0,0
0.3780323590302844,0.01706009515239902,0.4508788928971671,6,1,2
0.32421524073225105,0.10573674371324954,1.0219327327202903,10,0,2
0.14816880646221608,0.059264125841982464,0.5794600382945212,0,0,0
2.968068491707908,1.6905055985761588,1.4866117130800673,1,1,1
0.42983700044467543,0.08484816180065058,0.8297500174368312,3,0,2
0.3953787847087715,0.020393383293100878,0.808350297597892,2,0,2
4.979272663309932,3.2221610701185317,1.5817189215138339,2,3,3
0.13481937237283578,0.0,0.6268583235647469,0,0,0
0.13909289915625064,0.023352892145108606,0.7841312505002687,8,0,2
0.304740355061146,0.1479754929880522,0.7491310455093784,4,0,2
7.475949091124548,5.575749352173486,1.7796323307673458,7,6,3
4.509585967891194,1.551029007179885,1.775755846103086,1,3,1
3.4645798593084907,0.9807767375589136,1.0229426030237105,2,2,1
0.17036550158632735,0.1621701719921566,0.732630180537259,6,0,2
3.6794141710488413,1.3375834721486828,1.301244856107978,1,3,1
4.2002098475187655,0.37483326190214705,1.8003978404398775,2,0,1
0.17749672025087698,0.07143086304469771,0.505022769916568,0,0,0
3.160016277648481,2.1746463861771037,1.407371462641985,6,3,1
5.942931339797452,2.7730791758513305,1.8595168074951265,7,4,3
0.3225898020748704,0.15234548704623577,0.8497382955036172,2,0,2
0.144344369504865,0.02005484709642711,0.4916910672256817,0,0,0
4.304942573637347,1.701506484477234,1.4451230104762227,2,2,1
0.4122848095049362,0.1197842977600033,0.7886794721270746,4,0,2
0.14960211747682614,0.017994577909925806,0.3559018365475081,0,0,0
0.31455694804397427,0.10498599230587735,0.9379204757418587,6,0,2
3.420150846512204,1.2078362110758014,1.8133579289454422,1,4,1
5.005717418080807,3.927917533039962,2.0330488699239457,4,5,3
0.4071376009750154,0.054693438332181384,0.8152059373297915,4,1,2
0.32866938544291485,0.1292325300202888,0.8301058092143243,4,0,2
6.20868723174871,3.331265683581451,1.5909607447793264,7,7,3
0.1399970950971025,0.018739313868574935,0.5614944639031378,0,0,0
0.13243549437948215,0.02228024115202004,0.6006730071227064,0,0,0
0.09596417099457089,0.07292881740801456,0.5738237230816162,0,0,0
0.23950382461786918,0.1176489287375722,0.5879933610852779,7,0,2
3.4013916009953227,2.297254501315735,1.761406102719305,0,5,1
0.06886502400897032,0.05362853240227943,0.591041849968557,1,0,0
3.201125974586294,5.573488084760808,1.847098057456226,7,2,3
2.372409048791237,2.0206634159385017,1.4247637178368104,0,6,1
6.084363575011305,5.138010315960208,1.8036833196139275,9,4,3
7.868539462874737,5.743665290214178,1.9715648230535507,4,1,3
3.0784176885597074,1.185872976142413,1.592602588216685,3,2,1
0.09782615250930689,0.07828374576662181,0.6029180436127968,0,0,0
0.3791023038693718,0.10242267477113742,0.8348743726116125,7,1,2
2.118230811432296,2.1352567377332,1.7196654219272984,1,5,1
3.399304127182823,2.2917024578990954,1.725383311542783,3,0,1
0.2630775116814502,0.06392426109570162,0.7076704508281886,5,1,2
0.34353942484799116,0.10506430665441584,1.021368122005104,2,1,2
5.17817992212487,1.9985424242926026,1.2322605096853028,3,3,1
3.430148131816357,2.2209544610821013,1.2151199267804986,2,4,1
0.3004489631233427,0.08147191235661674,1.0554086333000963,5,1,2
0.4593952592505445,0.1056550039124009,0.8771371853360996,3,1,2
3.3247365674864873,2.0105508160295877,1.2765849405382816,13,5,3
4.062910660285085,2.1456418328451283,1.4361064030349366,2,4,1
0.09906456217770514,0.06691605745125856,0.6349179048888706,0,0,0
0.2570253336556031,0.1330819250859824,0.4829597279658817,7,2,2
6.455396772178517,3.2923223638018904,1.9729820933106974,4,3,3
4.400954758879528,4.026807518948574,3.27210717586867,10,3,3
0.13052928726419116,0.06752911291005871,0.7098221474546746,0,0,0
3.7156687709336187,1.164013764103724,1.389500186988247,1,4,1
0.19562369017324155,0.09487268346692684,0.9664932284517658,1,0,2
0.36801006833429295,0.1556868757069344,1.0072799378082173,5,0,2
6.389967786425163,3.49988253229338,1.5672430007657836,10,5,3
5.091178372432822,4.959685568928044,1.4670856522594353,8,1,3
0.050082297963060456,0.04702061380465406,0.6444412195055087,0,0,0
0.2800988337255418,0.13623024892216773,0.783743189752428,1,0,2
0.3520002280675193,0.06636770775182205,0.4466942153160082,4,0,2
6.1761631604807565,3.5586265351744535,1.1530583502711416,9,5,3
3.488897162878116,4.539216255530237,2.406508495595962,11,1,3
0.34165918665041684,0.11969684069976338,1.0642742211333152,7,1,2
5.0745863577623425,1.6831800670447112,1.5289291138585512,3,2,1
3.1290688963923317,2.0767642286251755,1.4332304787685761,1,5,1
0.11620831762442212,0.057875945964325035,0.4806294620195038,0,0,0
0.3667495498713356,0.013371559880098596,0.6790924548578723,6,1,2
0.5011491112588922,0.04191197483125221,0.7848858884190083,6,1,2
0.275001461530649,0.09589837502272851,0.890979548640443,3,0,2
3.8899455993834366,1.5854282572782974,1.2074935845184458,1,1,1
1.5295195128365728,5.064681108206412,1.8749802957894608,6,5,3
0.38850433969165465,0.07034968245419887,0.6256219670583294,2,1,2
0.12367962153175908,0.0562261734688577,0.5453585523509219,0,0,0
0.11661570059897959,0.06371015477580408,0.4290568842671524,0,0,0
0.06770179104377325,0.07702145784826278,0.5912620322540441,0,0,0
0.16702252230115722,0.06211212465262626,0.5687426755126505,0,0,0
0.3230267730386103,0.15989509569617452,0.8991527024676397,4,1,2
0.4717444427797578,0.070615702315547,0.39870547699260134,8,0,2
1.7947923922239832,2.0525379856041477,1.2578166689968888,4,3,1
3.507350674919699,2.1898050282072403,1.3145903778281827,2,1,1
0.1486277224813365,0.06442270725091163,0.41639083297803736,0,0,0
0.14040288991405725,0.05839411216714532,0.4776527494763061,0,0,0
0.37529675122044903,0.16937491660014015,0.45520399409689133,7,0,2
2.4041608369960423,2.3027719912927913,1.4325241381333944,4,0,1
0.07181377235980127,0.04681909579199898,0.5770802219987972,0,0,0
5.315992623861482,3.707242650520962,2.379813588776909,7,6,3
0.03815246445609591,0.04258983802819942,0.4875714222837564,1,0,0
0.3059174194594229,0.12336888884230242,0.7079527325545866,4,2,2
0.1710854989821781,0.13423413438031748,0.7922670450641544,4,0,2
2.674834100254462,2.5243972198356204,1.5933785099002515,0,3,1
4.3226824265741435,1.7691274793269365,1.574877742822315,1,4,1
0.2323769258188046,0.11341455835817063,1.0167710441662874,5,1,2
0.30747922631858055,0.11530276830261366,0.3362678807126039,5,0,2
0.06742909981927758,0.03408885864118236,0.7178562173991662,0,0,0
0.20996530328882354,0.09493396577290335,0.7912504107955747,3,0,2
0.07485126147243285,0.08496274138241672,0.32193743270925107,1,0,0
2.8157578194847566,0.8475714137018557,0.9334429761853782,2,5,1
0.21168375899755212,0.11509266620163047,0.48677578328933385,8,2,2
0.05300601068363224,0.0,0.6768169293059784,0,0,0
0.05365347642109586,0.06259059168443622,0.625254073102923,0,0,0
2.4727481124948714,0.982048714947612,1.6486549572434688,1,2,1
2.575074184280726,1.9620506074601696,1.3686533631415043,3,1,1
0.1149646290203246,0.060725818190343804,0.6267960487103089,1,0,0
0.2568363565914062,0.10910415566186249,0.5556185080026927,2,0,2
3.461888399719069,3.351141877561285,1.3007853606535758,5,4,3
0.28240259453833794,0.09763825917184585,1.1341765225651776,6,0,2
0.10062962003908975,0.032266381554330856,0.4696373927101999,0,0,0
0.29799189711209867,0.1617614888996563,0.8402171318307523,5,1,2
3.3306711428849525,2.5745073480262,1.713798609638102,1,3,1
0.02372374145376306,0.047769823457141126,0.4398873447331153,0,0,0
3.0824122347325176,3.3266862585041,1.2444068021031236,8,2,3
6.290853149119379,3.4047838844656235,1.8277448062939368,6,4,3
0.28101363078365177,0.1418984420988718,0.901353814500895,5,0,2
4.229236129900479,2.0060982313700046,2.0725707759271956,6,7,3
0.29176107124478556,0.15248435095045978,0.756736058592444,6,1,2
0.09360412042596168,0.0552804016266734,0.6959837254744675,0,0,0
2.5723111740105984,3.4305754867404485,2.4507314988011966,7,1,3
5.787305537634941,3.4865331007947384,2.1109839872776197,7,5,3
0.18576179749605592,0.03620167152426765,0.5527514431500511,7,0,2
4.823042928700055,3.223224509551468,1.7930933532045292,3,5,3
0.18868767486281207,0.08451154107918611,0.9005450120810841,1,0,2
4.079052235842955,5.502815522347051,1.9175434956898372,5,6,3
3.3867265191298324,4.999613285307701,2.540535522644729,5,5,3
3.482072031750201,2.4882488513864445,1.6534815271107062,1,0,1
4.452391845186601,4.428984254878577,1.7207240231317198,6,5,3
0.3411965044543135,0.08224837945554339,1.060435947123842,4,1,2
0.15275871644149236,0.08822985443567916,0.5260939021230342,7,0,2
4.037179814541736,2.1762114571921574,1.3930372714071644,3,3,1
0.20665166873281335,0.04025594157610146,0.6618787639660868,1,0,0
3.6166617511695036,1.8380095746497114,1.3513053741361978,2,0,1
6.000038138620559,3.310733273442662,2.3838523405529544,16,6,3
2.4570717381912623,1.8957467845231248,1.5038703886704916,1,5,1
4.506511629431245,2.5201202121162547,1.6340270098454672,4,4,3
0.06457966165447687,0.030517563075672636,0.26495441473756387,0,0,0
0.475457259756306,0.0,0.6659645090860172,5,0,2
3.3399613264206556,1.2154504876533876,1.3322322606134367,1,1,1
7.241445800229328,3.679882376031302,2.5534023952370393,9,5,3
0.12649020889576415,0.03826937460872129,0.6223948753146005,0,0,0
4.569283706395183,1.9430616961321294,1.3363033816912246,1,4,1
5.155979420570507,2.9882770420936158,1.8638418638119534,7,2,3
0.3285406890753217,0.003080943045903811,0.4768054422511403,4,0,2
0.1928013613614891,0.13253228141835693,0.8303976317982205,4,0,2
0.020093782405812624,0.048345699522070136,0.5158093898576785,0,0,0
0.024845984912009095,0.06478360989403135,0.6121499211849928,0,0,0
0.38535519082398223,0.06919081972232795,0.9865147040670684,4,2,2
2.723821297972541,5.3522944008224815,2.7848400239276767,7,3,3
0.39148105363497,0.1468936128686515,0.8866133372959941,3,0,2
6.624766909870252,3.4099458932584774,2.628016484344618,6,4,3
4.536183213129309,3.0010377234559646,2.2668442464249794,7,5,3
0.18770563566639503,0.04057822044703773,0.7604287142348083,4,0,2
3.8876798790328464,1.6384634475439277,1.624613886751797,1,3,1
0.33595188815332383,0.1291137554862851,0.8718886487167457,4,0,2
0.11832991230484242,0.05170418899267802,0.36502269306187685,0,0,0
0.3553875900933227,0.1021150711042183,0.5988362678405175,5,0,2
0.12642110695614833,0.1848982759675688,1.1329293072867939,3,0,2
2.2039513071760717,1.8207287362186952,1.8887993011919368,1,5,1
0.29860263177702046,0.09115153328283894,0.6204313158414406,4,1,2
0.11069899553671111,0.028868847144794946,0.4251903935378353,0,0,0
0.030947769842311262,0.00828204244533326,0.6274440227848903,0,0,0
4.848693198645512,2.0462105736696183,1.6757975306936346,1,3,1
0.3100225229569567,0.18982029275798232,0.8035376129836799,1,0,2
4.025565356135027,4.679311180845046,1.820024171550916,8,3,3
4.5784430071099145,5.2735585863231424,1.631780168433465,8,3,3
0.332464790491986,0.09388780342057537,0.8835809023975343,9,0,2
3.977588819553005,1.8820099505665269,1.3866391638115947,1,5,1
0.12588295102345615,0.04654396525207072,0.3230949696260601,0,0,0
4.0910905313252215,1.706627619634994,1.8644652090549103,2,2,1
0.31724103410489013,0.11229502757341604,0.809791004891447,14,0,2
2.8764031196673607,2.4265551322248697,1.5603200970094175,0,8,1
5.378941965866107,4.058326178185517,1.7970190500551833,10,3,3
3.922628617192566,2.753264318156133,1.9434551806917004,3,4,1
0.29308153802671666,0.19367867875143102,0.819241808305395,4,1,2
1.4861752437189222,1.6370409570031108,0.9798698729975256,1,1,1
0.4167268538967427,0.16864400975228505,0.9139560024330875,7,0,2
2.967163731220076,2.024795913830793,1.3979940628129628,2,5,1
0.2248058378851345,0.12347271199187809,1.2466481059736456,7,0,2
2.665170089453327,1.2474670715481477,1.9095986244827463,0,1,1
0.1563025125386084,0.05961489159535968,0.4632215473428945,0,0,0
4.055180146831056,4.618037846258803,1.713498811767222,8,4,3
4.592537833608303,2.3711442537891516,1.6219626414800086,3,2,1
4.560800071805947,1.704325310100861,1.747063835952592,3,2,1
0.08650625323533144,0.07083449328117702,0.5409438530642252,0,0,0
